mod_rate,rename_rate,create_del_rate,event_count,concentration_gini,t1_write_rate,t1_mean_entropy,t1_entropy_std,t1_unlink_rate,t1_rename_rate,t1_mean_write_size,pid,label
1.910885061964363,0.04066184565347847,0.006503836687442643,44,0.07584598600864785,0.3650641260225801,3.5415273909998213,0.5834235995008827,0.10667533299177626,0.04365589720803382,3760.8902731398666,9794,benign
0.8093601412916109,0.43761412685098594,0.4138814599155727,10,0.18564223518546605,0.14966950795690237,2.7032062723968484,1.0445134024308116,0.12755325634994616,0.2220284906728585,942.9645028228498,44703,benign
0.12292057180858407,0.4708530777649432,0.24812165517063395,98,0.07583645549444973,1.9304248716724173,3.2217636451697746,0.7006262353805399,0.16069484073719276,0.2086283670502755,281.077227333118,6893,benign
0.04958290658558728,0.13093200792696863,0.21795903278113937,131,0.1974066143398258,0.6016073159751114,4.102553227441934,1.3885649698154123,0.047528166224200155,0.23250544103145895,2994.0888316144315,28219,benign
2.4398107176008175,0.006050707836096347,0.30089735781822563,145,0.13111194333834195,1.0759237356171238,2.226324412932334,0.6252925464465653,0.011801828478540145,0.2619092491905785,3251.7695900710387,55351,benign
2.738266731833165,0.24150420671689965,0.4250141021274502,3,0.055750965348258054,2.766178685384665,3.4280658009878264,0.3049215936123788,0.13270427004183616,0.05604040967089689,3428.3025742165587,38684,benign
1.8199073273015396,0.09135612883113897,0.14563036241219385,60,0.10943895097543753,0.4256937144054216,4.07057537403233,0.63479692007801,0.1591797977923231,0.21454662435008015,936.5585046074002,59449,benign
2.188489682951995,0.48581562714263393,0.13375848620263975,11,0.16006676972887693,2.549370939636585,2.0518214985476377,0.35420837245013737,0.10353978226661875,0.24342126950180903,3632.4662918106546,4764,benign
1.6308749743962685,0.44884921755877416,0.024747103856080865,72,0.04963763717894401,1.2172607074624682,3.7886513156681794,1.3170675047162843,0.16175535240632855,0.07290808522551066,2616.370208022185,48021,benign
2.8052172713633046,0.48033244296513583,0.13319954686664542,5,0.05904665491242831,0.575230025689103,2.504596222774454,0.6977696557320116,0.07226204489241948,0.14678906919357002,463.8911584012225,34697,benign
2.4475606623645962,0.30193482887037637,0.033105924102381445,193,0.08328302590691093,2.954652589256432,2.8308100539820615,0.8014558680770766,0.14303153889372222,0.09595325432880265,3788.346698081554,26891,benign
0.008215500510444285,0.25758018345132105,0.020779243586943663,115,0.07257362941582382,1.822991732012584,2.0094050709592617,1.2479228640890874,0.10538664148577692,0.02948917379502841,1524.37651422522,20896,benign
2.572212829762708,0.41635892469011543,0.27636528110518355,40,0.18789490934629613,0.6667117059879432,2.852834221562647,1.3499700017861551,0.06548918594570521,0.25808885673293563,910.8075625317068,21873,benign
0.10075672591639306,0.32617448284451056,0.09191744370177729,157,0.1294331872853682,2.2902459818585537,4.088098370029963,1.044814004619604,0.13409601879387717,0.2256578384252164,1684.54022629669,5511,benign
2.1889663392898324,0.12427883818362256,0.03712886103271068,119,0.11797020757630922,1.1116007523028328,2.200459321126241,0.9124016101524166,0.024531181548505667,0.0032419643624604032,2999.584431417949,59730,benign
0.526966861807677,0.4671430191289311,0.4583573707066701,14,0.18934887734703126,1.596775044948223,4.292131578000848,1.0032795969275572,0.09937765065591163,0.1201770836508183,2375.9569885387314,27077,benign
2.5895367670496596,0.21984972498276567,0.07436694623531165,138,0.08039229202571652,1.069694490349057,3.07518428558351,1.2473727354288435,0.13867464504044252,0.24537461812449124,3315.3604010427466,1349,benign
1.624383660747275,0.3867781141546495,0.047415395361983914,64,0.13723984336605197,0.4905387544064689,3.2361582430894336,0.5859238854598937,0.14328416638314062,0.28757343112850176,2384.949275822,47677,benign
0.8991356716121544,0.2504689784942434,0.48533902916360133,24,0.03371000955599257,2.4838432508393,2.712680137128624,1.2790864006584282,0.02406825065497802,0.07354521511249874,3533.7225153128193,45469,benign
1.2680616635929753,0.09167812155256377,0.33348348195081806,76,0.16677543984943344,2.1199541413433933,4.338420392985395,1.487616900119584,0.14867896908221104,0.2855869004994307,1094.7563781153713,50563,benign
0.0849590134363889,0.14796342350470665,0.3628770208349156,2,0.06562921836241593,0.7817870235765547,2.494887000044969,0.6443235388903719,0.021731466387382548,0.14026116877982509,1863.8450286342302,48259,benign
0.37284982949869183,0.2872053844014086,0.28160199791009777,179,0.09562105227845448,1.583062733253982,3.9477202857555476,1.2165830040238417,0.15948143855643881,0.014859222599298482,2196.345055081613,8193,benign
2.011873244080891,0.07150104213214026,0.035194857060089624,14,0.00549141664601347,0.03820154496551331,3.31588411276066,1.2531150725671878,0.13214725239627406,0.004407099775034695,629.6140638996169,5440,benign
1.9415685347227503,0.006868929308239291,0.42093862020627226,129,0.02937530872504264,2.534485960300823,2.78809059901625,0.7570047967008606,0.047753291693397905,0.028810998996242586,2856.603526417234,4983,benign
1.8461553344437616,0.21694561217496572,0.2090145021026289,139,0.16287370034209186,0.666998705592511,3.6958854988268097,1.2126223130084413,0.11390929459118299,0.16539989964979504,2741.1857712644673,33175,benign
1.1510326627856502,0.3810985859296098,0.1962339121880869,81,0.13515589152492244,0.9230642637919362,3.982257329724649,0.17697387135652934,0.18394061811460488,0.29800538692711737,1339.3664826330867,23884,benign
2.991629807367633,0.307078636871444,0.06765462200219463,98,0.000985337661782082,2.6719372262616856,4.196594766148591,0.23989586698767665,0.009997258208178806,0.24919938250119855,2002.0235678436957,47510,benign
2.9425060163286902,0.16207318790368802,0.056609942915640254,184,0.15235058082118877,0.5896215161097749,2.155106117003742,0.15098170311352777,0.14242716870761923,0.2898337310352696,3869.6006338484412,23842,benign
2.056625953442084,0.35862046964774663,0.2611229664551492,155,0.12536235640360746,2.0291748756656043,2.0461582322892355,1.3033291041426824,0.13548696448134018,0.2791144835882913,2801.119684605171,42690,benign
1.951377828803449,0.24225731655493665,0.2843717947845563,137,0.18959729026196526,0.1656026042304234,2.678788195550223,0.6537420017969247,0.12486856212466191,0.2686857100327199,2587.165019632089,51347,benign
2.0653401917128202,0.4997506761285134,0.2593427713730396,123,0.18608915728278896,1.7166123303022187,2.8225365128896605,1.1275245768366968,0.12584769613616742,0.24399283982237024,1728.733763600847,35353,benign
1.1667642719373115,0.3880158262223903,0.30656233897710716,134,0.08435677567007951,2.3104147262528203,2.670503844066615,0.5142349060726924,0.06329991324671702,0.18439359778372325,2122.8373572459477,35658,benign
0.40528951506723365,0.4153157206358795,0.43882173154372006,58,0.02222812872157347,1.6998184682041453,2.472162450906093,1.299027065140564,0.004471211220839289,0.2079278482245613,3712.9538555387962,19474,benign
2.164465020582245,0.12977445306938906,0.25210242247227693,142,0.08390413407865722,2.983838373586486,2.702686983087637,0.5289267212649292,0.07704526294440227,0.28378559274513165,2692.3071477376543,47582,benign
1.5760629674271778,0.07614748142440697,0.18957383934993427,23,0.07936336129724192,1.7724876613020453,3.827493093025383,1.0644771468102978,0.17206561211545068,0.1941588288160279,3269.4483937746113,47930,benign
0.930725626676867,0.09965195455350001,0.12828635129021387,108,0.10000442534637555,1.2612984879346714,2.8978593314904613,1.3698489554231887,0.10434429600428141,0.025805114702546515,2714.7809241007863,10507,benign
1.4575060764953673,0.21613248217313302,0.15342332122746238,92,0.04985461751328904,0.8880280458928622,3.467190333625426,0.6830235215193147,0.054619830295698196,0.1595889552254023,459.17424607356253,10765,benign
2.6684635030470005,0.2560745598104502,0.2804035266795171,94,0.06524622858417954,1.9005353198794106,3.378301631776506,1.2868865815783643,0.046191450607906484,0.2372960818777682,839.0812457563679,4073,benign
2.802130547868749,0.09730467386611724,0.397686170583182,120,0.012805356133749468,2.160745543407081,4.039955976845588,1.0767972914121722,0.10458069764742182,0.03393601426817564,411.3532125341041,40961,benign
1.0733855901272107,0.3899723854942908,0.2205605149660198,194,0.15048174572539413,1.223881601504807,3.666091297948249,0.24604454649858745,0.16277994990977318,0.023392153391750603,1025.7637883402604,57199,benign
1.7145894921892828,0.4342155772086148,0.0203811636543072,155,0.05586951625849828,2.851550092004594,4.054458972098974,0.6767952373327553,0.008515999906884675,0.2547193264180288,413.7294554009663,9721,benign
0.9656081732278264,0.15800249288012042,0.0940772518713851,114,0.13616465102845707,2.0634535899509743,3.382001120180469,1.2222859189122366,0.017033281535695454,0.026792487329412352,3244.942540218897,2254,benign
1.7829000905990904,0.254032098378145,0.04532611671247938,70,0.055345660279881595,1.828870790643465,2.1239897214149215,1.434014268437131,0.0962071878480773,0.04614571126023496,3801.9819884778462,23626,benign
1.0137336765213998,0.29718730125637943,0.16667170701488915,81,0.16827238832421768,0.8690460250593492,2.9071290755506443,0.4377392242332617,0.15473596207667162,0.15502671626292766,1071.5611496480878,41921,benign
1.1748570015844837,0.36118908696556185,0.3421883290354713,165,0.04764916375349584,2.9506540713755696,2.6892928300406345,0.4750302161118085,0.13402229024016704,0.16962606713081332,643.830304971516,56370,benign
2.670823056014377,0.0737362272326782,0.2953573659524349,19,0.02412068735717481,0.7275799012781363,2.520272858079453,0.1022114660447475,0.12857389326354582,0.23577494129726206,1822.455345102714,25269,benign
0.6814727806001392,0.14043553070157822,0.33106379497912036,171,0.1562013162779886,1.4807361383267028,3.6247681931017555,1.0697624392540808,0.15973088750622644,0.2174404014336218,2061.4519412168656,5222,benign
1.8695614340581272,0.3653529979292014,0.22729756546022956,39,0.045618050440429284,1.3788130410760557,4.071016327515883,0.900901255033526,0.042341140808251354,0.022341467316647788,3182.4323787143535,25961,benign
0.2520460307471545,0.2840961571463133,0.054890268475553505,93,0.03491301362145809,1.410479822754621,3.93602037815953,1.1282032023767865,0.11032136130835926,0.16835753080939983,1718.2991884199566,35963,benign
2.4979324429601935,0.4499728967194742,0.14812797751967144,196,0.11419103875351061,1.0822109372121052,2.765456267008917,0.13815293293204178,0.08380054589338176,0.20630376573318762,3396.2421006500745,57470,benign
2.36129492246605,0.2239291809943717,0.2554802394607251,192,0.012493415772628436,2.1385599094773533,3.134853105874454,1.030165182374243,0.1626641119019042,0.2967769404914044,3847.6902023590883,9893,benign
0.7181083289788565,0.203306422516924,0.2485824825363268,192,0.11170273089941891,2.4448486163849026,2.7362481629226005,1.0798440270711054,0.1933844366534103,0.23933679869827634,1646.0599155936852,40803,benign
2.6294526924321113,0.1532536087653511,0.12183069394146967,131,0.003673142105271632,0.40670804456939447,2.916845633412464,1.3866721365766743,0.16524474929021327,0.2699257589405983,3806.0616283365634,22245,benign
0.17570410441558304,0.11568628632737277,0.4126507790834293,1,0.08567875050512955,0.12241601233719768,3.1235679685740507,0.15828407286668986,0.11289431470336207,0.09842762410040941,1727.5923714541082,48805,benign
1.0083511816369812,0.32538316738169915,0.21665666799352,100,0.08305780053882528,1.3336215031744283,4.473044973072819,0.9715632099354081,0.18377663555880214,0.15655819399315893,3085.0739395752744,7626,benign
0.4508384006845172,0.13234300091134776,0.4227280625803401,16,0.01708806538797285,2.9986717469754836,2.201811489608672,1.4273939546161405,0.02203861918988688,0.016384211897558686,2874.124295300387,18982,benign
1.351018099947861,0.4311377603215237,0.13274631516575575,35,0.01641399347032344,2.000913083667787,3.021735522372593,0.9706008354624843,0.11587807225190844,0.24005027577122176,1239.0147585104548,54757,benign
2.388972810861883,0.13532419782605415,0.470969792936565,136,0.11740886895092138,1.829088745856485,4.289584750641824,0.4284774335303011,0.17866647490327447,0.17794110810142133,350.71998582726235,1888,benign
0.6919266269812423,0.3366798156125739,0.055928673200612566,184,0.000823965638861579,1.3408243753959193,3.445990621601524,0.6723216306899487,0.12990634147618918,0.20932937100977703,1300.8156658390824,59611,benign
0.15606390319322883,0.28409207095086597,0.3845912452573778,44,0.1463442190521895,2.3916680389970013,2.897081959540882,1.1441437346664678,0.11934980536877149,0.29927314185429915,624.9428107849375,19765,benign
1.2136555194645846,0.3142293989394542,0.010093226504859665,146,0.07371143323010475,0.19641661441010672,3.8924478603966106,1.3244707985339264,0.10152164507555257,0.24505357872270553,2431.5228547067045,33154,benign
0.595539133527766,0.44770838781591904,0.11816033177075552,133,0.052565140794385457,1.8524567894694035,4.452687245118012,0.8225678478872509,0.017382877234154194,0.06757022602114605,266.2417795114099,49077,benign
0.2722591368573657,0.08499422573470639,0.43527665215509664,126,0.19020859242551724,2.4434569344761905,3.8752107085786456,0.9656757275365743,0.0254023387977939,0.02644736083803485,2861.1264019443647,38601,benign
1.7409971579605519,0.07490777293773104,0.1750524999056436,42,0.0044742797450866515,1.0894759297012457,4.2781932543726935,1.4529481759301621,0.15059447183327215,0.10178894425982922,2336.4966970760147,15695,benign
0.8960883984567678,0.06095111066765313,0.46623974652939304,186,0.12539287439943747,1.3513499505070112,3.410290825789382,1.0158342211740996,0.0481545653339176,0.2029774386126095,1963.2307088636867,13287,benign
2.015984633869078,0.038219510459108486,0.46470850031142835,79,0.003573270481526936,0.9080879142168959,2.752405447482265,0.7437528293737821,0.1599976722059164,0.011796348215568951,3894.702374634464,13781,benign
0.5985463319046399,0.2671155118018703,0.40009628844675266,103,0.07640051868436093,1.368575350796065,2.3374774238018454,0.2465004514099084,0.018867108598803962,0.2402230520634317,3303.920656229346,30648,benign
2.8263393315194936,0.08286557597613609,0.19805272461240786,65,0.06251181718595099,1.973936804611022,4.356559677356325,1.163974182279457,0.15429422425221306,0.17968606234613801,242.05760355552292,21717,benign
1.0953305047344857,0.40358396504674493,0.4291342517179887,166,0.01606839897457002,0.001134254646451227,2.48584486246386,1.3689519153244536,0.08868799417514561,0.24913533478712085,403.18017523609154,55449,benign
0.3164858387106886,0.011305265273440057,0.22855216846440968,50,0.1566379580432592,0.1257807267458515,3.9886484549858663,0.6728620971663897,0.160770008499314,0.1024533984142711,2553.4270823433535,25775,benign
1.8873244546191277,0.18730348586742884,0.06308609754281391,48,0.11437184649946347,1.5663102845835422,3.4847140189876757,0.5530963195464345,0.002923640939722039,0.0971485636515986,2984.33652619334,38241,benign
2.7814636592036024,0.23660198569428442,0.42597918445958916,155,0.015467269189894273,0.5971206204233204,3.0169933810747396,0.2753160643056304,0.15011775557885593,0.03539109572213362,2764.165096186363,48157,benign
1.321131464147352,0.10826415033841225,0.4081233522109479,191,0.19543391261629314,0.6689328228004982,2.76769781723429,0.706499251314147,0.08225471523449293,0.047110184085507774,656.5038118279789,18085,benign
2.8637714810722117,0.17795310975864526,0.06778272022615217,61,0.0221482557844229,1.3147512757117996,2.0406492753243786,1.4667398630643163,0.1938916543957389,0.08733459543340195,2946.5051607161813,9968,benign
1.499687441062941,0.11139571776422608,0.4332632584892289,71,0.09841568639662315,1.6622872333496739,4.264487757652105,0.9349198787135485,0.05030398678746495,0.09809114212062879,3364.7665719837323,53549,benign
1.2756858745472266,0.14091405316736288,0.2594815265518756,183,0.006101919498032182,2.227270007420036,3.4075368917563913,0.7207888188747124,0.08123541342258395,0.1242491213045569,2602.1501347447243,27565,benign
1.8606403560461335,0.46343553036429574,0.371795379256088,3,0.08116409404087344,0.600168177708382,3.9210235627694017,0.10471121538158655,0.13306375858112765,0.1387990548990435,3114.6316470610855,16265,benign
2.9852895157059725,0.20858768315491305,0.1340880103998297,38,0.09831515778096536,2.602924348423474,3.6484508933744992,0.8001884221972175,0.1411615891989934,0.2828934590811321,1750.0461456493335,38981,benign
2.846831024813296,0.19293247063036,0.10773074191082482,92,0.17126148966721128,2.542832450719473,4.230136401340049,0.5180026851458418,0.1375730195459875,0.2748482855013598,886.5147261825683,44382,benign
1.3801354179272882,0.3055872262170871,0.42415640745383903,179,0.13550913162833195,1.7364246732618427,2.258381977644523,0.4030551372916529,0.16626721477572048,0.027676198307741783,3147.53220388216,15806,benign
2.273186535924874,0.3320709283742528,0.3001068990292986,1,0.07045551134845485,0.39284907560539417,3.730556681450122,0.5778880146129285,0.18737653112807207,0.051819148537553573,579.7986595661685,43736,benign
1.492268086462857,0.33013827246384236,0.07385273280432575,31,0.03686022057769436,1.3003941216655595,3.758540918238265,1.2099769733991437,0.14451827661060543,0.16494080044025922,678.3105090575416,25568,benign
1.5879364805903111,0.04237948361200694,0.18293504312585335,15,0.009043785217516498,0.19663374455462757,3.177175778930021,0.9353829679934988,0.10268662681111188,0.08392669856745047,3151.654955242828,8530,benign
2.3573571021414224,0.2909512895173446,0.429517909110731,59,0.06570250142518523,2.9002862777367793,2.482341970845186,0.5398235185851514,0.14932830924721538,0.100521030260133,276.88163224145444,8882,benign
1.2439675480670123,0.3679617999489878,0.23414179085707326,36,0.012565237809377261,0.45946684302932095,3.1003712439582145,1.2711494003166972,0.19628439306101464,0.2992811850113155,843.2712140755813,38302,benign
2.203450715366188,0.39778418307172475,0.1684264478061967,196,0.03518115664087667,2.6349211729842303,2.048004522804453,0.871618154259431,0.0007914494587142551,0.2876422987849156,2654.1985615087247,15725,benign
2.1334286339692494,0.2942671259696763,0.17047693244201545,97,0.13014947080205316,1.575894987961951,3.7976639541962403,1.0199412846105569,0.15283510759569907,0.025999118572773625,2173.829009361655,34578,benign
2.7961790598401346,0.06528652911727895,0.41232210111698386,10,0.04031010373344673,0.9484919815170062,4.468400642513894,0.6456393501686554,0.08651946146061146,0.19856793459185607,2926.8186697197193,34540,benign
0.3447978998427156,0.041870161948389495,0.22714951376989495,14,0.0747836756487525,0.24047468130396643,4.123939649037011,1.2556097616530404,0.1367646423197304,0.28617936083856954,1377.827924515464,22831,benign
2.187045351228928,0.16152684655290894,0.4741767513673631,167,0.0014175824404838889,1.6947550792699848,3.237826805620376,0.8224002978069059,0.04321486342028167,0.05887594132877557,3286.644333342692,23069,benign
2.7822717858736796,0.46377940473298135,0.1561000754507867,142,0.18253512814866651,1.1801064447117167,3.7850344873375312,0.668294050470683,0.045757271127919386,0.17340277419737596,2899.2670383144655,23449,benign
2.903778569773939,0.2363087644167412,0.3782401645845426,33,0.16817142399053814,0.3555727665174081,2.802307919869174,0.5739672953444286,0.15455879851266607,0.13560448050193386,2254.618947867179,26947,benign
0.044118914896107864,0.44773695357382404,0.14285274634534312,191,0.018923968147117876,0.24330531867098482,2.862474427207782,1.0400423987649672,0.15211264635721505,0.051314389672027914,889.3291051412853,6069,benign
2.5909202707367274,0.22983747663851245,0.38391940098790894,104,0.13691372429468784,1.4093700093253778,2.9564528745709913,1.3801067728543683,0.13279096868607423,0.23106375327381484,1534.4351003732918,53368,benign
2.9435851201990326,0.3775590532800635,0.008798988238652439,160,0.09835733612131214,0.4078324086696187,3.947576551715179,1.4471070728013418,0.008797169759303626,0.25848683021740365,961.6241726749837,51137,benign
2.871630538832891,0.24256358784482018,0.06491049078079181,191,0.1643783725647882,0.8013761324180212,2.8851372531291304,0.5156292276089367,0.08765364784829402,0.25908110201560614,2534.35265223832,6618,benign
0.44629203669749373,0.3543511307161919,0.12962845326476446,93,0.0357485144801758,2.9421467335649383,3.5058338472886037,0.9446477457450779,0.052472236288770985,0.15056633546599282,3321.8182218233214,58538,benign
2.9178864414688648,0.1585896383335898,0.435045982315718,24,0.03602086041124777,2.120572967505906,3.9848868575160585,0.39767079112754633,0.012355742456962294,0.08549986538036833,1154.6413114216457,37967,benign
2.669806667161562,0.4449326318183519,0.16124918817329642,185,0.19080054156279816,2.169946280833468,4.325426322641155,1.3446193105894915,0.04036685464460386,0.11399569465505927,3711.578489906772,16229,benign
2.4671214826292114,0.13285403436829157,0.24176277060040807,76,0.04165269843015229,2.9293408579465683,3.747032691476315,1.4119777863604115,0.12699035008575135,0.12900588484770842,2456.4398935580816,31730,benign
1.4399637714234965,0.0030884143921390828,0.05352226002236937,99,0.08699857573719844,0.5539539589417897,3.3451855719754073,0.9549278392448546,0.06314087513139761,0.16788791245271947,3294.5779538713205,25314,benign
0.6971187589179115,0.360582893058421,0.2833391430098343,102,0.03344493418825141,2.6967706357051346,4.039095993711578,1.2744023200214185,0.17103121209169897,0.2034324688110895,2655.985013459021,10417,benign
2.405641736154924,0.3383022316222898,0.04799726697169171,85,0.06499713816299928,0.245975346318409,2.9747006593350336,0.21178566063921161,0.14270906235557054,0.15084318009210554,1240.2030609004123,18328,benign
2.7705904793504086,0.32845072496283856,0.07080116891156174,130,0.06608928733175834,2.0336539893924077,3.1667596714983848,1.0539814636235647,0.046361096094137945,0.2552783890159632,3729.630236011643,23643,benign
0.7983908168768777,0.34370750115666326,0.40048619759553805,111,0.12154129705723443,0.8286165266058921,4.137680261672798,1.1677578997026008,0.17451321642014905,0.17445459472890068,3689.8221662169967,23829,benign
1.6168032228665608,0.29313210550924157,0.12195514312130568,67,0.10582594413208302,2.5225143704826345,2.1448725359817424,1.3645599409289824,0.01171304559023021,0.2757364756333518,1774.9284370176708,10595,benign
1.3282584869235945,0.05763947653925722,0.030626855545739906,63,0.1913553654257548,2.7138263617541996,4.094192589479082,1.289094145726133,0.07292495115259374,0.25965802966567264,3082.5303303365126,57678,benign
2.7930519479434652,0.33460186119002566,0.30091244011763835,50,0.16156626553107437,1.575752796315275,3.953176686769525,0.9749656297335922,0.11282857356350313,0.06841858835081271,3236.231392015092,15244,benign
0.1215321335653039,0.0032992618903524007,0.07325007801033995,7,0.14868971228833322,1.172789972050809,4.427554142883811,0.3175065001903902,0.11496400819299163,0.07167602786472203,2410.199442431269,18424,benign
2.196018586969682,0.09142143947735032,0.026408361871899766,181,0.0593429618146947,1.0706970328735221,2.722878601006289,1.269728573359627,0.018026117221133366,0.17300375793777345,2119.475384082204,35842,benign
1.84311974084699,0.21043920259767412,0.4152761582644077,127,0.060574579113578955,2.8217219423850883,3.4797399193191954,0.42556131065644065,0.14409238707303015,0.22021107879875965,1732.0171013193362,1517,benign
0.08509609534056317,0.18918469020432732,0.19859141047708018,2,0.09150088268308916,2.5774277087455175,4.233636295570725,1.0147767170215127,0.1896310600290957,0.08213105115803417,2297.3892209560127,46532,benign
2.157659318480221,0.0594825812072588,0.4327375380358688,6,0.05867324876650953,2.6181790832417127,2.0577190801009912,0.18063787391253086,0.14432534182283638,0.2771738083166143,1366.639979551519,13874,benign
0.04797518857071592,0.21347880201994368,0.37201573402644467,196,0.03715678786160683,2.0270101786460253,4.058037303992834,0.5034902116167143,0.11952038303547728,0.12117526620735626,1027.2858306934552,43471,benign
2.273853007069284,0.3118086218116712,0.10048201499497444,195,0.03933608419893014,0.055968680265277126,4.039235141575701,0.8115959469302211,0.05567675394805854,0.10934348396227679,2438.331091849963,45480,benign
1.5382761697862342,0.188731715766217,0.04240564794299645,30,0.0758195696378551,1.3035881990736602,3.6266228986862004,1.2384396156980835,0.07069324220853919,0.24476907139689566,366.0385294115209,24690,benign
2.7873126623910185,0.35424974164335454,0.08567862620348671,188,0.06724120985947205,2.7647000428542636,3.4455768545198255,0.12785920073671725,0.005899479061214907,0.0373173761753081,2132.341701316573,54863,benign
0.1982474901722242,0.11546104768913851,0.24729008223358828,46,0.18822002550103983,0.2728210892514624,4.392340372349789,0.2999380583885556,0.054353533147112026,0.29883366241017334,3383.1302016313216,48270,benign
2.52395183883715,0.07191263613546173,0.17887406978629933,187,0.12100526175576615,1.0888247319794053,2.988289798298805,1.1902455456064889,0.11776058448597285,0.2816704985587108,311.5924657555471,13667,benign
0.20007002630130422,0.3744499222442432,0.4159910215845317,146,0.17396477629613372,2.723142078078988,2.9776600035234577,0.25981848661470364,0.10386288773297897,0.26471952894770895,3373.3067436843485,42073,benign
1.0329299364123754,0.33436406488102743,0.23462042152678791,50,0.019723770124414376,0.8438172440367109,2.909043770160394,0.3193045318856864,0.024624422253084456,0.14716018318625557,3851.7515152788746,24748,benign
1.2908961958435,0.21468534664738126,0.27737485022191133,150,0.007826406845922507,2.339085004044282,3.2593278418883385,1.1976541920382484,0.06905345065478537,0.26532820063377494,565.0413657357115,10393,benign
2.8981862423522107,0.06838364240885653,0.1937261222287009,181,0.16674619201281551,0.872853278214085,3.7618978566045413,0.4054243672782346,0.11026732794532866,0.13423033224252365,475.88639738271036,59870,benign
1.6866955266853711,0.3318418696644886,0.3774501691824974,103,0.0874650710436346,1.264759641339436,3.0984114062227466,0.8900012390393437,0.10506480651028803,0.04288179763976931,315.1469215669955,32119,benign
0.7765937795127967,0.37497787496310714,0.344469895643087,138,0.11013386307265915,0.5380316944182969,3.082838903496234,0.5669326083340765,0.027457085267546755,0.25939401424092884,2411.110229054479,1309,benign
0.7250271422830349,0.08197132660391299,0.3428861670376117,5,0.05454300946527313,2.644186124661651,2.470616100923459,0.21253927455790717,0.16618142594415192,0.1744766791869281,1740.2744609828358,29093,benign
2.6643549619775397,0.3446508684650921,0.38579719420119396,192,0.08664299640963379,2.8007463899853047,3.3738305891567255,1.3247288175270406,0.1714036963031831,0.058729002555403836,2759.4518163477815,28767,benign
0.6776082852519731,0.17781854319089296,0.19930306435855283,45,0.02653982640063315,1.9252898043614717,2.533176078711855,0.5303102551983834,0.1716662185337988,0.07610141013832318,896.2411599999164,35252,benign
0.3736641175058505,0.4575593074448415,0.05954292061988109,85,0.19832620067973913,2.6648246332449865,3.555498527958659,0.6936530697360014,0.12774535530038872,0.17830533435022106,2857.5522569459094,50443,benign
0.8649922710227328,0.37576984380419565,0.40896672207412743,42,0.10993014781609559,1.1087717894203601,4.449607774145694,1.1823272733934946,0.15257099453587236,0.08874525321004445,1811.7370336837732,14413,benign
1.7583691944381985,0.13686558511669816,0.17276124278053673,190,0.019763624722034235,2.99051746783105,3.1136814266678856,1.2556661033306284,0.15803000065185857,0.053369486847953194,3807.303154656677,37455,benign
1.6622715065198035,0.469013159818902,0.345881308028229,178,0.1703154646337535,2.506793997567234,2.3806145632936535,0.2863521650458258,0.09952529358392995,0.09024820525075786,2820.9300459585647,20937,benign
2.4291323277383334,0.012616378052317245,0.4942329546872836,29,0.08601592182351324,2.1747623728628014,4.481376347683513,0.5231592568955782,0.033011047299949574,0.026761774574017017,2422.597285039594,42393,benign
1.6814278560185576,0.09241200723919912,0.3508808677223925,92,0.12703945691239213,0.20518544279491302,2.9752710617072204,1.2303204076626288,0.0783089412056597,0.20018983239052177,2222.295556165104,20260,benign
0.8652636432936315,0.1209514855735675,0.45334286556562786,8,0.03145029304736937,2.7032372989964406,3.249536434606938,1.0051078736450325,0.13642226582778483,0.2147456792099345,1775.0661984242495,35627,benign
1.238689028042678,0.36604004168494214,0.006677474317244025,153,0.0791177044160889,2.5008890977176357,4.183816562791821,0.3857859430534646,0.14806795797416852,0.07649600501245266,617.5392944493381,58551,benign
2.4543629129127313,0.26308401525081077,0.30185873492671006,174,0.0995973921021352,1.029783081239136,3.771056481540081,1.3333769038641219,0.022290549214988478,0.24340398735993898,3251.423143381696,20317,benign
1.8795193872592604,0.23218770394703314,0.04866134609409206,181,0.09945051931803531,1.4386276188313891,3.1633510134106286,0.855650061016662,0.02327026908040486,0.2739227885124803,2661.8006831006564,1131,benign
2.877232928092327,0.11126666938609175,0.4362523154122202,124,0.16395121889795328,0.22888452271515702,4.157368238645015,1.007805637818578,0.06708951479670071,0.2732315933861817,979.0916930382406,58431,benign
1.1082132332750425,0.3782335551798056,0.48012387651564264,79,0.09915788787843985,0.8970455045355085,2.621053852128992,0.9057744190472322,0.1965810370083098,0.19934504857518134,347.7645553212335,38630,benign
1.6578345315638616,0.058553204025796446,0.017076788767841466,196,0.06049995673850439,1.1878337975603337,2.454229978024406,0.31205517681367956,0.028033998486660706,0.13375896117906363,602.2394225237524,34043,benign
1.7817726048395048,0.12367061020242792,0.06663067518445404,184,0.0535510250472919,1.135704592164144,3.629807733194802,0.23807448998240688,0.00874614067107542,0.016960561800701022,256.04961599198174,35896,benign
2.54487362482518,0.40318015978748806,0.4163805175746978,191,0.0615403713069739,2.3137044536556584,2.9551877328056313,0.7140110539723199,0.040464064678668366,0.2937351461834395,3868.231073293031,56315,benign
0.43642061455959524,0.225523732233046,0.3434432134948084,136,0.09446685135182807,2.684012417354794,3.337118271317749,0.4757716770282504,0.14909564742971748,0.24133949045012598,2433.4658330168677,20092,benign
1.21953101024438,0.43840886829980447,0.49082888829300464,105,0.052858953034379735,1.2620776670120177,3.8781424885382982,1.3682176925989342,0.18844819299136853,0.07468593444147663,1779.3012155629879,42339,benign
2.729876884986891,0.300832052116128,0.3782545974262174,121,0.006189297958118867,0.4898502879649206,3.180196872951825,1.2638667272231976,0.006925523790755373,0.23999437053397663,1615.2534986728367,29882,benign
0.12920066570461253,0.394772323479191,0.29709503726228365,68,0.03984722766586664,2.717767670532097,4.349434285859039,1.4629034238273477,0.015239263882734666,0.017309646211773975,3317.7196134919513,59984,benign
2.4681188405445056,0.09370163646456053,0.26962162685327934,90,0.11563115078612252,0.4308026745477058,2.3676600595699746,0.43772996899166583,0.15109998100167502,0.2957524313877422,1967.075662182961,53298,benign
1.2461521121136738,0.15811093383823338,0.004933679853757755,79,0.05410669817946887,1.8247692953624433,4.09752367058202,0.6350714084373674,0.08696075302287265,0.036894896637514225,3736.6140986475266,40735,benign
2.489411955834308,0.1883530259003413,0.39190735210814726,88,0.06636588258142709,1.5530993439306657,3.9723983438240427,1.109854771356935,0.029627649697353455,0.030971642667586605,2680.13840017044,18084,benign
0.02986368242187587,0.24709960294101735,0.19200089320384378,9,0.05171555059128888,1.1997222356844102,2.2950959773397765,0.5906400225936421,0.16349943297187552,0.2510551910043268,1013.1989003877173,52886,benign
1.095138473274812,0.2362335122387652,0.05332659975755133,65,0.019354678122378302,0.4356949301287065,3.3780960244990332,0.9413814472485004,0.023518652286993926,0.020772606529578883,3557.9132731474806,29322,benign
0.23589011149691963,0.41123307879123594,0.2734173985563703,2,0.036078649023172864,1.8350237091707764,3.959872868419099,1.3837483089234381,0.09161788646619982,0.09618402635594854,3009.4772139347215,28449,benign
1.9578437290099153,0.0865952659560213,0.18498137005587495,56,0.05089614525781923,2.77400637170814,3.0370003966949746,1.383450873626333,0.04584272533720928,0.06615763995020461,988.8222111532417,9007,benign
0.8215472957986716,0.42574295731482603,0.30292897747624387,98,0.16786999793152388,0.7246088200431466,3.2130103234274436,0.4667314500338121,0.1706900002807777,0.07328276645082847,2527.278650483108,17530,benign
2.107956211979359,0.4445231470717048,0.008336063361120194,97,0.04424514385811001,2.8415217938644086,3.8637332792476853,0.19654940642115354,0.08874817090036054,0.11124865731959688,2199.606944962522,44456,benign
2.8314042808262725,0.03775951778054881,0.08248805578756013,37,0.16567956377599632,1.5695749011315168,4.153890609757054,1.0599525474642228,0.18859040903257876,0.1796410843594025,849.8629056601203,5931,benign
0.3804513067837433,0.004695184810591169,0.26991546490928436,82,0.14865992164193217,2.1331641999727933,2.984010029225173,1.0864799882051452,0.13476280164403928,0.15756067852231853,2137.4097228094533,5601,benign
2.594334886202322,0.14637648640976758,0.30495370811198763,74,0.1948589037236012,1.5513690164321956,4.092791281626367,0.37475692734213295,0.027161481598880877,0.29501723466022334,3580.324611100053,58119,benign
0.1783924548010154,0.20037238388078216,0.041107079636412636,53,0.15071802884563712,0.4917736222357406,4.030834731479036,0.6881872349651172,0.0962646493820814,0.2693287837764864,3309.5928396650897,10252,benign
1.1423115249326683,0.48522470337425355,0.31818893772247087,153,0.023022610813791557,0.24516429885421265,2.296557234588739,0.7322064533919468,0.1668953092136189,0.12087532608428997,3549.8430516335425,49367,benign
1.28932218353573,0.035704298526741396,0.4206105741835552,15,0.1880085506299134,0.1024554944349384,3.6720946934277,0.9995201490318414,0.02798400899707707,0.19088588991874358,3913.2433762703286,22079,benign
1.4665486405003927,0.3906526326141507,0.14339181295596565,7,0.168418924203312,0.13844011951133683,4.059437509995677,1.336303029283182,0.15656399165703483,0.22853536119941487,3991.0577989667513,56953,benign
2.9293869658081335,0.23771247679386437,0.2606653893201054,194,0.08872572033378037,1.34513220298955,4.092610304994873,1.3318436846564947,0.1997729849057459,0.032122853517532725,3081.963121574975,29850,benign
2.327073564305485,0.06493676238656731,0.4530596374615739,121,0.08671778864666989,1.044443494383918,3.0453880678075302,0.25752257708088083,0.05348374925426094,0.18599486862317824,3931.1967892796806,34628,benign
0.926572088157783,0.18304015433532927,0.3514798426228834,114,0.006190856700385373,2.148982062601222,2.538792732334715,1.1278906984140142,0.0365785725798818,0.21823032551576912,731.1906441282188,36733,benign
0.8095103565024004,0.19045070354045535,0.1033611639792334,107,0.04352830764002396,1.2053470241686874,2.426979355919626,0.8159434664525708,0.1295865160995267,0.20748236801294082,1909.1647830180673,31540,benign
2.5893606125679534,0.12178625015107292,0.4832463374992519,67,0.14297722307713556,1.4642915364308093,4.131455786314135,1.119526436704169,0.02126058479465598,0.009414888152154776,684.1138798897928,1233,benign
2.6439215182130695,0.1471818787619399,0.17103752198119015,67,0.022105359881334198,0.40536597594738266,2.833807304696326,0.24581551146398828,0.15833051054863814,0.28368302093282194,1885.7920507535498,35776,benign
1.5321195166309358,0.2099594156012875,0.41210122041446473,168,0.19834897858958692,2.1575175968250786,4.014544457766302,0.4383426774510166,0.03597382666323854,0.000288465173848329,388.92934766212636,50020,benign
1.0328871928869758,0.48113069745737713,0.2262587378617466,73,0.004336494744783525,0.9171083796151187,3.520585668906686,0.5472154678889781,0.1143249984493847,0.028705768920495277,275.34024481824684,58336,benign
2.9847520444827533,0.2294302844907915,0.3948837811017473,97,0.19819469214866525,2.2908005281408554,2.5432133687377787,0.5111770445666292,0.005542000282962612,0.0655298481692988,2113.272294227697,43378,benign
0.9478306361031006,0.4750675060561587,0.4604613370653745,180,0.059241514472168015,2.051692491038701,3.0492358036058604,1.0287158146623685,0.038622533709782726,0.19654404755548538,1774.7151114932685,6528,benign
0.5481371367796873,0.015266035791777766,0.4513616669558058,167,0.09217304280617518,1.9294766442341773,4.016877994902607,0.957803382388748,0.13916575479281107,0.15058275137345523,3162.6597823626007,22302,benign
2.640294363912209,0.03305512928660975,0.4023012303271336,56,0.10909429046236162,0.04184947990373267,4.175304007697965,0.7228974736830535,0.121814033020926,0.005699860969329695,955.040226616244,12416,benign
2.4370061943337618,0.013907953098634629,0.16148616545005184,33,0.05791063721923284,2.4494232282956423,2.8819142575427494,0.40073119521779355,0.028259820708169105,0.09280221246379414,698.6226540663358,29053,benign
2.0036682167140536,0.33297231913117714,0.4563148322318998,195,0.04409951405814745,1.856208674234708,3.9511820716533874,1.4374289177052069,0.03802650868432696,0.05954609772636927,682.3462492778608,42323,benign
2.8752408953338557,0.11011634555689759,0.07666988704604022,29,0.010113839045377881,1.819690497364855,2.1431299301811557,0.6042776428916481,0.14687487068006513,0.20671648909543963,2700.6829324137284,19058,benign
2.7771437316432563,0.28821009064652425,0.13009748831133933,104,0.1646866008862809,2.507226912614236,3.3219146866195093,1.2995211565948939,0.19976809757708752,0.2601322789809995,878.4523100845463,21577,benign
2.244745509905262,0.3976830678027123,0.32317661203578707,47,0.19446187420885253,0.6306670762342987,2.346020465904824,0.316551984209833,0.05271032669449838,0.2529830743395759,1260.8634078496243,58782,benign
2.582104228643033,0.16590695932925187,0.3740905601209746,157,0.025111495182190205,1.7806614159902936,4.406143350999607,0.9039228944399702,0.15861074160769892,0.0435196663550915,2797.3265334040207,8179,benign
0.7414402209663224,0.1228387463545434,0.025168141597770755,172,0.1719661677100151,2.9217728213843284,3.7459258924742755,0.4166607857274409,0.011285427711365781,0.10098917481175233,2051.4021293113783,26388,benign
0.4237396707030948,0.36270429357028744,0.13443208601109502,135,0.14410788942346742,2.489355885613561,2.8862395163461807,1.1873817924502919,0.0942881359291113,0.03887344418311959,1227.8140264330632,56172,benign
2.0101855479448076,0.2379488966497852,0.1845166068298868,153,0.15004506823532712,2.7596553794196934,4.40346971123622,1.0680686007959108,0.1848619006498405,0.2568933908606115,2154.069191846338,4247,benign
2.143855609964258,0.0746050730246503,0.42362326218045987,102,0.0775610920804507,1.5707857184191962,2.250482643410404,0.12474941669049606,0.11951046782554285,0.266368582907005,769.2044119031195,44211,benign
0.5011587863468165,0.04372255873484432,0.0009586787638850569,66,0.011514982003571816,0.22796544348021452,3.1229289022690763,1.4679234664108194,0.06988655383767688,0.22956043441778226,1412.5755222769776,45583,benign
1.186671819314628,0.3685837505697103,0.4449977900710245,3,0.138084624721566,1.987712155688517,2.7714162940571754,0.8838553078599385,0.14388022758862537,0.20471804239464858,3291.2727553679147,26450,benign
2.730767298648164,0.4302061674394624,0.16736527923414718,186,0.19242528571963702,2.484510699506133,4.481077626202523,1.4210823569153,0.113926822548301,0.15802939446633132,3557.214694528385,19113,benign
1.684202302650669,0.44518103914175644,0.30828677687142136,108,0.13175164933788797,0.8594733212089289,2.221162440907852,1.362758352348691,0.10098629661778134,0.2725607427654739,3806.954214939442,51920,benign
1.7350077447788181,0.2550445037423518,0.4678803936141741,172,0.046810462716229066,1.381389422305796,3.318991830497234,1.1456167237878918,0.1625124858764537,0.027221399865855898,1611.9008811822796,24523,benign
0.5823893186723808,0.07672728318232358,0.030799272448696402,74,0.1073470528198634,0.8503664957720592,2.5570865998562198,1.1818308951997947,0.15595414889771772,0.2527605986002132,1216.0979886136279,22809,benign
1.5780667458536255,0.11282870613923901,0.27262672723462034,78,0.024335028610206134,0.5401223221484055,3.73867759660325,1.2115703569360143,0.08832413175349552,0.12473181867291201,336.85170970472666,55522,benign
1.5703041821847599,0.22676194451046755,0.11110874602486431,64,0.14357570922991797,2.558273751251021,3.1766077442634026,0.3164062465495769,0.13379496861864051,0.1910111776078371,2563.223490420391,52004,benign
0.26680692073881596,0.4259286868028068,0.35112374300653476,120,0.13457283877776272,2.0355822576267286,4.132342027156842,0.5608804996901143,0.11771526032226542,0.20447540472900874,1459.9118633715955,4329,benign
2.9458280793801186,0.32509870941763436,0.4089091648456239,68,0.0893587998739194,1.6117001683833037,3.7902993949916617,1.1339539044887152,0.0675621110517906,0.12620322596788444,366.539857818,28120,benign
1.7141868013673234,0.1371034784766621,0.12312472196026325,196,0.00173289874055389,2.4856287178579954,3.9032112613316174,0.9440141820235652,0.036009463118308396,0.04465564677049091,2240.1724148071444,29157,benign
0.0192266479929305,0.3779693207785897,0.42994728563472223,80,0.012073214378694554,0.7379023603274248,2.786788216945649,0.1318437472878596,0.1106708903602392,0.205749301832795,850.7623420587736,12138,benign
2.3179476036761657,0.2177200876603051,0.0887067352657257,141,0.13639553727384077,2.0224779670831254,2.390789724856446,1.4564931977433742,0.06473490538438227,0.15197360518404954,803.9863095465101,52944,benign
2.9347971415204372,0.49138197259708266,0.24003613458125483,59,0.13848266866559472,2.8491465930199964,2.965790906513309,1.4998837377666345,0.1527375614803871,0.13522031712804203,385.46322613535006,31296,benign
1.7696100849628515,0.21436356874240264,0.06564130559939302,40,0.1150418653764026,2.423204636367968,2.093607333051552,0.27281907663600474,0.1689159802925942,0.25922589666933604,3656.2520599654094,33100,benign
0.959044908847995,0.4185981744517731,0.15375835360853163,93,0.04553824455752453,2.1042545179499177,2.6086973352557097,0.7442914743665949,0.1319620999342957,0.26985093505813496,2274.3248178499525,6412,benign
0.5625231471833547,0.00727081568050969,0.18706344396891245,120,0.13262631743539263,2.57340171542634,3.5357218527824728,0.29092178830699156,0.05233506768579197,0.06431190042307595,681.0511671295193,21889,benign
2.017579901750608,0.3591106325465841,0.3476334575202939,142,0.021101040312040055,1.0112914225371232,2.5045391457628865,0.6795270108155095,0.09747463023518976,0.1403451448733775,759.5200003221578,40144,benign
0.5853221953704151,0.19923922139245603,0.15842505960058584,178,0.12553611497545247,1.0781400793830098,2.0966568306021394,1.1092112232613973,0.1871557334097535,0.053316533361215286,3763.8479088930662,36894,benign
1.7330636775535777,0.2495046539949174,0.26482766257419116,122,0.11446358159084964,0.029012302870685347,3.40843596016039,0.3320080048383086,0.08614293472602881,0.17327375226018524,487.3667054145867,58106,benign
1.8067175291388773,0.09941290018278942,0.3256601065637096,106,0.07109872733900362,2.082040305761263,3.951270779062103,1.3948100930831848,0.05789955205180757,0.13883357770853155,2546.4963204049964,49056,benign
2.887269279373143,0.46475575686349446,0.39286766115911564,94,0.04383320832315714,2.5866224157351674,2.4728665884317578,0.281872573066569,0.1585300473643743,0.20983458948031444,313.6171550778548,1687,benign
0.21679579658963033,0.09982250669059373,0.14676921460799647,94,0.1449165406656124,1.26045299347989,4.30783983076096,1.1613310757143303,0.1918654387167329,0.27331232578850073,1650.3756413134265,15250,benign
1.4999184709758555,0.2807933520375717,0.028174719530221992,7,0.03619839100256133,2.652506421593147,2.8543253381963716,1.2835525332227797,0.11543802519863695,0.135521590395806,3781.0620675585774,35895,benign
2.2322924378479447,0.29867281178840155,0.11852603843710374,149,0.031470931613456356,2.4744356637984075,3.3259070751599964,0.8060599783236156,0.12235693608684305,0.2883250740453039,1594.203498266761,59457,benign
0.5316802214239764,0.4292217136497558,0.27297348856917175,195,0.12655282381314606,2.301501955169326,3.5824563936377896,1.2541523031082755,0.11618054614332401,0.0737450941246088,1889.3483074631047,20487,benign
1.1642001953535577,0.23333326984280495,0.43883862888213826,91,0.13212490617409012,1.0905599234281205,3.3710318014103624,1.3552967223682117,0.12161360249565792,0.2551413037667542,469.3584409537601,48531,benign
0.188686495364914,0.4149456405804744,0.3287724344587362,70,0.020393819647325475,2.3639529066373113,3.4564114085671065,0.5665062191856542,0.1549500227313413,0.18475787495599477,472.5029572740421,5931,benign
2.1776425913273303,0.26194828211345234,0.3036394052343105,126,0.052457661407121714,1.8413818573279903,2.258647380856531,1.0803288182825388,0.08512738828430988,0.10606280613349524,2380.2245619392347,3098,benign
0.2633036602784603,0.47816732971130943,0.015886212534195865,91,0.01971920681705075,2.859233471459933,3.2507032121794075,0.9154569494514097,0.10233158238656492,0.02858477034247635,3825.0340420520756,44987,benign
1.1852751250739026,0.35830391686613433,0.24901840959800747,2,0.1827662924763188,0.42995106508896097,3.8745929594108164,0.43878347979490506,0.02408708220939637,0.16440612735976295,3495.2005880727415,26923,benign
2.6205678933621965,0.4560526304920076,0.16545089903175797,128,0.0016773030209427109,2.38709534669598,2.35367607438541,0.3748973836519235,0.1025416992927386,0.26535075429222893,2671.7422085729754,42814,benign
1.4169010102500343,0.47118026615432723,0.17370821332487113,152,0.07020231554404742,1.3168995891048745,4.3218176651522455,1.4495014129168402,0.17099563809598675,0.15489486970290617,3918.5434605675014,29725,benign
2.737865800922657,0.40112307815902937,0.4796940227509064,55,0.03136420148626429,0.7606410097382095,2.1586118021143283,0.197194193429296,0.01697333689836338,0.06585087894579496,1840.6490953531677,53808,benign
2.297751353216617,0.061183773297753374,0.08173370248494022,192,0.09339897540317316,0.09391243613208211,3.9499799351580687,0.6906019438706521,0.181504029347635,0.1222847777682154,3839.537826963132,19643,benign
2.7459718803352975,0.06221429911717469,0.0441838588792533,81,0.18136747147785978,2.786745715179471,2.967389985697891,1.22109079674929,0.027685922153129507,0.2953884337043174,2191.653747426249,20066,benign
0.382209027146719,0.3081208751485256,0.15254458033816304,169,0.14147527526332265,0.12612822104975818,2.7341118261453254,1.2664590076803135,0.09081434331162477,0.20931718767755794,441.1211426633357,59199,benign
0.2206887159918961,0.13560334138098296,0.3213491711436719,148,0.07203475092254046,2.588956085849232,4.1238444594535295,0.8759756822076186,0.11547912166015602,0.2684456123195994,1965.2707405025133,41258,benign
0.2109787607076542,0.19257616211313622,0.1348042923915928,163,0.03733073908723803,1.1445335020966958,4.052251164371562,1.3520734167974666,0.1958931883544186,0.0011267205804071923,3873.8899743409056,39945,benign
2.606562883041958,0.08691408831181369,0.3529104302099813,122,0.14100242675596183,2.685743053883222,3.5175614313988555,0.8381404301751981,0.13600039073666986,0.012357066071866896,1783.6476100855232,40297,benign
1.9022099380423296,0.3810858315301938,0.3475459347775313,95,0.10838317459752798,0.941058682596179,2.9530536771751628,0.5182887513320067,0.11896627285343503,0.1716686683819184,3944.635209432281,52946,benign
1.4897150813965592,0.42724885182277356,0.21909703803115238,126,0.14405799392961935,1.99406512862902,3.9740106338017522,1.37886689107194,0.12795699567135274,0.09078604056880671,1677.9102617622452,4003,benign
0.4906302485894408,0.0664023135321441,0.4173496464034742,147,0.008971057216546497,1.0950307843805893,2.3767146628630282,0.85277299011061,0.0725973163144407,0.24466134842244108,814.2415424728478,8328,benign
2.0212003131818213,0.25841746838201735,0.16189177105971797,167,0.03462812483206135,1.0052217591190464,2.999939861873569,0.5045292533249044,0.19381729722362415,0.19751257679239473,1167.2183604082597,53797,benign
0.9540521635373941,0.19750646499879349,0.31159689678528696,98,0.06397466033598853,1.9401703816104339,3.053182070903949,0.9512287490736168,0.1891209475700331,0.12366869550959536,1110.8490358706192,32938,benign
2.1326395897978347,0.39500765899039997,0.2700114862056615,155,0.09330733935851754,2.3266034735089276,2.3975490584056156,0.256451105422013,0.05593833328514113,0.17939948111089604,2413.3599855257144,38598,benign
1.3810659866019743,0.2324961500877386,0.03584706133560239,23,0.11388920406541943,0.4238005318088266,3.008109991883744,0.6400135575268652,0.011285125107206985,0.24245032284058415,805.7377109745642,29254,benign
1.5224095816335814,0.3654045245740864,0.17361288453579377,60,0.11241879894907236,0.2533208452415656,2.9190992847941746,0.34117716656275576,0.04348861741132531,0.16720589395551097,1561.8818818637383,26200,benign
2.368997197379611,0.28305193828970343,0.28156927624204964,7,0.10858313238588604,0.7126954353118043,2.358469535544738,0.8148681971971836,0.010251790826759045,0.018450178679033636,3887.906078590468,43839,benign
0.27823642657014225,0.48912405700977385,0.48802872236882616,91,0.11322326821228856,0.4387249497654576,2.3706945971634132,0.6174548489714428,0.17212696191372256,0.10947372223117548,639.0272467528987,28696,benign
1.7362755099705076,0.20981653797397354,0.3918258234362137,70,0.08349512462554816,0.7290054253179645,4.413795860468692,0.5468128758151809,0.071306889025108,0.12998875003475693,2679.5470329178534,24393,benign
0.5917048418876056,0.4938354348300364,0.2404534980553611,156,0.05576256976020813,2.7701677388429458,2.1718920937773873,0.13663172197473886,0.17932209620442052,0.09042417254216412,1060.57886215066,24447,benign
2.4244102554407045,0.20771929164656744,0.09823523628497166,167,0.10362590817625772,2.7192966188192664,2.309698557398065,0.388585181213267,0.10032895904419306,0.16871591647499143,1740.0654774688664,53830,benign
1.4665381083877798,0.0913343256954044,0.1349812350544658,66,0.024372102655061914,1.8537625045042185,4.41695366326001,0.4812425226114957,0.012078234657215116,0.21141200254832807,495.7624613719286,39520,benign
2.9660860001034592,0.391040530218705,0.021212010959364702,94,0.14985427395379788,2.719265254928973,4.3758167646888655,0.8080104349975678,0.17503848097624372,0.19186270543011802,3067.9305381687836,52416,benign
0.5488299740271562,0.1358595011765794,0.2907904060557419,171,0.19058714476420213,0.8779627963121844,2.838523677500759,1.1198005762766985,0.04439180282742583,0.09963616799534629,3427.6291809210984,30908,benign
2.8890574203728017,0.28287736541752795,0.21211511343381018,23,0.010819297490008562,0.2825226375451253,2.256973495493898,1.421850890879698,0.14439960510989136,0.24212566880209802,3082.1128732690217,9102,benign
2.402751109825827,0.32300753994566334,0.32927137364206,120,0.15646542822224574,1.0971794117641158,3.52165064878454,0.8267643382342845,0.006836633815039028,0.17203408645553092,1448.8346358885415,2402,benign
1.4437814897258057,0.09983862907650493,0.2657312665585546,7,0.04476657823359467,2.6388112011431004,3.095243043852731,0.5931979289050953,0.004515210939571812,0.14743839820985868,2256.1539000722014,21133,benign
2.4406021925389063,0.017203467839012276,0.20839206909428715,2,0.067282270986874,0.0846595529481895,4.380142583711994,0.5643949941481978,0.0683738431386146,0.055965166112866525,1391.9006024330035,35333,benign
1.808546715723349,0.49351667177997877,0.17601298747857486,106,0.006707635116429689,2.624928730353182,2.3208384306458787,0.10551581807643495,0.10920912207641245,0.28525666970907787,3921.6802672460017,16863,benign
1.9653631919741408,0.4086950715389532,0.020311123260452424,193,0.19381715938382582,1.3731211491398994,3.9455420215611112,1.035203840412515,0.16406282306163444,0.04222062161323353,1823.1716142955158,48535,benign
2.741072288122167,0.06185262747973852,0.4914835352894244,50,0.11241912107852321,2.2333376438128143,2.062086199322325,0.7799271452339497,0.19116128095897625,0.09781264415876459,3309.8433558734905,22283,benign
0.19581124923387416,0.4239847150615792,0.0375986442431826,132,0.016316286448835426,1.5814159413583457,2.5191323726053776,0.17414880475335676,0.010082779470090397,0.19370491640857893,541.3776227905654,26651,benign
2.504964611875202,0.12906510087580447,0.012733044913603886,128,0.06431112691013315,0.27081345436529103,2.7513215760903336,0.8611025208694076,0.03831376043437232,0.2191299695290004,3798.825490471811,46119,benign
1.1454443398987164,0.12364237019416302,0.10765145900302803,134,0.19545621324381257,2.2013072361552046,2.4110682341785434,1.486615795531545,0.12069491164589058,0.03748096476995346,3563.7760435196487,44252,benign
0.9766368483021133,0.3863081751915812,0.06809312333372175,59,0.012008251512474644,0.3827856528002609,3.9874259716225326,0.280400097662575,0.10246599649936189,0.27590375602689876,2824.4527158507963,11900,benign
2.982080313629953,0.37868100617856104,0.3972164185611133,116,0.18358122109379316,2.8350815717486753,2.433970700231333,0.8133630146772725,0.09181237895364912,0.2905574221441757,2031.6267913711076,41494,benign
2.3435715062291345,0.42297867196602035,0.07581483223032726,89,0.055902089799942184,1.5350314959442362,3.151865815524157,0.9857371239478887,0.17382210972023737,0.2551469789284053,2782.130904030182,4483,benign
1.4566054163387632,0.06832600394332938,0.1699750334857123,73,0.01557742021980666,1.9359823780371412,2.323355254394425,0.3358532529214123,0.1604965826267788,0.19056041140179628,3375.8832559469533,14905,benign
1.2678851892743437,0.3737930876125428,0.006624190491756943,29,0.12492916144299654,0.043507328707499404,3.9400388206159342,0.12818427645720704,0.09053263493141779,0.16336112294346775,706.3162823663147,33263,benign
2.6325867176153883,0.23491193713660308,0.46578454385319057,53,0.17924729405172035,0.4117089964055778,3.678178144176309,0.4231857716716183,0.04381874928577725,0.2870438201834149,2764.256614623613,22406,benign
0.26044461664468244,0.16294170406369274,0.16052019728225314,81,0.0732831408616551,2.452218305502328,2.1225059520765512,0.5598698604723791,0.005988347784918724,0.20967417214485426,2300.9724004712875,47361,benign
2.1252562707415983,0.3671514387744537,0.42143920635197435,20,0.06932417972109653,0.17445773694380173,2.449121944223762,0.22342113749065723,0.06975537052885643,0.26625183143123105,2607.865626086151,36058,benign
2.367463871115438,0.4225715404791007,0.4809674206730459,114,0.05247390447440408,0.12593510557991683,3.561845126002095,0.5855301285788832,0.15558994371335044,0.2101125274177459,1189.3367086262865,7008,benign
2.3975891391483444,0.1612303787815863,0.36372601040899044,92,0.06224943769943547,0.2598101441682138,3.0562656472023635,0.4955329904909649,0.0161828958689064,0.004522234203704412,3676.2549899083465,40866,benign
0.9668601742194953,0.07740577833023099,0.13037092712685444,106,0.013506346963301864,0.5230002642194993,2.755279197503562,0.124133462316039,0.15728154820785076,0.07153808917096804,2135.443296809479,50265,benign
2.389917548238164,0.495842359166944,0.24607273736827917,55,0.10105421565815763,2.251829103119089,3.574137290351959,0.27263762806628006,0.037767694975862104,0.18821117889590075,2380.8845592330476,39886,benign
0.6759853256269954,0.4595949946189491,0.3913259695077381,21,0.06831361613549068,1.9954492052326,4.210696631829976,0.7425328786950116,0.180843730775132,0.2516647673776441,2476.6815629340954,10486,benign
1.0869238514537072,0.14492057490801868,0.34932307852545486,17,0.03322845975100406,2.3723339682824536,3.1739317850294793,1.344835519728095,0.024643486048098497,0.21630849094539614,982.7802214337219,45116,benign
1.2523443366131395,0.40720715399983254,0.41378584911540117,172,0.14447404578719175,2.2854454679065515,2.5581150373842636,0.5299425878515903,0.0643316965173647,0.1734366343984908,792.3082574069587,4807,benign
1.6242299508904936,0.04484661110819327,0.2722871213609003,25,0.1786474277228246,0.19429102555378308,3.3348031907479125,1.4217342916519968,0.06374912938127224,0.03473572652741986,2588.624773176511,18727,benign
0.33784099662167155,0.45627295372682736,0.32875130257487684,143,0.1614308809061355,0.7416994830749488,3.490451832694223,1.2554696001963808,0.19952975231235737,0.16766774782463084,960.1447007357511,34501,benign
1.2208434019179184,0.3873261176325019,0.18159811202627113,175,0.02710930762250363,2.7861202528133755,2.523939977546589,1.1959381420575996,0.07184218018277809,0.10325472885290916,763.7007768325376,28296,benign
0.000902070320768722,0.09843155738026327,0.09570314362354909,30,0.18270801452185922,1.606341013649337,3.8303673196315096,1.1428340590734316,0.1487884818647198,0.16582524647995675,2355.6613029970767,44937,benign
2.233142179042197,0.1478436234988496,0.34862013288696003,185,0.08176161245690552,2.1119620768123726,3.3558129573890287,1.3374958282696694,0.06885596277391892,0.15900773574967247,3871.1334474997357,28011,benign
2.555627736702771,0.2977774274204997,0.001441170526901181,22,0.18291742279404732,2.9311003791978387,3.641855592484123,0.1044919257735625,0.09180992096287,0.23576125593978162,3534.5475083566075,1087,benign
0.41679503736059265,0.1778788321156965,0.3919404706496975,27,0.01672732722296293,2.7807121208794214,3.1326718633284,0.6391532034567651,0.12829364478511868,0.258081397383924,2117.7925540851866,32466,benign
2.1113573078003935,0.36811690797372726,0.0036166101990347532,35,0.19675798463991406,2.78051543147839,3.096718119020195,1.2940180487977888,0.10218135823162461,0.0004209946624267102,2911.565108912289,19586,benign
2.4633092651839164,0.2961814346719968,0.3084004603158065,32,0.019347901636858955,1.2311079535569136,2.5253388347060852,1.4803911623540276,0.04510091210953196,0.13892862304372722,1053.1997240592088,7941,benign
2.9454849686153812,0.10351432628399482,0.29730692533033665,82,0.14908496160166698,1.6071573737053542,4.229052090146148,1.1928148808050638,0.033384731021351664,0.20527981695221037,1074.3530033,8807,benign
2.53137168710618,0.3050547549419878,0.05275621039938033,29,0.1428825957901041,0.20155785302172702,2.4933927687388624,0.7307079126528013,0.1887390602014262,0.10644121442683575,2362.9557592360793,21746,benign
1.2723194563320386,0.007029542574455927,0.29610114589999476,49,0.15143350720833262,0.1431716256042299,2.623425577823207,0.41390374337271985,0.12037195478412202,0.23725609157393185,3511.7033645065203,33018,benign
2.9390661255289694,0.055873907651522114,0.3789235316366739,75,0.04893281089226858,1.6035181836273351,2.908863132710591,0.4114948209327717,0.0905518828331323,0.002148532498657285,3800.1455017978215,5128,benign
2.9219532145570657,0.08060390855332583,0.26799597910834505,46,0.14958593034383702,0.690118704470221,4.4326323731113915,0.13344895312715238,0.08552865729111447,0.04945845079176135,3510.9616096535265,46754,benign
1.511030937601737,0.17683885600970695,0.3363802753078692,21,0.10258023861519211,1.057036920418176,3.37970498305025,0.809131791797277,0.18205216768854612,0.16309783602259123,1035.6618507350481,5833,benign
2.2603396157517155,0.005954869170508914,0.35433585635275017,125,0.00940988823299529,0.748189838998899,2.365416191622794,0.2811283976788759,0.0470845435047568,0.01833689936904086,3686.342606459723,34658,benign
2.7415130030194885,0.4649537618318392,0.10295494119273613,122,0.01950581923257562,1.4005729319203226,4.098829998104501,1.1672727537200616,0.04426600177127926,0.2010001769907477,991.464123276195,31433,benign
1.4284412159062592,0.11975447773613068,0.46330825320665525,24,0.05604746139949912,2.781941630278674,2.7258522427004284,1.370084454529878,0.14212534292865828,0.2767223269196126,2542.391418352567,16387,benign
2.591358723291255,0.1353192752225284,0.1637707245206112,32,0.16948978933503628,0.6909444194520434,2.0523711867712784,1.4907651886545463,0.07114712293409071,0.2502872861480953,3189.8712044443178,59744,benign
2.1047056981856183,0.18782116285262707,0.2918509780465148,43,0.08511655318165011,0.24464585586982668,3.8307078266263885,1.0060507098664166,0.11489742636232124,0.21002122592181155,1263.9877551745017,15554,benign
0.8817727679236729,0.47036935786422096,0.05159144415739364,110,0.054808782269315674,2.859784245747508,4.404162629080028,0.2971866611778189,0.045354834682638456,0.27410013865668603,2896.7233102711675,48346,benign
2.3029568099504205,0.17590966457401902,0.4982025085195649,182,0.1069803039053034,1.9113758201201314,4.2370456679397,1.175809956636076,0.18557549965315415,0.2168299334520094,2163.0969063735447,39631,benign
1.7120543575784972,0.21556642810229865,0.3270705542711907,84,0.06604379346018092,1.11091100219251,2.094267643987448,1.2395553138787503,0.16501710125861685,0.20939166918529614,2685.961544015289,22533,benign
0.2815354602999187,0.14925363625122418,0.23089281673409207,24,0.061615290919192316,1.5087271277030987,3.15472838416334,0.5007725522831992,0.16400555366338923,0.0010377983175637539,3032.9629691016094,50256,benign
1.1741412789139924,0.48812251752589686,0.2830598731455732,7,0.039640408881637,0.2906752220115846,2.477194213641623,0.5612053538332447,0.008436405581338803,0.0570818596187825,1733.826726665212,59808,benign
0.22122304019341776,0.18242861243362518,0.013594161146337769,45,0.07025933388747588,0.9332718596467292,2.7582653052770874,1.1068129763231938,0.004176350169992515,0.20243778470618903,2571.9421024353755,33967,benign
1.4285008896509868,0.0417687104948159,0.12003982303179328,113,0.033138708024898045,0.11588979327955407,2.4682278700392515,1.1669222473932845,0.014221491359000193,0.23602894866246119,2596.3838862977213,17123,benign
1.2856188244287714,0.32899119711953834,0.4873445282918959,181,0.11482084082456297,0.4502485437976973,3.960105249116271,0.35861367676777267,0.06884226625854417,0.29010308526732465,836.8219595692856,39269,benign
1.271212328911342,0.35830246035773816,0.040515760014560254,14,0.07536765612686479,1.4230005989201828,2.700590405234199,0.250043184444946,0.06500228485356303,0.23399695757587008,1515.4582582988637,21582,benign
1.7589010607723532,0.18612051209750946,0.07085044702284693,156,0.007884952014150582,0.2475082972729551,4.414659039605395,1.067917030656382,0.17020682040603285,0.08027406489645518,514.8976856700051,27255,benign
0.3680719805282203,0.10569257772494373,0.28653863058386,102,0.04322409856269458,0.9702958212532741,3.312305680143334,0.512976960194802,0.16844828898999112,0.10691759127742771,3076.4441221822103,38684,benign
2.801306729870528,0.20462572559178904,0.3869860626705601,90,0.09568254538701902,1.7765388683806023,3.430177117649885,1.233885919348783,0.16695794034557487,0.2392781215921991,2378.6834427435874,38228,benign
2.052151344225099,0.2195341052561819,0.4264365801421107,67,0.05560561518580838,2.5865143963307275,3.9695988100659854,0.16018023464020253,0.09660523716668215,0.16003757889540046,1645.4332189246381,42732,benign
2.471344075178315,0.49764990169393053,0.43061414142110915,193,0.17646685299728707,0.6855972870509733,3.701664607573103,0.48624149444947407,0.11178574535464235,0.07201373472511503,317.2058404452444,58085,benign
2.6904036967912797,0.4292176627770936,0.38011107820243667,78,0.011647642957492987,1.0885306187458283,4.155694262156079,1.1127402714617842,0.0872813207840284,0.0995990532678971,2304.7868231669213,22388,benign
1.749960140770428,0.31045444920997567,0.17382886787336055,66,0.12958531929802983,0.8317996108191161,2.3183405553942547,0.16317699163344468,0.07387746831154639,0.10337194496970999,2259.2328614980715,48580,benign
0.1206546627138021,0.09695897393412733,0.290790576952487,88,0.17219709837164454,0.8590115427839776,3.238900366154928,0.327693624990236,0.016982790471784106,0.14155744830131917,1942.9726514549343,39038,benign
2.134460472353274,0.343957260694517,0.4065615592203262,119,0.184161831109788,2.880445487414884,3.3686929490148447,0.7003561017884992,0.16030209915945376,0.29566516586899877,3345.804786009021,1478,benign
1.7070775627900745,0.37949950114103176,0.06942292075723544,50,0.09684086682384514,1.2992538847359052,2.2728553189999556,0.3255230313393933,0.11602276161932012,0.11140770493865922,251.463944284352,36435,benign
2.4778716665111977,0.03769436934717385,0.040710286577333055,41,0.08062068718151415,2.428275890050696,3.831550257424855,0.7649795471416984,0.1090850046826794,0.08095051922868786,3705.1792049625515,32485,benign
1.5964814204230324,0.18974325835107853,0.22929259792250745,173,0.0071302358656722305,0.4492842442392724,3.134980208285754,0.8672496631049348,0.10577447959324388,0.11756758352402691,3900.1120244556005,56569,benign
2.4397322860925774,0.16342389877290442,0.15517016821427804,92,0.09292921518259512,1.384179379646918,3.550382746793104,0.15704980292379828,0.03225333411109921,0.24317176812577349,767.8391339687481,31161,benign
2.991030879217475,0.28521566130573334,0.0018673650131911246,89,0.12998064492367237,1.4027271036042217,4.158423880343234,0.3898278239579591,0.1657557821046597,0.02317510664204081,3508.4903597179386,27180,benign
1.0516644341036643,0.326526609184144,0.258431758844622,49,0.06764439229615822,1.8669871017657322,3.7710868153717447,0.6314655488306002,0.13520240141393372,0.22594267258174947,2536.023619042144,6048,benign
0.5130643200620223,0.09069389419418067,0.18648888821104315,193,0.03234819350458382,2.0182112455902796,3.927834678071521,0.3016204650972847,0.08928113781779244,0.2688068715940871,3659.4414411814396,32090,benign
1.1750243983617086,0.23482971805685715,0.44156727217099334,144,0.09412452412197998,1.1770393367754983,2.7320396924441104,0.22663445859642453,0.07092858870963133,0.0981635438888737,3038.9945092358716,49627,benign
2.259149969597029,0.4960839432679473,0.16708801284945274,191,0.03246372872962888,0.5948591709742997,3.1181618326210527,0.8950035102144093,0.014364222916646874,0.2850815778428807,2725.3527345296293,52021,benign
1.3176867955749194,0.00792631961368706,0.3313355317907296,37,0.11158687250617721,2.8342180736725053,4.308006487554209,1.0110565991033773,0.17256277033616485,0.2687373292232812,3172.009679903579,26346,benign
1.7651403282876443,0.18549680591451845,0.2840391902141621,7,0.0913992123245761,1.1112905623672087,2.9725500461203844,0.2161143904485366,0.12471479668223513,0.2922185038736032,1269.903470740648,20556,benign
0.38207541576501314,0.16715623192815243,0.14983330506907977,177,0.19896145143523425,0.3748454362578232,3.1779761036840837,1.116102884632476,0.15300640715123937,0.2883789752924457,2091.875078455185,42273,benign
2.178370532801941,0.2027915100112747,0.23380602821299984,166,0.03257910048471107,1.625140560724079,2.3252016708908307,0.2132191380938417,0.17250996479493078,0.09506713442092196,2059.3496189652096,47534,benign
0.8402472055994984,0.43459685776234075,0.18382998039274712,179,0.12704251592833948,0.620692077881505,3.6727729569292955,0.21919002362773604,0.07028214988000468,0.28147159461294197,804.0444595915718,16324,benign
0.5718526812120547,0.21915251914973694,0.11879302498728961,56,0.039883060700687235,2.402262943641946,2.5656195294339836,1.0031778120612684,0.08122285249766299,0.06344077894114077,1071.020049907662,29051,benign
2.588849995749584,0.44153900074799884,0.04406126895465079,153,0.08369427761906958,2.072149755011877,2.4113096036428305,1.4919690336867446,0.1830693369239096,0.18679628089426809,260.9942446784505,56923,benign
1.6932384633617823,0.2877699215151193,0.026060662906424614,9,0.1494875609906213,1.7997947551892712,4.173637554646384,1.0517086978176047,0.021598698537405283,0.17951288450763225,3557.183024761925,12403,benign
1.4534968270387512,0.2123088474673167,0.11135156115606759,177,0.0994320171843771,0.04638675949642501,2.4422610502261968,0.25482754954200415,0.08952167828090836,0.0837669156187399,376.63565667290266,20771,benign
2.6964712957454537,0.1261515438288729,0.04165964255741489,197,0.07213983939283035,1.2676585182821465,3.4731007483866607,0.7398339074344912,0.1287673545142039,0.24808248868883312,555.0174536256898,47401,benign
0.25803730818300785,0.4118069276608152,0.07531562260776825,61,0.17782665053132146,1.6564873617672267,2.665426077769778,0.4517568366815228,0.02794252938294839,0.022295528640896466,2852.7822269129238,40687,benign
2.0884633510226784,0.32210025900163747,0.062459942745752395,73,0.17442591788783882,2.291477219359006,3.2097735219292725,0.4908940170020558,0.06716580183735643,0.2762412908322293,3487.3328554831887,53654,benign
0.9839468692938076,0.10611303494107965,0.18664944011738438,11,0.07650580993128551,1.022733894532761,4.293468558966139,1.0726559979972135,0.052806732368459744,0.02926347386552328,2848.09118551118,22123,benign
0.5262292499552432,0.06503524672754174,0.11908692550446359,101,0.018932599219549796,2.8068889054375714,3.935174015229519,0.7851822334006532,0.1893757645462899,0.27880667396514425,2908.2994456000843,28485,benign
2.0243959499018365,0.06271566432657649,0.0022044331612215418,181,0.06857327468641342,1.339335540132656,3.9193932471218713,1.068898986581045,0.00023009272503287105,0.021447569661635912,1620.1257854942728,7678,benign
1.0884658525888082,0.45453598142465257,0.01645605885966822,100,0.0373235443152457,0.25854025351015697,2.2314152424875093,0.8627942922592231,0.040207271971384434,0.219873572661819,3178.2050156218797,6258,benign
0.9896874974818075,0.20169576879802914,0.49502680767755375,115,0.1489744499245978,1.3079991268836428,2.267567126833245,0.3866832038437592,0.19676553380567238,0.04436746993548185,3137.8082198541715,2489,benign
2.8310332956875635,0.4101538971804779,0.12257224177256143,181,0.1277119818826636,2.523390952274628,3.9271293373241387,1.0252608617173415,0.05855287191789991,0.03714837698026593,1567.0759001553765,9890,benign
0.5978950220384585,0.4476810463798884,0.020413800696431506,9,0.10102868129666419,0.5642836278358624,3.196390313749398,1.3160061467080015,0.04083527325684114,0.10442701472862169,3703.7363691785868,52915,benign
1.536520973513205,0.1131665238971421,0.3130048949040566,77,0.00327490064144087,0.967470902460694,4.116649139477933,0.2448335750613599,0.16369174726193314,0.03375065083656169,1937.1260308825952,51893,benign
0.0720396020140478,0.016286174907305495,0.2758205236952556,155,0.1932184504714434,2.9326086103954605,2.938738829769428,1.1803747445647947,0.15523906377951843,0.00951496927433887,2756.048763457944,35205,benign
0.4901042734108685,0.09016804327284139,0.19442575960840802,129,0.002693507985276034,0.22030163485842802,3.5729851366413303,1.214140593514743,0.07827581103925702,0.030901986546143078,1724.372486067237,32872,benign
2.650256200900686,0.3864893528305531,0.3666659168377665,64,0.10548990381906423,1.0166696523208756,2.668953093320798,1.0576168836916735,0.0873503998540476,0.02511391059851834,2379.812539641796,35883,benign
2.367742644758029,0.007706588060580999,0.4684914507775973,105,0.08632887490455646,1.3181432308499508,3.002574768181442,0.9956058210851153,0.06512909380487279,0.27893268613726685,527.1881702651415,59926,benign
1.6705064701619707,0.2820660300089301,0.19817762619741647,190,0.052378852435507196,1.4439284707512945,3.2456983014212986,0.8195565664817844,0.16648258788325027,0.28360477043869164,1798.5040052787097,9280,benign
0.6673601879740808,0.09563338279402339,0.18766291345770053,172,0.17799941830329225,1.645285154318029,2.43693990301144,0.95601656303918,0.032077797673007384,0.06929226711763009,3098.8184587550663,46923,benign
1.6732427478639194,0.38333034119011716,0.2570916739452889,196,0.06861210009038143,2.0551367332126773,2.9666352535238634,0.5832044749079588,0.10320780061829525,0.1960308651472101,3387.784591051523,19353,benign
0.036439578340837664,0.23968784821472744,0.11723804986232017,14,0.11302150671126698,1.1729403903809401,2.8895541128130775,1.4760732562733088,0.06755982843865645,0.022913806876642295,1495.407096594319,20057,benign
2.138980892813762,0.2745399695383836,0.08698695542022683,120,0.02611252021633974,0.10345688107975992,2.6017421430537366,1.1561051289091728,0.008545431052418718,0.13595355671117476,408.4482215381246,43911,benign
2.1502520416911843,0.14670412845014175,0.19434050805768688,194,0.010487792984536483,1.0161390072942127,3.8980361447052223,0.8176186408085363,0.17851026853097018,0.18343380641099097,841.3325569265988,34893,benign
1.9381350706990645,0.22828925184906862,0.3385095137109834,181,0.16804508225479728,0.06375855321208057,3.5163148114861493,1.194958253055566,0.07217567750459619,0.23996661277281,1275.3847057561043,23757,benign
1.8340160528256035,0.022856301472899132,0.007385002459725065,122,0.025773841310200243,1.5026846338876574,3.0832263667058504,0.17818612064582168,0.10527787920182081,0.2668535527755574,2080.3730889716007,30821,benign
0.2211492978736126,0.4047598235349601,0.06919762383807215,72,0.027050707602939483,2.6074030084206012,3.4354713329897484,1.4811936959566623,0.06636472184100264,0.025381661609538697,1199.9960767486496,29571,benign
0.7392179071529267,0.453749461688067,0.4040540606852917,10,0.13136788120768592,0.25260877952078187,3.1185905607439737,0.29969087161447916,0.035680576824677845,0.16068952743985673,1607.433979239948,17482,benign
1.7231341442937957,0.3763237598591832,0.166072645819883,55,0.04298033799854444,1.2202573537569235,2.8302870969585685,1.022982352083741,0.10280947472610798,0.24267677549934616,265.2438255162257,13739,benign
1.1825602980866927,0.24781113622392575,0.27957795711293304,149,0.15617466033929817,2.739193059706406,2.5533635187289123,0.29473234819903665,0.09316196191751239,0.07729971738484594,1773.7790684038932,44127,benign
2.976069685744335,0.4218921747220134,0.02774684273592737,146,0.014931572797978788,2.49091110371591,3.748549536071673,0.5593836158970341,0.14821017801484712,0.06590910038898429,2846.4000473912433,4929,benign
2.771236072125544,0.0019104378995784543,0.2753867550167593,46,0.006236398724769066,2.214925185383392,2.033324703103443,0.8838735187283726,0.15910656513516128,0.29225245887770096,1905.8357657000759,7592,benign
0.4560237075676111,0.3329787034941054,0.013869046679435226,112,0.07585587019790958,2.131876080741385,2.2538814675212517,0.3135094116575716,0.12868700361455818,0.20908787915943453,937.2752465862735,31507,benign
1.769881777948592,0.3836929586577751,0.10362921810571607,147,0.17339207197018913,0.02315067938988946,3.4181572529614517,0.8876486687328938,0.01594010442808449,0.04838465472032868,3735.2421735539847,8450,benign
2.0886453183103697,0.16332811859613505,0.22394839926947402,5,0.026892783341480132,1.3072706370468397,2.72305171172128,0.5332673144937765,0.04986821520942275,0.06098283915193713,900.0617546633147,48256,benign
0.40963024290265837,0.42828584547198895,0.261906150751248,48,0.001057788615254518,2.6684245071371286,2.71807432745362,1.459567776970546,0.035648699891898165,0.17894308816850835,3499.6420085840127,12075,benign
0.9377869413035138,9.500080367175201e-05,0.06265419474819373,70,0.0964171248077498,2.166640222346598,3.921737705487647,0.2056143187171276,0.010344529021209904,0.23490361586151282,924.5041143861403,3204,benign
2.147753540776483,0.3160601057193187,0.22951834894642242,185,0.08977735905877922,1.055818683367045,4.4788636737440815,1.328786740866199,0.14421057074290766,0.2859743242043783,773.4272229181124,10261,benign
2.70332428026851,0.15051199049030778,0.39024175076607703,2,0.08759336199171204,1.6817885103433166,3.3300136452426603,0.6112956309583325,0.06611688628321637,0.1673799682155792,2053.477623078854,9461,benign
1.0252279506184059,0.3143139618800762,0.3528937077661485,17,0.045970177564952634,1.8575358808532598,2.00645890897194,0.15730562841482168,0.10336936208687966,0.07371835752971985,2709.1680541824207,57357,benign
0.7168311350738418,0.12567932977514668,0.184539822096557,62,0.14205634534084274,2.5909455621067936,3.503509833455753,1.2807206981934782,0.09824964421675382,0.0755436689665199,1921.3132476541998,53524,benign
2.4653760081906437,0.10488993504347438,0.24807234064659345,188,0.17033182027826102,1.6459450997500649,3.889659259151002,0.24263878035880998,0.08680543493094856,0.29676993058711976,2130.979106381038,29147,benign
1.754948040677035,0.3130801934027675,0.39950139629521536,94,0.09078175167767899,2.563078420553447,2.4533794853616873,0.13184194567700727,0.1856846517728513,0.2700086642201832,2569.1697439580694,46817,benign
1.4297652651173114,0.24846741030808994,0.13158803128822544,36,0.18518170371095086,2.2104716524074206,2.607296798404006,0.9157675058410522,0.10739905830347084,0.16773736036167186,2036.6450818394796,59606,benign
0.768450064283677,0.09364034415451594,0.07011023919202808,73,0.1433379425813501,2.9901400627792496,2.5210639238550945,1.1279534991210718,0.0276324078082997,0.14806725492985626,3836.04749657311,47217,benign
0.21797504594496298,0.44308746495615053,0.48450361117546625,127,0.015356613434537359,1.02361718921415,3.9604625922714876,1.2746359044086433,0.018145248551365435,0.05793603629822211,775.0191222033154,57153,benign
0.05367426269092579,0.44119333099367986,0.436503674205357,105,0.1880875296941193,1.547060187987371,4.32771235260482,0.5165924219304443,0.09620245795494393,0.136724303009447,1687.0860693982509,53795,benign
1.7399105416922844,0.2747842025147421,0.43709392373119527,41,0.07857797085036725,1.8930512352804878,4.006325527817453,0.7024992407762752,0.022458878941801964,0.21522360926308223,685.358446246754,20009,benign
0.5733308203802244,0.3530480137685295,0.2385861307457483,6,0.12565311476653826,0.044641472397372706,2.9596139005557522,0.9607534234735254,0.12054520880692565,0.06654836264044552,950.7172397441266,48730,benign
2.9265989352804613,0.22569336752676805,0.017676044094230292,138,0.035094941420409455,1.6174840528766565,3.9527571127741465,0.6109562251336371,0.1008287205305257,0.10457017631041207,2556.147930232602,51468,benign
0.3224316851584418,0.40072168218543397,0.3714817541365693,189,0.104247592427127,1.4101907324896181,3.3645128798927773,1.4154652302773851,0.16915866373654934,0.10116570078780376,3492.892557449979,19188,benign
1.3562663649813254,0.4169281231405122,0.395078929241444,152,0.04409522323315771,0.8361378604878886,3.0242799635551147,0.9061650442774977,0.12987538648845143,0.017329348615847773,1548.1365266722344,11369,benign
1.18397939121288,0.3820798496419337,0.48256539430597484,43,0.13096052854417078,1.8468481097222444,3.140972525111086,0.5341117478504642,0.1816740711841911,0.1976240350043483,3448.087984424048,35316,benign
0.6969344258565929,0.12157441964072585,0.017890279681078924,1,0.06117217323784616,2.1638651003427922,2.3344279007248905,1.0389247856839674,0.13197690868172282,0.06614573342940668,1644.5393515858677,17999,benign
2.246267175011805,0.01224423009899156,0.40640582914850665,17,0.1993645832168283,2.0106673828545127,4.429430752514028,1.109641164106766,0.1639928955062009,0.2720324106316939,2895.331854306698,58673,benign
1.931114286240931,0.3291265391456554,0.16839906085292283,151,0.021778524486766673,2.7190682967597573,4.058784146443014,1.468573655135507,0.11224187459262634,0.2963759411281583,621.5136323704,23518,benign
2.1772730551556094,0.20562884724171404,0.3332948568808093,121,0.11280142292470503,1.3950870850569683,2.521307451945078,0.6365930554778085,0.09536866397008792,0.014059748356928036,2296.445975802404,18537,benign
0.24842572768948412,0.44713042255695234,0.450280148028085,104,0.036713690477155184,2.13622447943817,3.612285542217027,1.2984535563639266,0.16076911176572173,0.24278124917765267,346.8270103794347,48044,benign
1.0582302470892153,0.4299237637733544,0.12580905233999923,134,0.05908835868408416,0.5384790504716935,2.2630534576235,0.927766072411797,0.1725054498061196,0.08675334561863986,743.1431977080429,35051,benign
1.5594992230026952,0.266876046997619,0.4967141097907846,102,0.1720722478304928,1.9586455382426284,2.2379194777894456,0.8051382099158564,0.108831931765344,0.1539644135306503,1356.3925631790153,4096,benign
1.280163431190723,0.18872207532775626,0.018924345706436807,64,0.10025518301985102,0.39600395973925684,2.36639751151409,0.9214704764700768,0.17903665614449127,0.21401409359018012,386.3423073312914,46279,benign
0.1218526856182357,0.3564947704626777,0.057357792864691504,12,0.017802333979784923,2.3879383019642924,3.425751936387968,1.402917219574876,0.10547190217905678,0.20813145208545383,3515.1540490778393,54656,benign
0.5820823647023796,0.354684847756202,0.24033887055953806,183,0.14572242832851762,2.435926902169475,2.7975152897140285,1.1600018135334382,0.1422522963215321,0.19600905994210985,3320.9674120090353,37579,benign
2.8350739449138795,0.3411414465690072,0.3594754082715836,121,0.08881977949688934,0.4178145170477119,4.091020082579706,1.392397907040642,0.059534068895365104,0.07277343060008186,3740.930117947818,10596,benign
0.48770917425995464,0.4212120271701678,0.4632469661506426,31,0.016537130044402472,2.7748349692106205,3.519409896527218,1.027928131121227,0.16370086302864195,0.010754102017615064,1053.9705593252675,35262,benign
2.556156997388326,0.28865929262241335,0.4236357237750389,134,0.09691140309810516,1.4674115409759065,4.140361583609264,1.3816919068749265,0.012594442423338938,0.2510198109830312,1895.3167270302615,41620,benign
2.4664114771933203,0.25802173992010263,0.48525667079548235,35,0.08910557591312751,2.7396959180721145,4.408022296785938,0.24920907970414488,0.1301443560379781,0.1152418786356072,3274.1268518214374,25262,benign
1.173881271234324,0.2584540668037008,0.22067931971234356,186,0.11675753219714287,2.595148196744213,2.2828076762511444,0.2162595232007088,0.16943589441126394,0.2597838102231867,1249.5196874600447,3225,benign
1.4003505595327903,0.4444903290096732,0.2031576960061775,168,0.08687557825786828,1.0602109529150288,2.8118851815755246,0.753974690835415,0.033962832165121706,0.20757370624131607,2659.87839794098,36506,benign
2.4720054229497577,0.18337556671381405,0.2947250461472281,24,0.12018033651878629,2.1869522172076556,3.0002741021348385,0.4391215492430348,0.031968631781190186,0.1015310924367981,1511.9816597451486,41049,benign
2.0420589767106376,0.4209579299052024,0.34597448850570284,90,0.1407679569259166,2.6445809385035095,2.91463037233666,0.5719730446231688,6.762701213347544e-05,0.09596580336774045,1632.1992538688824,13742,benign
2.510831209287213,0.25244478187908964,0.4514405775872405,16,0.19789244900987046,2.996826427777269,2.597897308017191,0.661125638094259,0.07715087783284075,0.12641125398086278,2766.415606976047,21475,benign
2.2727897574963714,0.04266947538466337,0.29601171288426215,112,0.11152500216786872,0.7601575691585551,3.768077751313711,0.38817600470515157,0.06635217436542254,0.18511882708735586,3769.4975367712264,14581,benign
2.073814438321814,0.22449099365629815,0.4529839747910428,157,0.08812348116620064,2.3669542720281003,2.4473668000275035,1.2977273757318144,0.1803488728808895,0.16635758189685515,3277.8787717361565,35688,benign
2.7389223180206343,0.1455981988229365,0.20783918292360598,153,0.14240928907958755,1.1610915801620179,3.760965014894555,0.8437132281878361,0.18114998340115998,0.23111065017246663,1522.5730202126556,7056,benign
2.4684213992837662,0.2639425223319201,0.38567921752393275,81,0.1827718033449914,0.20414164288544012,2.972032958994525,0.6572541869971302,0.13249671107244954,0.2380217771179671,463.0210087867822,49652,benign
0.5371880627489798,0.4266549276676973,0.49903372836650567,95,0.004601637263677994,0.8423869678944238,3.324641883240119,0.7914488429445148,0.1258797484482036,0.09608245025634393,3882.158174633355,39689,benign
2.2446728252437347,0.08972776361022866,0.03938485236409156,124,0.007212088204311096,0.47765510657110266,3.641088443335902,0.10955301642093751,0.17590148587657142,0.08225233466250566,1492.850625383416,40017,benign
0.2600439693436284,0.2376123121460118,0.3536220184719026,178,0.1954646645358754,2.166480930750443,3.6208115911365972,0.39420094812425155,0.13182123753366679,0.153994674272639,2933.508378126896,23003,benign
1.2775687208820647,0.29125112586759555,0.45157992944128256,12,0.10920171112923419,1.6359045857234178,2.6019259345021464,1.4193104482905479,0.02908643163806144,0.06301708127074897,418.02496420761577,58403,benign
1.1902556614602757,0.38491015575040954,0.4472454521734037,45,0.010355331880270137,0.45595855461358725,3.165045702860417,0.4231470290378445,0.03829384722829903,0.14860251430942154,244.77913062557565,53550,benign
0.6065042819264539,0.4704884812506873,0.43637929525320596,21,0.13207459390991458,1.8140099117249708,2.8420153185346075,0.14336416674488364,0.06471286617449634,0.16467904988681312,2638.0526979021843,37651,benign
2.813715325907968,0.2753039406175384,0.13937357834081382,98,0.01930553463053233,0.4824930206549999,4.447727651817122,1.033593954937765,0.16658775751294722,0.0632471605893455,3483.867694472106,7606,benign
0.28433003508350096,0.46080900943118946,0.20315045241530744,1,0.021228760503467184,1.7161900092640456,3.572739771628185,1.2529065125349852,0.17770682738319687,0.17660445665375324,1843.9269090708797,19330,benign
0.014698244965726803,0.16827948117277025,0.2540483480877118,34,0.08054663070742674,1.031731757710109,2.8279986690170467,0.6968308295369812,0.1479703433941832,0.19240594003372916,2621.962701170739,2402,benign
0.968762410991935,0.38215988565883,0.48483640629098024,91,0.13274051107781365,2.275653081654336,2.624458000980718,1.078496160569817,0.15643556053300312,0.034113380864358375,2871.152624275415,46641,benign
2.972234154723666,0.3818627291588672,0.13278128535009026,48,0.164024106118841,1.4807299783729975,2.032890150591853,1.1304038091885678,0.018898176064871076,0.24755315685511003,3428.276080888846,15857,benign
0.7940853851653197,0.27563949038563873,0.330248050420767,86,0.17077389408168595,2.47169509378221,2.199168370309773,0.4858496055468441,0.12196986050582088,0.1408273494150454,545.4893466640357,26625,benign
2.492082796553193,0.08689435936374551,0.3798895707279957,123,0.07735583251578007,1.0555283507923798,4.03031782945407,1.0913859886035204,0.1180582284456706,0.10849552423267221,2231.228504098132,21674,benign
0.5193409110613963,0.19310214783013752,0.07334411595478335,153,0.19603637891557102,1.2148678666472914,2.5994988059712623,0.16847668171531505,0.057501591865354064,0.1674389903231734,1880.7163113711692,31759,benign
1.7591350643951333,0.14542505911961334,0.43517189826055935,120,0.027893088154290147,0.8191243777994411,3.6055182897974003,1.2549172382506537,0.1984199997064366,0.03461643893364532,1492.978868106464,40845,benign
2.875228005538176,0.4834393096325423,0.25261451141467894,158,0.13414273106105992,2.0810800011091497,4.3777039690300565,1.0291805943445402,0.003001166883699069,0.14957876835639947,1608.6362148385583,51512,benign
2.149539703697421,0.3223112304877304,0.4781479382443836,76,0.046325790604890775,2.7832365868271403,2.3021206761638906,0.37265265239957457,0.06634811408269099,0.03209172007693365,1778.700157888709,16615,benign
2.941523925535459,0.45451891838099584,0.4448455786481977,118,0.1416464830296867,0.21166477477163848,4.335485142227949,0.5652697763918987,0.15552295354567525,0.030077514909856683,853.723228877494,44222,benign
1.723669947267119,0.14807988481719364,0.47371948593243773,2,0.09386799514292075,1.75174959942178,2.4739833334069816,0.14191510138327382,0.06458104136598382,0.26861642202956476,3482.053886601921,54415,benign
2.950004119660264,0.21447002929289422,0.09140897253147928,181,0.006058631497322376,1.601972393055564,4.213112506880158,0.11823329644081902,0.015581258634356821,0.1763757035825059,1297.3908836836947,26141,benign
2.5111410951600117,0.28368616284928144,0.4173245334862819,90,0.008931585050761349,2.5264332282939796,3.8216048833655663,0.6977864062343659,0.1303103149416978,0.22213191307236674,1718.9447462265248,43488,benign
2.3347446783057846,0.17736409169515466,0.43140967405808245,23,0.05918054839415637,1.4304031300385514,4.052765303473247,1.3496489266511138,0.08387833174105469,0.04480625812550747,2422.279061822357,24502,benign
2.6654696607345008,0.22824981357697438,0.4736391566735209,54,0.019483250310165623,1.8924184800917703,2.88982034286453,0.6877262520869829,0.05509753620025022,0.017255598080819532,2807.7340560251646,59115,benign
1.89447455178485,0.2996535286005655,0.3247735206644225,7,0.13761512702923803,0.8941585411454277,2.7242475086294275,0.7936645786235802,0.024125079719591193,0.13841360127862318,2064.0206629840177,33019,benign
1.0690936391297143,0.014142987175288668,0.1842660314121164,199,0.09215065277630702,1.8503927408907943,3.479248928947566,1.0028961788676767,0.1892134567234083,0.09295981798238351,1882.0148213553505,58031,benign
1.584847320170979,0.1699055774485873,0.2934460433233478,130,0.12880319087671419,2.4620126850833124,3.5454841303283313,0.9177632072347206,0.13890977407566782,0.025211403107242947,1593.2346319434282,2741,benign
0.6795011870470907,0.00011084985514908663,0.0789410478624537,116,0.13332023494710324,0.3561414464012338,4.14955533674805,0.23686765905396712,0.1867658822672612,0.05221749213200467,2115.6633279563666,48771,benign
2.332632371645116,0.24126881100083647,0.49809308778987577,86,0.009499371239480837,2.015031549856114,2.304487158524531,0.9269916898114382,0.1870798799792567,0.17732938264922996,1086.5373593407267,35793,benign
0.5102355048445995,0.30400033254022013,0.3611099946634971,177,0.08291697919354751,0.3518486340811532,3.012271585459615,0.507468484297335,0.05224617357153878,0.023281587844652063,276.9856291636294,53268,benign
1.7315938469597723,0.04649523003283379,0.16977835479436815,83,0.13657663525977348,2.3423834484464745,2.5626311661617525,0.14724756218869292,0.015996229225947078,0.28274005097085747,3677.5980504111194,22846,benign
1.607696788737343,0.12104720107239836,0.4594373581171838,138,0.1806231167650263,1.5654704781370081,2.892565527357889,0.14039768738291214,0.1819813964004158,0.003261224290069531,916.4091889032608,20859,benign
2.0157084104330716,0.40199591052950684,0.35619543738652787,141,0.18919973746030022,1.8236200949761199,2.658963132649328,0.6284272197235425,0.12641190007192082,0.11006591849535681,1721.9945198668236,44086,benign
2.28145979599575,0.42014077992479887,0.16656227197996443,19,0.07654138467355237,1.1962982098697454,2.2997040071186703,1.2698166990183275,0.05783364283168666,0.12248621355666323,2246.5242980079283,24795,benign
0.32948365819172676,0.19386662713518232,0.46469225272915515,45,0.11526938658878737,1.444557973384648,2.7634197877241533,0.1372522664013151,0.07435943125263995,0.058472935036975246,1476.3618790680016,45574,benign
1.8748228850039506,0.4071118652706134,0.1621709367253527,98,0.18680377056959735,0.5321654822649537,4.487242368762123,1.4702648656120054,0.09779033783862981,0.21282931861346963,1826.1029521116895,49031,benign
1.2418676473955783,0.13857012651607137,0.15998051172514316,110,0.00903561483687092,2.459212432534877,3.7304954932814285,0.5392695257154553,0.12242015306012427,0.285617554829604,1690.4593835878093,10398,benign
1.8426043070038611,0.35305411115674085,0.014862347944605836,189,0.19523762478411824,0.7397504706127609,3.4753246514649287,0.4191399158493736,0.014289956168622654,0.09852966663824371,1921.7118737612514,28774,benign
2.081953629439486,0.2727283118285572,0.3504540464333151,185,0.0909578561007126,1.8072081648121319,4.000397200639978,0.8259792505314452,0.04668158042352082,0.023930376315044122,3120.728663824387,37481,benign
1.7564387572818656,0.2200495394513312,0.054000788475091765,106,0.1698696591531973,2.055780388736885,3.6098664592380905,0.20689243054264125,0.026339673944186903,0.0892754176613127,2190.158505833254,24368,benign
2.1986582305761457,0.3282211380868883,0.024336123319379788,64,0.03356621710014418,0.8873628342433463,3.1601738152507535,0.29173291964345616,0.17550841239457637,0.039019891561536055,3504.330760097874,7915,benign
1.560075771613944,0.00669533954859497,0.32803387814122337,29,0.18716868125970199,0.3617045017538115,3.290874607754639,1.1192074411391113,0.09316736416829817,0.2544469044538272,2761.759843533992,6155,benign
1.3886034273878152,0.08122172135417766,0.4841776034453317,120,0.15489123911766547,0.4768572000545037,2.121058723316997,0.9358432325676939,0.15028958495782088,0.08593035633827495,2160.90548597405,59504,benign
0.8603065963456056,0.14691173219397824,0.03208814524362236,152,0.13058583701889367,0.4276107835320109,3.859068760621374,0.6592910005865737,0.1421859199330462,0.18035268288605583,1464.136154747826,19475,benign
0.6874550099901197,0.3402813048847991,0.3799233835710923,124,0.034612492188040966,1.432582338175501,2.8930116336393423,0.9259190140091905,0.038293814437568054,0.07675561053453596,493.87785866894166,48551,benign
2.0859063182754554,0.3531176566806871,0.11433024602332093,155,0.08765447200270815,1.0307479873706233,4.082938916909044,0.5347891657036328,0.11617404319090757,0.011355182645207473,1388.9484792959402,15183,benign
2.087134058437373,0.34038041209301334,0.4306165244028909,180,0.11713789203534362,0.44347548382569846,3.031785780867394,0.9457713431779342,0.026806267283725885,0.15646149042909885,2562.906911383068,22585,benign
0.5864475389297891,0.3838085532818712,0.0060721428602131255,147,0.0803898911207493,2.678878946727872,3.704221956778043,0.9081638703583472,0.050554525215056635,0.227654546036526,2078.2944682101243,23993,benign
2.9155122498333363,0.03977578050686731,0.09707462555075702,159,0.17857404720074144,0.7705693755536929,3.090323666320775,1.0242476213299825,0.14610720804821561,0.2528855113306656,699.834144949028,59267,benign
2.013452340868188,0.05294445420767735,0.4875726355233432,132,0.11015741275860265,0.0009881694819313669,2.388594364239434,0.17272137336079751,0.06185542102098081,0.09000367679491873,2369.3104450241267,42451,benign
1.5936483696294788,0.42767558013105694,0.28769523741684483,161,0.017810657490030368,0.9450981858379612,3.2980235478833233,1.0812373627079717,0.14484647427532185,0.021948752116801105,1310.8832000637565,54530,benign
2.5235260546349028,0.1784188764805672,0.06585955927449272,170,0.17506729165268836,0.7733130724400465,4.412119605866923,0.8150199795754607,0.04649399267918855,0.07894867729574986,1220.6450271972556,46750,benign
1.4595612999094647,0.2841856452417549,0.002359678580002189,124,0.06226148613357057,1.1880908946928628,2.6148814505594338,1.3974947629616215,0.16814922638486662,0.14469283813887415,1373.5425054537359,45996,benign
1.4278346103009805,0.2517514028667071,0.20451610721121716,86,0.034314174993950265,0.7098834319233368,2.4780153408928873,1.2803335881489266,0.13639480779869287,0.26896430207009836,2810.640140465227,28365,benign
0.7748232002326106,0.3133312856688123,0.21721322072199456,128,0.12857604070660608,1.0142089773387597,4.10790550055235,0.7875920676281492,0.15380144830979542,0.24853391316694196,2723.2140217521255,20363,benign
0.468406444172077,0.038473355613976135,0.2664016982237909,68,0.16159471660266297,1.6689477939298007,2.950551221973577,0.9880356082246026,0.17409986317116374,0.054984704792741264,521.0145816790799,11592,benign
2.1348617366427525,0.3848951131832072,0.34039895618500543,8,0.05806090176653145,0.20214599223010044,3.276944011370836,0.754212366530398,0.11104914393176502,0.16429604600783418,990.0134190045752,35941,benign
2.5323329047171277,0.06170116408157683,0.07698756908398974,179,0.09747691836220246,0.20480558420306838,3.4048117267378526,0.9489971756855611,0.05155459998935983,0.16760130255682118,2475.3517400982346,8693,benign
2.033396334287877,0.3406872309170176,0.15918135658533777,106,0.19359627955194086,0.7645991700055316,3.45387143514148,0.5248396395944751,0.09310528811997013,0.11505385129925626,530.7207031122321,39610,benign
1.1064645500878507,0.20107104957535538,0.026492860759650683,18,0.08839231412896575,1.322215182229713,4.0174338261681175,0.8025428952226119,0.00492271027425697,0.17392868226751929,3097.250770124894,11007,benign
1.7271662736571565,0.24613081803106918,0.49825193271366225,40,0.07461072628624454,1.5810663647957557,3.0196436353986105,0.14190563185530175,0.08908319670477749,0.27945928968729095,3022.06250089987,36705,benign
1.69023742102197,0.33584686718037227,0.21192515568503156,193,0.11008437510181733,0.9123661982485712,3.2658739754408614,0.8815260219640847,0.08024223487609433,0.03209619733099225,880.9031770691053,7512,benign
2.8096982504228816,0.1855013753478184,0.3392425555270258,159,0.14141607436047018,0.08647078678687925,2.2070919608100326,0.761288742318006,0.009614926419110083,0.2817217313949996,3948.1235333652266,39938,benign
1.1630226358670679,0.02301873567573609,0.14263160702524724,36,0.1286461133748286,2.656577907423403,4.191447114452015,0.43044177272509165,0.01930085946014455,0.16109371561653266,3274.7425317294815,51653,benign
0.49434795619801053,0.4821057758608028,0.07110893849503058,85,0.006639231236651822,0.8553614067433712,3.6825683090321912,1.2600825816909962,0.12837884220533402,0.2171449767219242,643.438833197213,55391,benign
2.6307986799870324,0.261338449703958,0.09676727703362842,67,0.18793288260617558,1.5019095336341315,2.834315556606139,1.250298528752613,0.010976119964626708,0.10534291478960603,3585.9447585467833,18325,benign
2.6841854906606053,0.37107232053043043,0.007595171703005055,174,0.0917039772886241,0.28984107470956166,2.443583422589815,0.7783665852065559,0.07813044603660557,0.014611653528490587,1300.5861778466945,32830,benign
0.14479678500568594,0.26564741686208626,0.3441393005657657,160,0.1408441932806551,0.4284660094598246,3.322735291899088,1.4684591850706323,0.062127540739889,0.06086393123608562,2000.1219105574432,30754,benign
0.5946720925184471,0.4098434513349861,0.49484477083269773,49,0.11973237648557833,2.022433242808947,2.436876917650298,0.7478060408111614,0.0019533377291184096,0.05549348622755299,728.8262691007683,22989,benign
1.9088509607983795,0.28230808954386294,0.045800468548554185,25,0.03284584959495727,0.7151088534857604,2.9139446341320974,0.7809734497178288,0.014877915081729066,0.14566750807915077,1898.5450125637144,7713,benign
2.366535466904514,0.06137843919359798,0.0826199952370994,189,0.19894824540602324,1.8347281165472227,3.373665231078917,1.0784108600650302,0.1654070611076223,0.1450706830094383,3315.1363784212995,50056,benign
1.8200775202216513,0.32095328232790266,0.4008484129405047,75,0.15742354369760486,1.5754123243985254,3.2245473038859,1.023918677790834,0.14748611280745794,0.18474936624857846,2349.1615829429425,52320,benign
0.5747675883796747,0.08637033471849215,0.3181944816187781,13,0.13454489204294037,1.5950895633830315,3.3865940041622973,0.5325926002688208,0.053450690476735056,0.16268765789114667,481.8146109422889,52263,benign
0.3529247257865973,0.41182706750831377,0.47389990560104905,130,0.053939212419878646,2.699794471669498,4.496180980331422,1.4161020884206066,0.14320238957165674,0.2693750679671204,1415.7358629783785,2506,benign
1.5179179021955507,0.3405308002364077,0.1823560327720768,175,0.03829430926066575,1.4188403769112639,2.538414430425531,1.3666742324072625,0.027934383644205488,0.2471764968960419,2265.6822465734076,22579,benign
2.446531219977034,0.46990431907155383,0.21403118136461663,66,0.017928135306886795,2.7413227639373714,3.113427340619989,0.1891388859665275,0.14584720359032516,0.2503357424308687,1896.494222790057,8834,benign
0.6512015432163786,0.31454039477075524,0.14320126260951022,134,0.11152738909907828,1.8040111126068687,2.13426706353006,0.3150557907387245,0.024470782049927656,0.19035821706987524,2035.4592108866175,59576,benign
0.22539808461835087,0.11258154872738552,0.40219459658593576,169,0.042220215718055946,2.2268615447071483,4.024115921285816,1.0659318859221536,0.11855418580013376,0.29052025398134873,3975.1362247657166,20569,benign
1.653134987379914,0.27856877291264154,0.09375815743611593,134,0.08418276580362699,1.4129759606050185,3.4639010289659664,0.7920380016955583,0.1995400968787599,0.297700791122689,2078.455057391643,36429,benign
0.5754514444057639,0.3858861384799485,0.18990044347176244,59,0.1522096865552861,1.9029504851892831,4.314995218119866,0.2930101838053799,0.18805913479135594,0.0005834763501393225,3929.005153979289,48866,benign
0.20227116145280877,0.35594414876253816,0.32969901873117213,154,0.1213138264001845,2.697165515858379,3.6441336774248687,0.6471410129392677,0.01619154540709804,0.1502154741616462,422.15916089722685,54511,benign
2.3197937941238047,0.17114835300074255,0.45669206904506776,118,0.06350203121374712,1.7699036664448247,3.1902587422475372,0.6612595112392424,0.11880805079377543,0.053391520248500635,3569.524798005746,19504,benign
2.4636798182337674,0.3276755753019021,0.4064148081261263,34,0.01856798087667604,2.093089038910483,3.324592317869153,0.9094109355894545,0.09521943284752946,0.2770462480494803,1782.3608141143764,11870,benign
1.1950066532947061,0.4676345306505372,0.042481307936450774,71,0.061635266288858515,0.5818661239498645,3.1284322090974253,1.1866206326877438,0.010286965319475906,0.07572552223201569,3464.160362864765,17874,benign
0.8822290805048533,0.3424050215497677,0.43203974724034744,191,0.039460815273960816,0.23578520733896424,2.834483553517204,0.6019393847884551,0.14087907788253132,0.24960772805559328,3695.413657238035,32992,benign
0.8313626683108734,0.18365070112623438,0.39566283285321413,22,0.10905321985597849,2.8586369080027927,3.511356209184819,1.034215382911533,0.10114283113397389,0.11833753620620974,2254.1052605370705,6219,benign
1.0829142774850524,0.45537916519171423,0.23536718373522658,110,0.08448070339621555,0.5494770144530913,3.0423816483570665,1.0297869546574707,0.1252684327513782,0.020906171079657143,590.4141817408298,21338,benign
1.7307229293487862,0.41381209636408633,0.27688829610704696,56,0.07176049482390938,0.9401922480995255,4.051313817069411,0.8499448829443049,0.02717686183512129,0.13204497613986071,1592.7030702005331,22370,benign
1.583460234337432,0.42759188013358385,0.2216066188313373,36,0.0772739892356324,1.222753656726679,4.170592867217952,0.9312529456958006,0.03861780779312032,0.20007403376512103,470.9556409448388,25025,benign
1.066047543518089,0.05342068834665081,0.027731164157860977,163,0.0815984279671843,2.4511068612676876,2.8447674728653265,0.3243123468642676,0.14264637930817797,0.18752413061651663,3308.3312229039802,41888,benign
1.9122629377145444,0.145414416820344,0.160140961754893,61,0.08524282106062875,0.8899661438236735,3.7292500718122525,0.7659501686973723,0.18529176735781044,0.15109825999039994,3921.1938438644015,24176,benign
2.02730232584238,0.39506390133010116,0.45654226259089203,64,0.06542664843843737,0.47154527562396764,3.0769377589829077,0.7048657782438007,0.07119705952817501,0.05043954979530375,2782.4402813812712,49546,benign
1.674836843925103,0.1374037479423421,0.2993191440310693,101,0.15193703440991446,1.2823967363158095,2.6085245506235037,0.8914467118580177,0.19679128663483014,0.2969716147502533,1649.5349857431845,48976,benign
1.1618847451556218,0.03685296777892805,0.049090946088188314,69,0.10583441448123397,2.4755234203919585,4.473508856618062,0.8414687209329162,0.04381126314821049,0.20263279002149592,3023.75319123007,47356,benign
1.8717083458174029,0.34163300623629295,0.27572045311963617,3,0.002258441067884709,0.13211464316809252,2.5952891742210755,0.10390146206102083,0.037605691084308446,0.20334048965729581,3988.2749190981262,59861,benign
1.7757083496423314,0.3996349782395195,0.3092155689974869,177,0.08213125699613473,1.6008232176208752,3.650737486681683,0.818329863158664,0.14568357243889032,0.048301312453173914,1992.2542984525874,45510,benign
1.0209715721419992,0.3208839040701823,0.4056193149388244,138,0.04500019867731134,2.1121211354679903,3.90613387842863,0.7802455398476781,0.05147831509168204,0.26147293142578787,564.9087911518195,12972,benign
0.9096030379927358,0.17242166821250227,0.29079288115949276,183,0.11908911642536613,1.3995350757653475,3.737260575789164,0.45711496141755914,0.1908610354291359,0.06808146265167517,2449.5806649783085,2840,benign
1.6372466370578598,0.27988665948377434,0.10067189822579636,117,0.16787587906040013,2.617601907938575,2.2209271333068723,0.7055025295982966,0.009434154068197476,0.1551502735364071,3453.3033921885776,58629,benign
1.8370252170055523,0.01075997572373022,0.48496421923057714,115,0.14867337569936903,1.1437198957918029,2.7151544742164773,0.22738821554492686,0.11360566271121737,0.018267912450584588,2829.3755197825067,42644,benign
1.8323953167654263,0.2813308278765291,0.14813244460993064,196,0.024601429198224768,2.120895068175982,3.7084131236920963,1.3219728580619465,0.16048241783406383,0.18861241981202145,3215.0774394401014,5406,benign
1.1485140266935647,0.42840058735753905,0.3626819666451152,22,0.10010039777656923,0.5063099964568492,2.637968466759988,1.328421778525795,0.1482279281734256,0.20183150352827522,1988.9934231913837,25969,benign
1.6973217216487657,0.03902661750728503,0.3438627234231789,168,0.09310292068818188,0.4089663602820477,4.4207363274504665,1.387833444048164,0.19194624609841543,0.26675213835108996,3143.728587018167,55080,benign
2.957308905589257,0.191659698273916,0.46163837412499115,52,0.08791738268965171,1.9020759844405692,3.105252937300153,1.2015994908410408,0.04576144884462022,0.21113317861089695,2557.9526028932273,15289,benign
1.2840735571318551,0.08243185876324333,0.3825134213073936,154,0.07381182084142304,1.290171192200357,3.3803968290155164,1.3159706994639266,0.12322857013394209,0.2504777004712245,866.7363836121486,21125,benign
2.5290441437699718,0.19000394831662826,0.19385248039837455,158,0.13733926983581277,1.6198343010128435,3.2594152621907257,0.9845541272431609,0.026035914109034875,0.09688455081045932,3361.5795638000136,54646,benign
45.988787331732155,0.2781960298840118,8.832533157093541,39,0.1058178506815117,41.3079688718821,5.445100893703732,1.1205925821882359,0.7163301373172115,0.7588190118097979,7644.733078383593,33154,backup
53.09094489545907,0.08379769201303067,19.538331233734205,106,0.28258883280568786,55.594987151726365,4.365787762308939,1.467609082806965,0.4175530793242902,0.5021194496235765,6707.039163939226,2596,backup
22.665205686700098,0.584421303534195,18.280632341073385,73,0.3178713260130773,59.69512466236858,4.199118817549923,1.3550049380152724,0.16223398698117952,0.17172090631329284,33579.224323050614,12096,backup
26.105064107052232,0.035408683184944945,17.34813155451821,83,0.24815309198954694,40.19634006826756,3.4412664116975478,1.1166586899840025,0.7757271769526649,0.09607936350730084,44921.17252405398,13557,backup
56.56392618253908,0.2943661827204883,7.909792420115341,139,0.13337180763299256,36.639019750407634,4.667202751905217,0.6270973227149617,0.9668011118290166,0.2271768714779676,20992.529146518555,53349,backup
57.03430810766277,0.8174149554089487,6.792672890244896,44,0.2700052893317155,36.84899715504572,3.566120883108298,0.6334531496883623,0.1892416063761747,0.7460098604667851,27455.80865356649,14710,backup
34.63390364952066,0.03820760954512703,14.349043192572964,74,0.1882624564752906,48.159481290480585,4.187927962917281,1.1016570316560543,0.902383879626195,0.4602517184361832,52838.625126937804,8377,backup
44.319011941322366,0.1607940785379932,8.106220415677502,189,0.253425945953379,48.609899080427866,4.972787588747918,1.2007996774258036,0.8074240444740508,0.2538464796186093,28149.45580822775,21368,backup
22.367457382797895,0.5050273137287139,14.384816105950648,116,0.22778655778200801,58.86162387747147,4.637189778164039,0.40815958520929974,0.9313768280742051,0.20898869415526422,24622.990088536048,27957,backup
43.198930509409465,0.7844410057228323,6.929141792039584,115,0.17101401147618062,57.67741210625807,3.969563666000391,1.3891656470923817,0.5288275014292592,0.8506281608379531,46471.84195565428,2450,backup
25.03992873918068,0.556980114889109,18.63565670146185,144,0.2101757958219969,20.83069798509733,3.0504224169010974,0.29627830080877,0.6997066051580412,0.6827390280749769,52708.902782348596,39780,backup
39.46814796592989,0.6623288028372739,14.825747695018862,171,0.21195864364765193,51.62729324930402,3.779197352533326,0.6839859508249563,0.8595597919791809,0.0048605865370595636,23271.875170940086,18796,backup
21.440539659943735,0.4261889749260499,17.85771773489332,185,0.255818743160641,56.38232872412789,3.1496439502415736,1.0095220674918526,0.6359175841090594,0.9701470940192111,49789.007223438064,47893,backup
50.51052205217748,0.5454512042653997,8.77641304935318,11,0.22164453579878746,22.663408538165942,4.9214727467885595,0.5174556157410657,0.5956275585954045,0.7774815211319724,32519.90531149122,50371,backup
35.46715522557085,0.4180830637694619,15.329131257893916,52,0.2716693967439033,59.02724267563583,4.89883677432493,0.7996890372559383,0.13433813143505102,0.8090326222261712,42940.73563578699,35753,backup
57.214440606349214,0.8694555283136882,13.356982501827746,33,0.3110818868292312,29.661281472982857,4.107503197219344,0.6934150844400069,0.5570769867131503,0.09327186680055188,55034.66006492207,10795,backup
23.191913407661147,0.30994714914219457,9.782559659584418,192,0.29715580890685633,32.93691913417233,3.0736305987384207,0.8117321492552213,0.8243884159556505,0.6511888864374633,27282.5140390696,5665,backup
56.9614244717913,0.11274870988409513,12.71856487802888,49,0.11812613386053777,21.476449092083982,3.234021110300642,0.7645021035181148,0.06992567671295169,0.37529260693229616,7485.449110290391,50536,backup
21.288222290224557,0.6515467728414275,10.216871381787913,103,0.3064135067324174,56.9823391971251,3.3490469241067973,1.2035384988798925,0.013688645630263174,0.43083388824756486,49007.7252638471,14322,backup
56.23706407764737,0.6958719928429455,6.274925293687973,19,0.16963704255596307,21.553884490157458,3.7019944284885327,0.9571344897636351,0.7326304445424753,0.4119519831296593,8149.427359577302,56374,backup
45.97781930636512,0.06929375498640922,17.627460314384482,146,0.16254207317393804,33.18863747938486,3.114767432768608,1.333075930528843,0.2824844750509278,0.4232664832166093,29907.185944659068,16105,backup
43.75373433178548,0.729689137533923,15.354991510462398,198,0.34326421060894047,48.383930079462104,3.606841091895077,1.3463970410603774,0.9602611131161486,0.04784679959400695,54181.83185288042,15310,backup
28.07685008829171,0.8547569117682087,13.115690903885415,178,0.3198382624163688,58.98350537160332,3.6555046356506087,1.2259859481513078,0.4674424131730921,0.11148451818311844,15786.962502765437,35381,backup
56.79402223364734,0.10295408813299045,16.643762574926452,82,0.2664380402660772,55.502898070727845,4.004201069294782,0.4220924806402129,0.5386435193604804,0.8623280282627177,24541.7958704939,50988,backup
22.082574267714726,0.48597089858273734,9.257328105837484,18,0.347883438412687,55.995397977748745,4.494240699970426,1.2042587013790935,0.5580693824658032,0.04863203132000549,39731.31044356256,47126,backup
53.63070872983011,0.13168654132543622,13.120042374799425,20,0.28917576878197726,27.44179474835665,4.630410462513385,0.8606753410020368,0.6604128142513479,0.6838730754786778,39154.41589266703,44765,backup
59.54909653641555,0.2861631432975176,5.283425563562963,95,0.34721755041999913,44.21219926270389,4.426380522037805,1.3990535922156464,0.4765113309013189,0.9151669290363108,58990.87543758688,16412,backup
34.319916374219886,0.41702428475871667,6.896411586416322,89,0.10473901945663558,25.30719712386684,4.115874705707586,0.4666282907491558,0.5802306056021779,0.6009555377905899,28791.991453153427,35634,backup
46.76526351028877,0.9995269948671068,13.753949374260127,137,0.19934746980943052,32.722889410269076,5.410594713774487,1.0787237492930317,0.5876437156383051,0.3564393040800805,13018.263722522306,2467,backup
54.41297691684281,0.4930164065472674,18.39166665026816,193,0.17267971006574617,28.661668247653864,4.092460071886727,0.5004596147832454,0.5481278047601991,0.13602516768192063,40360.724907215605,49645,backup
42.06580420770407,0.07364817208796537,10.915531254829261,110,0.31450112813974745,54.04732937522982,4.704915804469278,1.166458983216039,0.27199357625426823,0.8177828064726764,23663.3689866434,16364,backup
20.704926556669832,0.7345088731409425,6.552713837156329,118,0.33912011782347806,37.89319471767114,5.454025689001078,0.37228565036555694,0.8070217546194736,0.4253933057252207,49824.05980966411,24423,backup
29.890696570069505,0.5512685330207598,6.0834658568072655,140,0.18393946387818305,49.33933732958113,4.359035800524229,0.6939529578161807,0.016197263772640635,0.5307481520926933,10132.740452334701,42741,backup
44.46610595141529,0.07551573206511697,9.561640460910539,188,0.2686888170656604,41.03087497901401,3.01465704666988,0.7686924734095498,0.6917596265867251,0.5079233247164107,59386.607252038164,53559,backup
26.30718059342381,0.8013588491017014,17.131534270567634,78,0.3063087656909149,30.51941392211699,3.752493945899362,0.2875091301218819,0.13649776281086023,0.8818855665518357,18347.798656017047,25780,backup
22.8822448820164,0.48630734707457945,14.422838318722098,29,0.1780518878001771,44.50164073031765,3.3093614143434307,1.4925874760214881,0.8149849854285229,0.7267138617437371,7472.6740983871005,15463,backup
59.5958010824281,0.3708354715406472,16.65651926432517,143,0.16469317572759146,23.68625978712432,3.67199333329107,0.8399969591548256,0.9046120164169508,0.5987869755572006,50748.70338042093,36802,backup
20.00432027203726,0.5386493504939892,14.439946963299072,143,0.3184720058987634,55.104835752897806,4.133965186096825,0.23409100782251172,0.34607270136965895,0.9626976256708636,45938.97514561466,10460,backup
21.050662741820105,0.374613063837573,8.73683845243226,80,0.26803017375437205,24.8091126405027,5.047862140735906,0.17799740714057255,0.6555198370974866,0.7785427132065404,15027.80543866625,1262,backup
23.52011022659235,0.8181785970027068,9.329696065679874,142,0.11362520045416699,58.53894850805436,3.586720123642593,1.142788611554691,0.7606082775953226,0.3302085890382799,4500.018499011798,1534,backup
48.161606597474915,0.538118262099535,8.383139740179663,144,0.11187680774728018,37.98477170723936,3.9002594928425998,0.5790050029444882,0.1053311946029396,0.4303747563052285,59961.0446263668,58244,backup
20.298734190020006,0.7149539609209465,6.618396755194948,108,0.1405946207703871,58.593798775030315,3.059518715117716,0.13413106377406125,0.7307871299343836,0.5411586802601176,18905.62491240038,55925,backup
45.74408595738582,0.6546916827120568,6.824452233787651,124,0.30929158666484863,31.907133948901766,4.241915834351357,1.0187801055205317,0.42001558357477287,0.7447791665510074,58223.187479000655,30441,backup
54.90409157754584,0.9860499639870415,9.821619742184467,50,0.18464983649864658,26.572058944959608,4.276015564115702,1.047358384096207,0.3360645089269281,0.4925144703163665,31891.6505677475,42381,backup
56.12453017438526,0.03210413664149869,16.560054858156725,106,0.2368441279110785,26.95235593475038,3.1207300267803273,0.8676310125851725,0.7147445121711329,0.7972710648774991,50191.8340525475,50110,backup
24.19476407177349,0.14960549929422717,8.915701847670856,84,0.28307432888860085,46.7965636867596,4.874566983961102,0.6633666875082221,0.17420205696852087,0.19127592780956115,53382.96751569136,41741,backup
29.773060920250096,0.631103592486021,12.736822698473459,33,0.21674443274372485,35.012209674289466,4.5518955600205375,1.0514509002994123,0.1606660097817706,0.8066387498316312,12206.70544316502,20005,backup
26.90134967063888,0.09593721575772685,7.830293972423542,104,0.3005517650694549,40.13806730697783,4.174645927090106,0.39015022554894807,0.13820354630034914,0.7745666950330907,39008.2413703423,49155,backup
43.35781859128797,0.9119550399550601,13.146399248962325,3,0.2677277442628924,36.051957612939056,4.8537821958304175,1.2188612676477617,0.6626384320014649,0.3826593599959701,32050.55878109195,51488,backup
53.631083344298055,0.24651885754542768,19.30646727138692,172,0.20657719779715022,49.21633935718691,3.3851749848775428,0.22796258867873403,0.46152280536113466,0.13530659409707158,13128.04445640678,18224,backup
26.481657246323604,0.31566425247797747,9.471365926726257,190,0.15791289002171155,30.08294784660652,3.826324754180952,0.5015487043561987,0.925951796150394,0.709854994385271,51289.66854209765,5386,backup
37.29137766814543,0.935181966917874,7.856222756780568,108,0.17868814493007795,48.870720306071505,3.398938897696714,0.7766241916028269,0.0759889679334862,0.7645897707435115,41513.938153792675,47976,backup
35.15806489749221,0.6961297034631966,16.87927979901442,79,0.18813566847013907,39.634024571070825,4.939392039724914,0.26856174492234763,0.4422287283073698,0.2355792696604192,30531.685069918345,33840,backup
43.12073541195749,0.0214464813380143,10.85126625538448,162,0.21893694763953098,50.3030525667953,3.164180104155248,1.088770041835513,0.1323573171953697,0.6660344855645817,22959.865518965224,49418,backup
45.5010717082982,0.5282848191561064,18.06058323975332,148,0.1624107931814024,50.694715364253014,3.091491781238595,1.257864333466165,0.8263227592932219,0.589095524265529,56787.75432317427,39852,backup
42.93998006822304,0.33442190361598934,16.424046791317025,64,0.12547311722365984,28.668074508706376,5.3016477822285735,1.3466468359730204,0.3311861026267716,0.6593882831090137,38177.58149365593,37316,backup
40.756743608566225,0.24089302707993987,11.581071659313286,193,0.2938495548401898,43.11847835205356,3.2078475176965786,0.23048065903635412,0.17239949831117674,0.6116895259704618,18736.28268529883,5237,backup
43.97560122395964,0.028493959483014364,9.984716851140488,65,0.15752209983442816,21.8451516242466,4.689131750810345,1.0129878491801094,0.5851872703021774,0.30156865592986093,22348.633800712058,57046,backup
24.413267650146683,0.535388064143224,16.629559174292858,59,0.3127363057285356,58.868019505942065,4.439916191154776,0.6939496418838522,0.02501125229986345,0.805146545476365,33939.80425541992,26565,backup
25.10978967100133,0.2221251790454848,16.096183691353037,132,0.16444862119185438,43.21107333280392,3.107241173565818,0.4014888815966323,0.903030906383115,0.5324990582817956,12895.371357346756,38789,backup
42.23120467793835,0.804842942489967,17.610580635297808,30,0.2042102814744607,31.965852054517345,4.889501598248065,1.3837852630801593,0.7666739341676791,0.5638776774479238,30889.18724504626,55296,backup
27.850871556602655,0.888186691986226,10.309655301602955,199,0.17588451187129656,55.2524798521374,5.174895047014669,1.1990579198682538,0.5223906702949567,0.9650230567081325,8041.0157686027505,53513,backup
42.457394991185694,0.585189896048844,11.17750600989899,43,0.27319661523665534,46.37226928607505,3.4095875834663887,0.693106324592297,0.37264687187329504,0.31391842057917096,6644.621917661549,46692,backup
49.99993264079147,0.17579725088911102,18.09436749924004,21,0.29734938736310457,22.112872269549943,4.08059207766293,0.9236784476764501,0.19573956103353662,0.1941423908450315,17092.534617381396,37679,backup
52.3256691041805,0.4087763504747146,13.680275303483874,127,0.14308184907618207,56.66123772002286,5.3584428123660075,0.8885837021091502,0.9597420356351531,0.2231651200492607,25234.78976458417,26689,backup
25.09661030130561,0.22895571390558922,16.723199606615573,175,0.2442371268442302,27.297388129243902,3.8964927089128505,1.059647798738743,0.6020219440020044,0.4360547806240921,8616.277073193094,57249,backup
23.237437964415435,0.5751511251987351,10.868869820250243,25,0.2733614962522379,43.989163965972324,4.138305194952882,1.2867696903968666,0.9571715831082456,0.1019378880112678,10888.447414764432,29038,backup
21.71906722412224,0.3615774413078048,18.906213507169877,18,0.15455079748248718,37.98013420071278,5.283733622370455,1.0481054723294794,0.02330711346153813,0.367369474216795,9388.450165639115,38777,backup
39.12918858758116,0.2827124225070654,5.72671377548852,39,0.24432625622443704,27.063367616312973,4.484769927578656,1.164731088055308,0.46947458644351714,0.3616078124444134,38973.68752692261,48499,backup
25.659302569132155,0.5847329360385145,17.98999012697378,186,0.2733530612651282,26.64349536785299,3.415730517411768,0.3292971659950474,0.14598342020616262,0.13223487197306527,45977.46659964918,59089,backup
53.07058612367393,0.2266668817938533,10.553889590201406,64,0.3447287676979984,22.60890243314453,4.491707192981039,0.7142214665940253,0.4509311791098536,0.3575309502137922,57730.145597414776,7128,backup
29.312738021519486,0.3277858651282394,5.338711130131407,87,0.3284004522372004,27.76141483820064,5.3642731788795075,1.3926512992777609,0.22537462000549735,0.45016881223466476,19483.978255706847,28818,backup
37.889740325314904,0.5728830340043057,19.08499507572416,96,0.26794026639846635,54.14472169404927,3.3097930056847957,1.1259356996885743,0.4600196784646807,0.08584805981000998,59554.37404572116,8539,backup
31.19627063281338,0.3352360657843516,16.609367882750597,87,0.2638683750794072,45.74958716402506,3.1017149056239033,0.7492442933867912,0.942475468543832,0.690898520521975,12511.428130730023,9978,backup
27.86709538197303,0.32703316268510896,19.763929737692145,64,0.1288178381177297,51.82756989014006,3.9202219719770515,0.9905245680399937,0.31109651027524343,0.7605876821971832,41836.68414801735,31891,backup
57.662519520182556,0.06546172806960093,16.007324658870253,87,0.16361237268119694,49.332241894529886,4.638385715813515,0.49374155900648076,0.315949145096733,0.5080898055358616,16078.035124433894,50291,backup
22.888167741272976,0.06098308589650092,13.590665310708893,100,0.34370582794968974,59.065129324127184,4.029363231154155,0.12294346003658972,0.3177331537400888,0.7588158172540473,45283.29924134898,19718,backup
49.28945620733313,0.8311409832042479,14.001486299087887,69,0.2726705105699821,45.709867043710894,5.031075473739442,0.14207138570160857,0.4698791776527501,0.40864372461630705,28032.8642090008,44805,backup
30.18615299912581,0.04132058807826866,11.563990648834983,150,0.3354535862922755,55.8487707366648,4.384315368243345,0.36802823695424014,0.7800222336585787,0.3052476845283547,24534.476823556743,42661,backup
24.082190225087356,0.3533444951692686,15.261608335409841,85,0.2543097059268523,35.82567706611442,4.3019174907671145,0.6062719858476956,0.5552245679604322,0.20949828307423246,56446.22741613348,22407,backup
26.77277981003112,0.3858273914819551,16.44386233456562,182,0.3311034897125227,58.06664941047951,5.003406223830466,1.3996205604155958,0.3731391643050814,0.29527767751455547,21341.86971919685,53569,backup
35.23195862008012,0.7574922414494,16.801208457253846,165,0.15078189261081962,52.09956268389872,4.408204668976112,1.3481888007209961,0.3949266462145442,0.27382144289159505,49876.49930481582,34382,backup
46.0647039429184,0.39946366675164113,19.982981187622784,15,0.34654573965962077,39.277468635355206,4.478895594258473,0.2187473448856456,0.010314909789660986,0.895918919915421,59787.622673620135,58463,backup
47.48350758473056,0.42293856623545556,17.456896468209877,131,0.3090895962699426,42.97891905575315,3.777586341732794,0.20925807528338372,0.38598907791397286,0.6310335172277923,5129.262257676528,37537,backup
24.715308509256182,0.4438250928133223,14.187030017593454,131,0.2603811765845032,35.054176590603824,5.27484397214571,0.4709755440905623,0.7262763929519526,0.8963251301082968,56527.76744643069,51910,backup
36.79058726374627,0.00668918425099474,11.604241850820754,18,0.2167753413837799,56.19305439666424,4.541727997588225,1.0362388795921784,0.5371009971987687,0.0511852063575533,10524.669519437557,35597,backup
24.653337594408168,0.6802441460846794,8.280140540954978,116,0.28745920568792205,23.521858789285925,3.028727847758893,0.4236894718800538,0.48056462539656275,0.8084873015911813,49390.39647882352,25279,backup
27.493141882609294,0.21463374042183092,5.492800634933698,74,0.1807249438007133,31.109962947052296,4.98704736666178,1.2118685135175176,0.2944685271734331,0.03598769513403355,11627.08122776587,19332,backup
29.24103215484505,0.9726835491330814,15.148397581230139,30,0.11543664829522857,58.53832855596673,3.1271798407368725,0.4474548347931828,0.8445044095650953,0.2726698287033905,29566.00428099422,14509,backup
57.454191857685835,0.7257547907277258,16.57273233755854,183,0.24713016561839474,58.101363513393196,4.241215703296881,0.40810371564825,0.9698776061622808,0.46171641367345584,40550.95724458287,3806,backup
31.16598217145185,0.7967433350611515,6.737241144350798,129,0.28488911644153625,44.16902193092814,5.3566703250508425,0.25669143072610845,0.5202653475469058,0.8911962472231046,55696.875856918705,29281,backup
27.658968301952427,0.2741052932584518,15.667869681881236,151,0.21866925922052666,50.24865237671465,4.79587891684402,1.087849072284506,0.6935470883315086,0.0980856107607817,31616.16497707734,53708,backup
59.32412233449905,0.446304839606002,18.22975275206007,38,0.34920183221409873,29.95725420180465,4.602207209818822,0.17514377462753505,0.9145363807931148,0.6857212889661614,21937.855301492218,41279,backup
47.73274219897215,0.5654687919671438,10.153323621579235,168,0.19921517506280217,41.068858150814116,4.853149036578001,0.16933392014240672,0.020144338587125388,0.5566282059502426,42671.93717034024,23455,backup
37.27880773044646,0.8763826406814974,13.952302586410337,48,0.29116155497647134,36.434741849830566,4.665355002895543,0.19215041399111962,0.11999625614336196,0.42921860746578655,33565.973537917176,41325,backup
58.252498782135326,0.22938364871155015,16.32794591099949,195,0.10128159359839842,50.99825626160292,4.660911987142949,0.45633860141131855,0.7257016200180332,0.2357963556791266,28899.36228913401,30835,backup
54.43458877918209,0.04462162495959188,18.767029489019897,127,0.27170373104681544,29.110448934255714,4.8322206225386495,1.0995157069750199,0.29532237892107804,0.3391032785012785,53690.79621345509,1294,backup
57.200160502130174,0.48335959129982187,15.224768905676253,190,0.2031590319036739,42.6740252004404,5.3512073533440025,1.1879348218490737,0.31367419110102224,0.39143135382185756,25125.315291460385,31887,backup
45.593953755545755,0.4041991182651785,8.968438677912966,45,0.23047625708219932,43.3959159814194,5.152186763722077,0.290891505420632,0.6566592272091213,0.9646586879932245,7815.465606455,6412,backup
30.16403725172671,0.4587112125440592,18.387256220962,101,0.2665975234147064,45.22138519814903,5.217747119231984,1.2822505852547859,0.8314474516908833,0.051119662990594894,55488.3682875993,5243,backup
52.76455877755234,0.8653340011930313,19.80487885308134,22,0.2460220977394426,59.37001073808579,3.173154017618901,1.2634347618456663,0.2408814104658472,0.9515197009270142,31833.496059360845,48714,backup
52.921559257427546,0.06010652105530934,6.788490014426785,143,0.1548589276487519,53.09497227017959,4.724117167126995,0.6363634781763671,0.6615015353454936,0.2617087211473603,9251.320007183087,8076,backup
46.10114753003626,0.6652709149571963,10.066400443084225,44,0.17797530805243217,56.03305602645062,5.403986215993648,0.4319427058347356,0.8086445063711659,0.0360460663130272,7325.075032043135,3068,backup
59.088381164322456,0.4282616988510186,13.967216366437883,44,0.3224704462289054,31.22331461410206,4.950713487359129,0.7811130383508781,0.5006295233223291,0.5499193752130994,30766.78959925436,36768,backup
36.224266022631035,0.5954107418552672,6.2329865320873985,124,0.1658340256525655,26.698863411001312,4.348519049303503,0.4525363231914469,0.5730003047359677,0.7220586703713063,11338.298488542127,25742,backup
35.58845245779797,0.8489180838022713,13.844089457669961,98,0.34874608910238536,47.34000659393171,5.4438972701034,0.5515052517021893,0.5742437562847483,0.664420059893375,19001.94747302385,29162,backup
55.29506715503405,0.298885610314664,17.18157105106485,87,0.3331477394611106,54.917580832404354,4.095485586532987,0.36418274155866315,0.39473813983594863,0.9298924581756132,41840.73437331393,22610,backup
33.89742101641741,0.09485677706753326,15.739903261597409,146,0.17806216309212142,22.119651855355038,4.890870047908352,1.2198028366043734,0.6299504714238802,0.5978626520695449,21251.702420820355,9357,backup
58.7895588911182,0.3961295854154111,8.063809599861441,142,0.19094859019908372,53.09766626218696,4.494310115524694,0.9939426022715699,0.17250106104477736,0.7582349517737106,37008.6418128731,5548,backup
56.139462728077824,0.4484057558488602,8.227624858284845,24,0.29891475571111303,35.495756922787194,3.9267408322200943,0.29621334039871927,0.8038364648470631,0.7347180641518103,43053.44899443326,1624,backup
46.80618963379629,0.7045267490885347,15.875087393427735,131,0.12199159198551804,21.12300170881136,5.3747669639483195,0.9212448154372539,0.6591323990838394,0.8283051741294805,25375.90440295414,33340,backup
56.207147480633566,0.8085640363667747,6.770131469577085,118,0.24356651267655346,25.105673312716963,4.19580714138268,0.6520008414169142,0.03189512989559784,0.5549992961350675,26399.167974791977,18625,backup
25.915376951623642,0.12706855605752154,11.286122916070152,55,0.1567580778586251,38.89325615831812,3.6180084923684612,1.4275699997384768,0.5685676896395786,0.005138265851352464,7123.135463685375,45035,backup
47.464644232337605,0.0836652402715038,17.425916048827666,147,0.21353645634771612,37.82280389692421,3.572506130920692,1.4211250393773642,0.7489441822350955,0.7261906376599006,20989.6332448086,6058,backup
50.271887619444115,0.9653176853894473,5.851553502139785,165,0.2327826220253248,36.16298812451256,4.426870462626645,0.9126902392247778,0.34112526297855905,0.3649056922151075,54497.08322794672,2126,backup
30.590164033903775,0.9973424618043295,17.691328295720364,14,0.28521402713419913,26.298700687565514,4.072532050506409,1.264374668398274,0.6428855317597876,0.6078712904800622,59209.43040119727,20094,backup
26.2560478570164,0.2600916635099565,14.482587836106184,48,0.29617197963809616,23.87185479927699,3.764598381878097,0.479336448312776,0.4375673763076694,0.9347360423345188,40306.24434016279,33369,backup
20.208151136265563,0.07523191679100794,6.296559789276259,41,0.31941855011285886,44.08981906438277,3.834592415577252,0.26855582143098866,0.17197571158798974,0.14429298865199358,49162.09234234238,49883,backup
34.6256238692245,0.6394249383036659,7.233402073835322,150,0.16137189352389633,39.68071795766339,4.9797862139074,1.297337139113123,0.5587034868738253,0.9567649310927444,24391.22077341621,12706,backup
43.714572776512966,0.7426377654761159,9.917785189089763,23,0.23381706842817016,21.748571862931318,4.525302649388167,0.6600326687252961,0.0811821154393445,0.8689869357560881,13114.774085363104,16012,backup
45.211203231572135,0.45176210499586866,10.836603001771978,79,0.28735739066347094,49.8902137743145,4.685725637542276,0.8555776513791231,0.7646603510040976,0.038560841670155166,27444.03140136723,55105,backup
28.03690631335631,0.22787562632568803,7.486592574326501,111,0.15315038634828448,29.123981036311946,3.7518702933004198,1.1423192894684548,0.18833297883337108,0.28387891299102785,6636.473864778454,16169,backup
49.14166682284308,0.18411746848968336,19.328497587810524,39,0.3287445991367074,28.433246401980426,5.32892683292941,1.4367578228824474,0.6106660015836927,0.6898699384555458,30663.171347553856,55420,backup
31.35490321615719,0.6791423087304331,7.968462480184304,85,0.1739379217993215,46.678543311324724,5.0993422615772745,0.6113584306762625,0.3561729817667527,0.31240244313218724,30217.0804415172,34473,backup
54.99937202249703,0.3453971351059565,18.610228302508382,11,0.12813258845281672,27.648441401452303,3.3395969370829137,0.41189457122806483,0.5838057408324732,0.5388801607282584,9932.445677843145,22607,backup
45.18091090973586,0.11305015671435281,7.4836240515007715,92,0.29969081741280634,48.73035950532244,3.4076239107973176,0.1269164363858051,0.35282117467607466,0.421960983960301,27570.05795951811,45486,backup
58.38136471660038,0.1800963578263851,17.8821022482865,22,0.16308442427695696,50.31437846680844,3.9919834832469525,0.8441576019988313,0.25154854094728274,0.9340842703489,9714.812725626885,14061,backup
36.39799848788144,0.9139495773774475,8.933349269046886,192,0.16265385108983355,33.3037813310694,3.0129313594836162,0.20006054494097716,0.05767691142228626,0.5072260104696095,41214.984970241094,32282,backup
28.242937092524,0.4621537309874848,7.467401685552122,180,0.3149309340493975,32.01103469981909,4.467842124101015,0.8085116911697415,0.2634256190023142,0.9053974936976267,18166.513916799602,6155,backup
46.77953353426901,0.7803767570725306,8.115879597289364,109,0.2965021332346103,30.040437025752876,5.388575586392697,0.9697307262131969,0.14778991308665423,0.7166777111003261,58175.076967040266,47684,backup
49.706121623054095,0.8456985979696694,14.397534155590183,190,0.12029830867274835,51.837876177317014,3.0957176155429935,0.45339734341493265,0.4867127279931557,0.6788420610439789,10971.2078774179,43933,backup
46.071874619186794,0.31957053127416335,10.23477606767052,196,0.15085059361791298,27.007580802189533,4.954652160439974,0.5320613566458451,0.013661799537701191,0.5431409504273311,37094.00482428244,45025,backup
30.051595921100784,0.7586438081851259,14.540966177995154,39,0.19969729640587564,54.91339800797419,5.288037170961186,1.2372852931516893,0.4747176740085237,0.9508261635469586,10069.203756510384,59257,backup
26.789419127652053,0.7899101850874954,9.608568986276548,22,0.20607775623432972,34.68723816104358,4.913198353147359,0.7603833063762573,0.6975590901475522,0.753249019819598,25921.041599877433,43947,backup
48.84131389981313,0.74988854342137,18.830099841500125,179,0.3085223314919122,22.706939515621606,4.866567697581284,0.9297634133805485,0.9472461304668266,0.023748625903558418,42687.64304755119,50393,backup
23.284645317726085,0.3992761452925301,17.237626074940366,42,0.31842989042947745,59.27034491742765,4.902944059123843,0.3048634004992166,0.05985129470744832,0.8504669904293911,33821.47791762382,17830,backup
34.22497109369232,0.9784953933011642,15.321013714114974,184,0.34935969673037615,37.93423586223908,5.299152640103346,1.1661584149969781,0.10651723826208714,0.09418231671016464,27426.3165698706,15030,backup
36.65340349837689,0.5918182579597675,14.36932379748544,43,0.1436410779956755,25.38925201242042,5.483497834985637,1.123655972684691,0.5375318919210578,0.6275180298908578,53371.49954209721,31733,backup
59.99987066884996,0.8459639958105527,15.475345536315853,96,0.11004278263812972,55.32413828377302,4.375970792745689,0.2835360561288295,0.08345219515554958,0.48677071169039265,25048.54621504134,48587,backup
32.55246073672673,0.5201339490782474,9.839298981237796,22,0.2372597319748912,51.211153704033116,4.871688119582562,1.476715801312292,0.4695775079208011,0.39821566557573296,54769.38892576894,21474,backup
52.001119476145654,0.32494741882936873,8.731911419339054,154,0.1445870972689383,41.3056336582333,3.6685096337874903,0.18639202050351775,0.9789717529525439,0.17752498641465297,33307.37188268613,32668,backup
42.95817469381791,0.3834837076827776,13.088493490509098,193,0.22720420539918323,48.6767961259541,4.624685463961359,1.155759447699633,0.47313298703134943,0.8378240272147087,16005.438170223073,42502,backup
41.20920308603189,0.2754973323722748,13.915307345975641,47,0.18230631676411674,25.485353882209353,5.448221811504342,0.3855265350312519,0.4385070224514137,0.5991361193057951,27937.731716978727,18948,backup
41.4955185523508,0.7716473991382109,7.49476347160418,154,0.29534923342042146,42.85917598319323,3.765257142625747,1.444528537658477,0.26012713596319026,0.6917337270119465,19574.46691555033,4480,backup
47.93080446128887,0.9717081678667676,18.597876085736324,162,0.11766663811105682,23.558558954986534,3.143878377875798,0.8185753594508158,0.9963229221008243,0.4926908081733611,32942.30465850215,24612,backup
55.15322257473174,0.03255837023153707,12.902915915605348,141,0.19601079013611278,33.0851835238279,5.045711347510719,0.8979169559677559,0.11531072579317991,0.12474991577961092,7366.336882523361,18806,backup
43.72226367609964,0.2884767373298598,17.82411406092812,156,0.24994653550182405,34.42968924596878,4.7926912333783545,1.0938070286388704,0.7663396415528885,0.28813701401972525,31664.225469101457,33328,backup
37.40619990517342,0.2933452584862061,14.298023897721974,114,0.27207066027906,39.63755449412943,4.056160437593828,1.479740163351263,0.9782658942087913,0.7392606034120732,32553.125556066458,2734,backup
23.207033803081497,0.14087130639821577,5.689660994616454,137,0.20141883296440316,32.84537043147445,4.646600694811867,0.2940561009439733,0.25880504550068584,0.8162960943393338,46162.66287198061,25656,backup
23.964135535193847,0.7470887402279593,12.714282577979132,20,0.3308546782805566,37.2860760470396,3.630609527546573,1.290783277818472,0.7136041250660499,0.7980998909607332,8390.048139717743,46922,backup
31.916819949149176,0.06216684857306354,8.271243381009459,1,0.3144519599980673,34.149392789551385,3.7736104617031367,1.3977553408958139,0.6770346731644605,0.3069943618375519,42624.421601059454,24209,backup
53.212601143329294,0.14437038945134695,9.01064691045328,177,0.34175001611413025,21.152103264899672,4.604867051350252,0.19982924974902666,0.06811606188157182,0.9761489350363582,15389.282898295784,44468,backup
51.01977375653567,0.5568587983873883,18.268769568348365,181,0.15009483962916365,54.97607928580202,3.6707340711164447,0.832074246279052,0.11610553445079874,0.7555149646450641,25402.827544019907,50761,backup
20.934255497950183,0.9408583226287662,18.328348234484796,10,0.10899225692731371,35.88698106670492,3.276568544942146,0.9332931392648687,0.027403973847495045,0.7350868207370993,32297.000254814775,56075,backup
47.1442763540947,0.6024453853403258,14.80282919962683,58,0.22249232212409886,21.842540605223192,3.7123218716174926,1.0477341219580703,0.24468934150226607,0.8395644640923099,37686.2869409198,57534,backup
28.777167535659967,0.8519052827803885,16.01142900031862,33,0.18548838329267625,59.91394100013446,3.5572573270296326,0.38719842240473423,0.6743470779605464,0.6018502721278022,35426.17424149191,5872,backup
49.40758687739973,0.6882397242168247,7.147506257771619,65,0.27638138868766965,24.845647410675152,3.6513655355442274,0.5165420360847585,0.9464779638612977,0.5305129982979787,59402.56440901248,22358,backup
26.10986426393213,0.9020075116177924,15.561739942289854,110,0.1838793384641242,50.22125971875163,3.2216071711260374,0.9641010771184553,0.031846148516145645,0.9779834915263991,10948.350655902052,21646,backup
39.794740472169345,0.8108808191559405,14.275236854119433,110,0.13864227959595618,55.253878680666375,3.947793916014475,0.45023171498323344,0.4154571310266698,0.08544639353706274,17397.193449708247,19397,backup
42.7092726645635,0.753499158601202,15.587532231489488,106,0.2866014034350488,34.49735115039245,4.778107284546532,1.4597479186022286,0.7832764430020188,0.14020205972996613,55317.84271727642,30337,backup
53.47717065984084,0.164027470944468,8.52998628835123,131,0.24988918514508213,52.70867081643626,4.109559267941509,1.465266014124749,0.37814624187721957,0.9663297702474845,31482.1451639776,39540,backup
45.344995109129556,0.6182769718332592,6.64763012783277,197,0.23498551501951342,57.8470000624095,4.763916076392749,1.0817606620587572,0.538964399190886,0.45032737256647715,35749.733744876285,5408,backup
35.51771875407695,0.7449209184904607,15.784336402663431,10,0.24841250795859476,26.275517904271616,3.6396081523462005,0.5718387019933208,0.2293072296074723,0.40782052051477824,11731.289066528598,6329,backup
58.21235576071314,0.7823453337025674,8.997935361809182,74,0.13314319433051225,49.13672417425622,5.120981115943292,1.3953086814385876,0.8397305290934834,0.8652379092421584,59057.50308872344,46016,backup
41.440358051681045,0.8277333290527421,19.41513353380279,107,0.345279957932361,42.057104839220685,4.92801493515463,1.0835245495319703,0.18282297764909305,0.8483799861879835,42432.890160609204,25004,backup
33.59909043316666,0.520963480191744,12.235107744088374,154,0.23322457683870124,46.58984050003724,5.046978571645447,1.2136640718730554,0.4787695268974813,0.6311067982675133,42307.937253321754,53217,backup
29.315327748415328,0.31384898236174363,19.90675407156664,132,0.26319652610310407,40.2426532504857,5.206271792306873,0.6797941588869099,0.2005750885169274,0.33977740406977397,42129.39190133079,32730,backup
45.34762865213498,0.34554602869358697,15.917849085980029,13,0.162205797819985,28.728323578426224,3.338465522935171,1.1507335348594812,0.6220649574760286,0.8699939105326063,10934.245682845754,56300,backup
31.522485526426177,0.6369761838315373,5.783662863754635,160,0.22189667909874622,20.74693089684051,4.903863629300413,0.1102996209724662,0.8511310868226984,0.10290732047703,42498.11503712198,4086,backup
56.3396025599493,0.5253395135331705,19.063852759752486,7,0.27950004123432676,49.803711598211564,5.146852706510222,0.38800703480182674,0.2533322936675234,0.6536465349054449,13877.471672186819,21816,backup
47.74835765659914,0.6478317482486725,18.65085638312259,43,0.2944926688857805,52.78655514631821,4.091356409745735,0.5552086340991974,0.23386126117788508,0.7600573660639033,38097.5090110299,30582,backup
48.02169758081613,0.9297155602265031,11.3099050335997,186,0.21253267268359805,52.82997857135467,4.170771456111189,1.3750560110700731,0.8219961133497724,0.5469342314377079,22714.215974869905,51913,backup
30.80668922759434,0.9786063550802847,5.342893674283198,112,0.23508902340502486,56.07397312196124,5.011946576970885,0.4984437628640058,0.3932656669361305,0.5790007872616997,11676.515889365328,57756,backup
26.006377097280733,0.8272388397667,17.457243147842597,176,0.27902346497131847,57.18378482047295,3.0491171427227615,0.9079002955959093,0.9495837026301365,0.9763504142492264,6699.3553567638355,20502,backup
23.376692876757737,0.712212428574076,15.172985874953426,96,0.18918608088908279,34.11915176537415,4.0051322714566995,1.0774286863900926,0.11366464116082742,0.5954022058983861,48204.2935655069,31833,backup
57.13938246996862,0.430472474180043,14.549039380653674,180,0.24447863239207096,53.125187994486794,4.971178626802955,1.395118935164493,0.5110403189104967,0.44628530419000767,4683.114594179526,20613,backup
43.573690227135344,0.8205461403126895,14.468364434673013,170,0.34924203239412643,57.53043819667955,4.046412038519984,0.47537915232447925,0.9126175457011283,0.8468678900661102,20700.667083353368,26114,backup
45.927948141382785,0.35681321308745073,16.12088102622438,30,0.20607518466425873,25.945533009555845,3.3364709106840293,0.13323351872591382,0.816501567336979,0.19531205296659404,18567.239551358252,55015,backup
47.526674475469946,0.6484547839621865,13.32330521265192,140,0.18678008701970833,38.90713659002302,4.103810411978017,0.39667788661571524,0.9562625800104235,0.17826597921539844,19264.84643884877,52231,backup
34.41296818580217,0.9072313485003185,5.106225217374941,84,0.3258351105684274,38.18500540600159,4.01785797326566,0.6669814534885605,0.9967323165136357,0.8137493677221967,15923.789206935426,10590,backup
38.35618221686779,0.5821149591946693,15.020354506345894,136,0.17004390721361273,54.765809076284924,5.162428624301716,0.3329902495182123,0.8607976767005299,0.7991400699180164,36384.60118948513,45106,backup
30.435915767818344,0.37838289990348184,12.918490921502716,130,0.2621887933868929,34.30439956939552,3.6864583383173812,0.9625329605004465,0.673839354549372,0.1539042368664113,30012.99689917729,53056,backup
25.21601401994198,0.18179266004485073,15.35416454080013,50,0.2229013742633016,27.068050891942953,3.5689506427587996,0.6786450203024048,0.27085823127426656,0.3743784795612398,7113.425099434339,52989,backup
48.709362847658525,0.6919760357200142,19.36501823424114,130,0.24715812708321752,26.22557423453673,3.8871578051940263,0.16265843430567628,0.1384227668317496,0.5083550773688966,36026.93451991328,19186,backup
59.05609367078151,0.44365753765971894,12.36572739509474,151,0.18016529792692443,57.40375512906618,5.054409676759606,1.447792746255395,0.7301007182830113,0.572668307532383,19795.082877020483,30886,backup
30.438194424811236,0.1417996372430652,5.390213184880382,97,0.26201809150730637,43.23472860529979,4.521222043934466,1.3695189502821898,0.891095414314254,0.0876065363125953,20042.851023374966,27921,backup
28.055928834292715,0.39447250862462224,12.99518585458446,63,0.29507465447709036,20.51602537375928,4.4565765005821545,0.2828992326279275,0.06036284293432881,0.19259766106368115,15998.183755488822,46920,backup
40.75306665209585,0.8596281120602697,8.942306337512974,137,0.11931993388929318,41.11099481817176,4.741952011674788,0.8050741088449087,0.9231662930288334,0.6561747957311771,40059.971080570656,15893,backup
29.818278132475236,0.921543417889451,12.519948594040997,47,0.34148473124092177,51.369473197055825,3.19578024903557,1.1385791959260834,0.8941288030393484,0.12077417388366307,58425.04922707041,34222,backup
25.275776107524763,0.9149300616909491,18.91696017832289,29,0.19097034326684248,46.886378361858156,4.3776810006795905,1.4583606469754438,0.8818764238775747,0.2986809527037477,27241.223571387247,35248,backup
29.185797356656376,0.011320381727086049,16.03157987793819,71,0.1867046407755495,38.53023972562276,3.466816354808049,0.5240643532728774,0.5823818349426018,0.20335576455737459,40736.442488688444,26036,backup
54.94178661769192,0.3477141421549951,6.950983655504881,90,0.16450453629889927,45.042764209027354,4.165930952466623,0.5483624973535752,0.4156557834353064,0.0418031019395253,16102.088226452724,53795,backup
59.704638760170994,0.2968520107302429,15.451165343550104,165,0.3407597844944166,43.31316085598497,3.205747907470174,0.6919990012159264,0.27337015659701835,0.4999307198859253,14597.012001831159,22314,backup
33.058908056259334,0.7125473610641626,17.826941285912124,8,0.11527268151311701,23.988750989611383,4.493160705455319,1.3980922507718112,0.7223946290102412,0.7735947092421414,48733.298583829186,4711,backup
34.583289183437586,0.18630989680364418,5.301100722722914,68,0.11071552003203777,57.621360808931364,5.359840097133453,0.7662077821381413,0.9554155502125719,0.5160791476602488,51820.22505733873,6650,backup
52.40468406927707,0.21070189463915423,14.769106939363828,113,0.23036389655705758,25.20402685614863,3.6976494138300255,1.1021050394321288,0.6071287347496004,0.07465725050680894,39536.51246205966,57592,backup
21.864043918372367,0.8744414589874975,5.7249362682671725,53,0.13322149483798967,31.33495570864617,3.379088019294161,1.0909356556144116,0.1088151227922094,0.9056463090863083,17041.148608967316,49866,backup
36.76888094229834,0.4840010943573918,13.666145936515258,102,0.3337503184632122,25.436131980139535,5.428614009170682,1.24901865036072,0.3977626346297559,0.8597559095176873,12707.861015234888,2144,backup
48.27397331199477,0.7854537501757926,8.765206199273429,17,0.34753123156872767,40.76963789730159,4.695398098202781,0.8542792452217406,0.22541523858261492,0.14245154559133177,33673.41485506506,12868,backup
48.49166791344146,0.6718849519889607,16.707559868302937,183,0.27484587338990285,48.48581063301599,5.252385076411418,0.10042853728801049,0.2560475625326082,0.22414665482629015,41435.466822848924,23560,backup
46.403557496783186,0.37736041772024187,10.887094627410331,105,0.12784525932418322,29.326324742354476,3.923875098058368,0.14652709054546226,0.841021331371358,0.45434746553771055,29226.617255178364,34639,backup
23.004177245866202,0.8666838797342411,12.968579131739956,16,0.17087480048169307,23.56087055448597,4.93621006151127,0.8770558902181346,0.12829653836201982,0.5595070588278458,16608.69626342783,17272,backup
34.71472421033268,0.900237131292384,9.504996834697316,20,0.21453266435126916,46.68919497076196,4.366111635617899,1.4570985120083855,0.1539336478509309,0.19520598070422857,55427.106507679775,50786,backup
47.1663491858557,0.9469593326057496,13.810524441423215,193,0.34831623121866134,31.842813718152037,4.718750480423619,1.4102025395735072,0.42159920067842127,0.06446038754983074,24801.53718056156,16815,backup
59.09276596138723,0.3513893159243777,9.401165425310781,69,0.10277178970544262,27.997042469792056,3.1572266360111305,1.357860182943003,0.6256075555442308,0.8367283451350174,44683.19632438205,23194,backup
40.1627553297476,0.9659954231114417,7.90344156580834,189,0.1038792655361788,30.4105841274967,3.686086642664568,0.8973484644107342,0.3137154102283949,0.7200701233745654,4269.424015036742,55406,backup
42.28930549457249,0.531513407166136,10.74033217334015,170,0.34950544130724426,40.84543518951446,4.29932387945767,0.30176440688210215,0.5588585841423425,0.8509884414576885,25749.00155818064,33648,backup
54.47185852042551,0.051193904043014604,7.7432971388285665,168,0.18458329724519967,46.09620351256335,4.697852688959802,0.3999367305322269,0.06350390028527353,0.2820849430594733,50759.88273462652,27882,backup
26.926635375162277,0.4047191339539665,9.219627762886173,33,0.21324040305357778,29.30124343963665,3.3262342657218413,1.0312195826718924,0.07936774274616898,0.006236885335833664,48698.04441671898,11933,backup
46.457517889706885,0.8694417816198828,7.409591934515404,168,0.31234789823331466,41.845671893509135,3.1983574772826193,0.5507607045809555,0.4801825241692125,0.49400139912325947,42335.66079080341,9574,backup
29.53423220176745,0.5106809160644068,13.258264341351598,23,0.1308381489297268,36.3647007160921,3.663205625594509,0.8436091182284382,0.9998682458332243,0.4235272819232514,56494.44749778129,15660,backup
36.97506698995865,0.10698613181961725,8.379364294393696,31,0.31657511237618896,20.07218811453538,4.879834202439019,0.24830498166673992,0.9311725043502691,0.4462506420058229,58099.5182971319,52770,backup
44.17294776546848,0.563316294895888,8.472231241959317,9,0.2759553305806224,54.69136561540447,5.189468324708039,0.25675009297415397,0.31922709910376845,0.7950798864661838,8334.818853633958,28616,backup
29.140930039547857,0.3828624277586362,6.881956925068,193,0.32183197625676496,39.458925104251996,3.166185648867078,0.9337902375275465,0.31332557864941846,0.7063675800617303,35567.89501156623,28326,backup
44.59625888691909,0.8108531095256666,8.203873507099091,48,0.30603323073420174,44.77974733592961,4.957889565466207,0.14502636678464856,0.6543676302444043,0.6832470793691205,47096.16838632226,21405,backup
31.432007732306104,0.3658260260768057,8.602298518206911,107,0.13181314435806962,40.46206720833316,4.218306264576508,0.7455608297314802,0.865490539308077,0.42703458744031886,5228.148769537608,26225,backup
30.0255387926957,0.6544777423250516,19.77124332041135,23,0.17176640160174111,49.64412840269199,5.491886209584887,0.8343734916318909,0.8065918608218664,0.4266765775762529,19512.499751124742,5800,backup
49.40995125679137,0.24883725690850078,14.931091111646875,126,0.27918350900228606,48.33284772254377,4.107354346074944,1.0001322250419693,0.061192261500869094,0.35135764463348085,22115.733103006653,1318,backup
56.062252928314756,0.2507528505882234,5.274123321332744,23,0.2604427503173422,20.88686680055629,4.168111557128265,1.3234918459844176,0.16227097798950774,0.7884443996358401,49994.57674483203,52187,backup
39.70360214157799,0.05782663872248883,12.4945693797731,59,0.2455717048184347,51.23038727849769,3.6141373575015248,0.46242599910210214,0.687847470819852,0.5194718179087098,18497.79830629332,24402,backup
26.238421412575995,0.08396632990378772,17.9322044410393,73,0.120315783296752,25.785880078164375,3.7505985522027316,0.791350229294681,0.5150085333093194,0.9327162326781768,4021.339024811991,28660,backup
38.04043873193781,0.1665730391192074,16.204317147368023,125,0.2630234828111946,40.4526452219644,5.426614056142587,0.29512554545019587,0.4820368774982936,0.2596746816783395,56958.453297906606,39671,backup
51.737198046747324,0.0876408561213684,6.3116914419910355,28,0.20324044427012633,50.90152032187038,3.2001690713269557,0.27086308371061785,0.3003777327968129,0.3241359096510471,22271.232057885754,26590,backup
26.853027383747964,0.3460229022347805,16.711927827773433,32,0.1443130037224154,48.74962094169938,5.431512553989826,0.27301761194445373,0.5401265980873583,0.7753248006703217,9300.707127149275,29398,backup
27.51482776180266,0.7590551002646388,16.999767754739374,197,0.31101503940712316,26.050806711180673,4.75021411188915,1.1880928079881887,0.4523948249937825,0.02062816239823173,47753.153034200506,41347,backup
55.13699353460253,0.20789776874143062,9.315290660763896,83,0.1399653871135085,32.318594711494555,4.0274396441353115,0.7720339074989226,0.9307329833311686,0.352067374774065,35098.476447560766,45099,backup
49.52761376789378,0.826315044524378,17.485767271964697,178,0.34147708234306995,38.91281703180431,4.862784146704954,1.2324337657425557,0.9126787262193858,0.9907291940090357,58891.71659899214,37708,backup
47.15096919631904,0.18859357678653033,10.59650832939995,152,0.3008296661882689,49.1754395699969,4.2875573563239335,1.026210016951705,0.7332257442712464,0.39713946056036065,23594.093164529782,1373,backup
57.85839616165191,0.5185497424548665,6.671121036553091,142,0.27250767363679373,25.044761309197415,3.3365994097924117,1.3933065469733312,0.008442895886554336,0.04836493668452735,27039.187645279053,35281,backup
49.916811070090304,0.172655821293355,12.734267584912327,136,0.31149901619876064,36.34054506863245,3.686867995486864,0.8627693942499401,0.44197011043524337,0.4478852209952803,27816.701121012688,38283,backup
27.241807553469926,0.442713602658103,12.356082120524654,2,0.2080520527775802,38.4188690271877,4.64975779618352,0.15723489065970403,0.9997738218159887,0.21623314734902532,42705.16521736143,31740,backup
59.42709071995442,0.048014111532868387,12.865491494133956,191,0.27153906881609563,26.353743089778426,4.543113785066327,0.2644240451364219,0.5235284151561641,0.2082220900541274,55063.01286713922,46991,backup
58.30794737560443,0.21952999372279836,10.96216970947793,131,0.28730393087043393,46.129034201018115,3.6156439736335195,0.5543052817035394,0.7725595350686052,0.7623305399743792,20363.356900210405,20722,backup
25.552073958825893,0.9947801644574548,7.028611465891868,32,0.21193013405750316,32.288160682118566,5.358214221365346,0.5431978458136874,0.26505667623911344,0.24203107667018198,7170.068659418726,41062,backup
46.18063752725215,0.5634990656020459,8.835403596476144,85,0.2652322302447411,55.7001815388218,5.231497941968991,0.6809510962438275,0.6406620995525135,0.1812532284193914,29970.757832458658,24812,backup
29.434424599928782,0.8971515329019587,18.87428517296239,62,0.2571663566506209,52.83047419116302,4.2696293981884095,0.5348522440892783,0.2572730411872389,0.44826281684554325,57699.16165532142,11426,backup
31.27126597014037,0.37497400084128185,16.799505971123054,9,0.2211357501753613,32.98654974846262,5.414497221057642,1.4498582250294647,0.1672186364385565,0.8692857435103285,45087.182283899514,18078,backup
49.20046065793951,0.3551265539080185,10.634275073155948,161,0.11494191231093798,21.691557793159546,3.1203663212689774,0.9141558190008923,0.40931039438820394,0.8864900806526094,29744.535104911087,49846,backup
20.57331751574969,0.2945898333998649,8.160554308600334,54,0.28032173675284633,24.07861190359874,3.269489390603734,0.7197167100844502,0.7801263171154712,0.8129612019383898,30377.787628187787,26248,backup
42.26031191059775,0.039450015196699884,7.288150462403454,55,0.1406072242464553,54.455748580758026,3.6325897844582444,0.6523167887740763,0.7853752265952794,0.17123265927795595,31666.563145158703,48305,backup
58.639978095605485,0.5021377054315042,11.21371277853706,18,0.2213430881341607,46.83541721572473,3.0315374525741303,0.7748458573915715,0.8024140390786868,0.7183526297257244,24134.351227384683,24240,backup
45.966547295223,0.7095344078218955,5.6300491372435495,116,0.22336543869781283,48.53933668978708,5.4316955761738726,1.3312959459217182,0.544190876767355,0.47930435460846643,8677.90026392314,52573,backup
31.174943009762348,0.6017813940474602,16.52772966548887,161,0.16900453519976305,25.658778652591252,4.8901791966238575,0.4597640299810388,0.5424731241171842,0.850891721488044,39968.60997522054,23344,backup
59.927938847531706,0.43281022032930827,18.200644913538568,189,0.12027545961643535,58.534853986966475,4.630957394360632,0.3800811988301708,0.7859715923656316,0.966244139704068,30655.48325864134,35179,backup
31.679445889039172,0.19495524970074085,8.977877048075932,106,0.3383203085543283,33.67979427712318,4.5369351329692424,1.2259864210588964,0.43526623190296787,0.7386847699934947,42858.98320286631,3626,backup
30.705354145060838,0.7364614069006675,17.168662821150118,55,0.26839801473768277,42.318703297907774,3.7287814585418593,0.7383187184607227,0.4601081739954571,0.23732104976423873,19987.663786504127,32395,backup
33.297660456952066,0.699913666549048,16.283947920046977,185,0.2907079933682222,48.183627572951885,4.466130834110459,0.47874215378906015,0.7344134575630964,0.040894417132791294,49261.142180647796,52221,backup
37.12225985473812,0.410009170865136,12.481984052915923,71,0.1686730586576879,46.67588398641404,3.6752171331025467,1.237543145544574,0.18551998640934697,0.5622432677206524,56589.930066153596,14041,backup
28.76285309213243,0.16076772118756877,18.445792371162227,27,0.1444410880332672,24.320720603984924,5.19697624028144,0.7255752803271271,0.9356096023170054,0.4657985789257957,25186.541812494896,20632,backup
22.080721924166756,0.7966912050395766,12.308710263837,62,0.2585513212832231,36.414548500337744,3.217136209102181,1.0057767866539393,0.021936555124154045,0.9640539598665662,29881.279966228532,45856,backup
48.41260494192288,0.9036659884037668,12.256468588649103,113,0.2646177658447265,42.46884293549928,4.216917722853575,1.1892652389565102,0.568006913927139,0.6859482241160948,5226.0395370594215,11221,backup
23.83585076451691,0.6527205026517839,12.055147390341983,16,0.2787147231915026,23.024683812930242,4.490501897948219,0.33801362589173056,0.9624860672005884,0.26975328579147195,29011.019133006797,32087,backup
40.57555601808873,0.4729679013193706,19.016789165329612,188,0.277056303092846,44.06291815879643,5.377368412982765,1.0688399783695548,0.7662051595814872,0.057979497250737144,14126.213815013514,51346,backup
27.003675821691886,0.9008647615607591,7.954787069659561,121,0.16999886213313198,29.825431382543243,4.70597249708171,1.0260900371908965,0.8331322617430167,0.03481555098915534,42613.13402657051,49700,backup
54.92288797944629,0.3034435907448829,13.419262488563795,54,0.33689175589817005,38.31818051099005,3.0172866317483695,1.4513724755315607,0.569434826451862,0.9884266988006946,11336.992085051674,43037,backup
40.3762731284041,0.48853016709494756,6.608522804692463,129,0.22215341012471773,44.01977882961532,4.86339266416576,1.2558939883465532,0.6075827752508742,0.6023890900342956,5940.677510322514,8290,backup
42.367087442666275,0.9997586995372916,12.844265755621969,87,0.27754626998242143,53.23840931043386,4.38094215025856,1.3863566918917205,0.6291627037618613,0.18245118221888967,47189.30035169141,9015,backup
47.52024918047786,0.18698229123592258,6.7473547439517745,128,0.2748909843328939,30.496954017380485,4.383459473708374,1.3000150604050766,0.26593742808038556,0.5091256536780445,33018.50779022737,24248,backup
51.54919072829942,0.6872548593747142,6.6901057901138365,193,0.3253492455756585,20.084051474690195,3.7023343420635584,0.46625752681516275,0.6240045694414649,0.1603048144201873,51748.41525784757,43708,backup
58.2779088863146,0.4638136885061872,7.2640461449793365,94,0.256101917103041,49.05815772074391,3.721083308131365,1.4172027052916962,0.974073111045872,0.6892574375605899,16631.644871599172,11243,backup
28.258172201657047,0.7746823749827764,7.008433588274002,127,0.27096653322912956,32.231381381481214,4.5946610097350655,0.7458916646017952,0.7982118605166314,0.1662336168138251,8936.978495550964,24191,backup
35.49293292004075,0.9953741818197969,10.72029858683981,73,0.14603408652006125,41.956703589560895,4.921486638038104,1.4952736397536024,0.37226027978580456,0.5718719212743716,48533.983333548895,11644,backup
35.257662169737785,0.5829940966419043,13.88511818486911,83,0.20837112112044526,41.591812201359645,4.072880729980523,0.5869952212975433,0.7300473036790027,0.6191835215179581,24428.30451445541,50479,backup
34.915939335145175,0.7366672795118474,9.284458751508895,31,0.2795669577866612,44.65595035706871,4.198570853582,0.9239358763320313,0.2790079238121579,0.9488866353194596,52748.05984533823,47239,backup
47.719329032575736,0.38075452802271337,5.558748361816689,177,0.16978161829133526,41.162287644016615,4.64908072628246,0.8201254269295499,0.9876372096265131,0.43895454279956514,23848.228506070867,34888,backup
44.583699780366054,0.2558365669324827,8.066433925778458,115,0.15766008916577212,59.77559819342161,3.923451181382867,1.0958573264014007,0.22671942801751144,0.9397392612366443,39658.780293831835,41602,backup
53.165184287551156,0.6288680429630656,12.688903016218049,35,0.2722085891313898,55.28467213220146,4.250725492306575,1.1981660642073537,0.8685213252166645,0.000978637213899125,4333.6068262138315,39722,backup
51.222784386094894,0.19595129739420258,16.375648159062976,8,0.1144059720391474,58.307263543605785,3.7304390885570875,1.4088080835426278,0.8843515161261928,0.8561404663476341,26810.264847577044,20479,backup
56.35675262193318,0.6977084323408088,18.728379941314532,84,0.3027937402085884,27.28349313029556,3.2090304141396535,0.4858797959778891,0.18672296850991732,0.7038936737469016,23441.13469855886,36556,backup
55.2224280075733,0.45572445319557975,13.555784278764758,130,0.11762599696198045,34.40855492460427,3.3083588539606206,1.4811555529525238,0.6241250680196297,0.3460042802399794,59053.47704646062,55363,backup
54.77779374313137,0.04837367435846396,14.243924562780538,118,0.10544529549178025,54.89219949702785,5.310749802789088,1.3747623880861293,0.21993294881266734,0.7769116349813355,40755.27975870932,23039,backup
24.806095408470057,0.2989992007927812,9.694405069159263,111,0.24434910182903957,52.84100896517177,4.975573873164934,0.8314043243901804,0.8803859729272387,0.9821884144128078,27806.30743673804,8107,backup
30.362382477852403,0.9181596830549457,13.291470527791141,81,0.29468401001668,21.49172868420356,4.938417920036146,0.8323985542097357,0.405829255208478,0.4595417837002336,45525.29153179161,47385,backup
34.18357855826221,0.9117623535545243,10.082158643068329,7,0.12647403624829426,43.286589401133575,5.338071103454768,0.7053824664455848,0.039325674542943,0.2794828320730013,42271.28278241521,18228,backup
22.38450058269667,0.5925089856339048,13.98250802412729,87,0.1315911522593283,58.9354762126691,4.7544883818475,0.12791033667049762,0.4700642962061182,0.7487415863534288,50296.58293183537,6914,backup
53.498428573353614,0.3774272369119819,5.005854237574843,34,0.3176480399255017,42.652444652351214,3.1515939115789084,1.406921853041215,0.2782270155084803,0.03525025959328576,21828.132963505355,36315,backup
25.39436474295386,0.6836694851721495,14.35446066019065,141,0.16468107778925695,27.50808015324409,5.3258615050317015,0.6145396659219822,0.8616341377881137,0.8366053350731473,36210.89927005018,30890,backup
45.6146657758954,0.02921033953694996,11.486281708202263,160,0.34730177334893264,49.96874146689017,5.171374994622346,0.4467410084313078,0.7597524230715779,0.6883750559603625,22739.09281027213,58469,backup
31.270770811083782,0.7115723474477368,19.339843019040067,45,0.22092927574033966,32.443312298460896,5.276798197175264,0.12419807997538126,0.44276612787959946,0.7934320446225666,26339.637401874184,23386,backup
23.46540261252883,0.5351412974336122,17.23253663219809,30,0.21077054400621276,43.450703886101394,5.195032346066714,1.189365520686338,0.8848076895589491,0.4437742066582947,34577.539573358015,39403,backup
53.38564869262457,0.7281605278206454,11.898507056109963,150,0.2099112820769462,47.029943540865574,5.415756138700772,0.5906939102427639,0.7562069155890148,0.35015066326139044,20410.849869809517,6334,backup
45.71667408738087,0.987970298500683,8.711243243746837,16,0.16373078423272625,48.540290391811524,4.3898383392470155,1.4396007013976047,0.10864203056623101,0.3563937012862455,4923.538761596204,28472,backup
27.440976153660625,0.6858907411042494,18.69956370097296,98,0.14922168700587757,24.101942540635935,3.5454752545409938,0.23117465755344108,0.8767921015327178,0.764406008597929,57129.4885265685,29544,backup
57.06590263520242,0.9043341235271962,19.074905790712215,45,0.33199796766352685,35.600224206734865,5.221178061794828,1.1551591032646864,0.9673532515312704,0.9615380595411451,29364.103516105493,10188,backup
42.66287440534572,0.40537210581314587,18.519337593300683,59,0.20482219961505593,27.616204017733924,3.815159428715016,0.6734836394686405,0.08656711782418247,0.5471514940636675,29322.802595411224,47564,backup
42.82750479607407,0.9464859899630408,19.025802568230134,48,0.239198323944816,24.810109250800313,4.9638112601365165,0.9512738270023708,0.6458076796211214,0.1783896739312052,6532.175942016734,52751,backup
20.77643781035904,0.9911438691831963,6.190119431406019,146,0.14833178824745788,34.6688044079047,3.457198119501923,0.42285327913866,0.746721219345621,0.6173550309698633,18556.66003972246,44904,backup
20.954634671807003,0.8933702681154838,16.695907121539776,192,0.30509918961638693,52.929086667968626,5.008712483453937,0.49368838338544774,0.640738757818226,0.13447512213887436,32814.455567805,3843,backup
23.57888913952106,0.08106492943267707,12.09512329724755,140,0.24920118329623234,24.63587126812374,4.124105957936003,1.4158839921415118,0.6883462556613336,0.5997821646784091,28840.599403236916,34484,backup
35.57734234195593,0.07630891762226066,10.743447956982319,87,0.13556930836316736,39.22678525871186,4.692651165806829,0.9448200079310098,0.057852977134768224,0.06650182469420252,34768.36095579456,9014,backup
42.12688521118853,0.8409405046686942,15.59488827713603,64,0.2646711179279051,27.000255642012053,5.479717091823861,1.0457994603941487,0.8968164626358207,0.5815945804105777,18208.077209019975,49224,backup
41.137829137299434,0.7932046246848263,9.083879355924598,53,0.3069667496684126,31.943626340531853,3.9876342112261853,1.1576714137453932,0.48448387073236865,0.8282008850196638,35704.10747706755,55367,backup
52.87585903654867,0.05697789087336247,8.380200061411472,112,0.29470256656922283,34.36818208520748,4.470546028570215,0.6670708985177055,0.2915908696376932,0.4495792684525388,22158.43655808085,48767,backup
26.651624740720358,0.06971355889479014,7.766484607197746,152,0.13055039568770807,35.30177184668796,5.368896505891193,1.2271722636542395,0.15020617326761543,0.6010859141455495,35715.3044305696,27803,backup
40.726856053605914,0.8071604937295924,11.007544766397235,185,0.30805341403209785,31.85654195481254,4.27791738552321,0.519526043258241,0.46335511659422524,0.5031914105106594,6761.341758034524,20826,backup
53.9905524171063,0.31432952141769777,18.795489396727483,92,0.21876962952412599,24.275069066736307,4.69789665678978,1.3386373478204634,0.39234709413824287,0.5540127329373769,15592.075224406266,33764,backup
22.14611369806269,0.3615319425815977,17.1074368670346,127,0.26589391284978303,36.9832250882196,4.4221345325232395,1.2741173896185387,0.7596661297331829,0.8064536083038312,27758.88827997023,10389,backup
40.576563260742994,0.39080831588695963,11.60225009384716,111,0.1186719929722892,46.655845796553095,3.857893730084078,1.3701898280233822,0.38382187707039195,0.40063101817330005,40711.722757438234,3907,backup
30.600848984527357,0.0200561344252298,16.153825619757377,166,0.23446104628244196,58.232121002990176,4.7463841560821525,1.3905705031195958,0.47183356814624733,0.26206065810143553,22863.526135954166,34826,backup
58.69982456588533,0.546414720522435,15.707276028464078,129,0.16048410990836892,37.7416203096828,4.994036419722983,0.16992193391831176,0.5705490722056583,0.2416580434571276,41257.11323982264,22205,backup
23.63822851629279,0.11631702716012093,5.405688364712836,67,0.1976485513484479,23.879646898033755,5.220784344367413,0.4140107598695153,0.34075854422606877,0.633352893939022,23468.29193405067,51789,backup
34.29288164250217,0.6456169590601936,15.834290857320953,19,0.19220297087883143,49.55853696441254,5.140871227733603,1.4286305602417413,0.3196885331221735,0.8250451564136032,54286.33713214047,45737,backup
25.85676650761919,0.0964310251904168,8.513180458436253,111,0.12331599254613682,35.04027524601301,4.279382823148811,1.4244455680364378,0.3223901128731461,0.5410354237857407,55844.81621283059,47767,backup
36.17270716463182,0.9568535890947236,14.74704850667089,160,0.1485878842760395,26.753088623343185,3.9148699374899127,1.2357839104375872,0.6900547564157903,0.6679470050231624,14239.812177798702,23612,backup
50.903695237156775,0.8447278639216808,9.353262360532156,13,0.24911504928179826,39.48789263043204,4.375635560826253,0.7826427001330964,0.4548019213020269,0.2661839805054047,59719.98779184174,41463,backup
22.23396689240987,0.7358997697484682,14.334717216948407,189,0.2488779401518414,42.23845819666195,3.786464842746299,0.6096884233716594,0.5724514580880168,0.6885904644944447,43544.76141974549,41203,backup
36.54434424828044,0.02891312994665629,19.9317090626376,157,0.2392671481133424,51.90470633245717,4.261830085245192,1.2517909248566916,0.9825392871418165,0.1766719917032319,41362.580913056816,20368,backup
53.97821045319722,0.4797246956126242,8.513351724261048,28,0.12141715254133842,40.29162365530659,4.729510351676931,0.1606845834271617,0.23185425384613756,0.12615536567268748,24024.956504106605,17067,backup
28.269871309181678,0.2308379639316791,12.294140128434991,129,0.32723938466135516,56.421394262546045,4.919365653946437,0.24313127348206282,0.06762220146943365,0.005697947361004818,26455.064313505096,36428,backup
54.66740921908658,0.3805551385427035,16.39087430851616,141,0.2903821605393303,35.47996361087291,4.828151589712407,0.9578887199667352,0.23451590923447474,0.03504488822350438,40554.34948774155,56269,backup
22.023985074520674,0.5570905409729592,10.402347436779538,196,0.2797011820466271,29.38727286467657,5.355422533459382,1.41614138870061,0.7021167577243481,0.45320821637407194,6545.8880088636815,18745,backup
26.251244693051138,0.7259311151898067,15.529900128417571,194,0.14597878441381354,56.1369731030169,3.6517943078569663,1.0320933664124792,0.7548087770675246,0.7217132458045283,43945.64286326369,13400,backup
50.51781248897927,0.5841160923375386,18.52414189911503,78,0.2120000537868288,51.53907522879361,4.925448042129462,0.887351762725221,0.18961705205321022,0.37778616801127374,4546.0512267810545,30844,backup
28.410548343387898,0.17122082725974086,13.095733784578997,131,0.30852557822130267,33.4573543362699,5.157565450291129,1.4927084424245742,0.3836887437201014,0.4644555079828304,35759.88275331296,40788,backup
24.17640597559651,0.17822693399533174,17.865060196632193,96,0.19901680317319542,47.434207879060516,3.4822184132873844,1.2301599859290586,0.4269186398497614,0.5975028202992685,57408.323555198156,13169,backup
41.73619974568551,0.5687358599110403,18.02428418352909,102,0.1786890607092777,38.9119295848595,3.503890849011768,0.1667670313657549,0.41322066046458983,0.021239132941680783,17269.75274108958,23556,backup
36.02235968930593,0.2638309596260918,14.286944522400187,188,0.19018639654117958,52.869899956830594,4.277905102607259,0.6611394495216677,0.7070008909087058,0.2222230174694867,47668.33686373957,22183,backup
30.959954263667168,0.6294858846878145,16.986454544675436,51,0.11017491136219595,43.98001904467861,3.4051986009931423,1.2677775284115982,0.9719392870339405,0.013042137173755353,45526.106438096955,3634,backup
20.92940567983973,0.17559382080318986,6.7846634675213675,161,0.1645174681585878,32.49846088272061,5.268409863388242,1.4742100976120214,0.21641088562300448,0.7576780952647068,30333.654976217877,49680,backup
20.534646599479807,0.8409298977511867,9.801621651486844,198,0.2820074174183598,35.5831094440661,5.217337481706903,0.6841753054050328,0.4758498451036648,0.019687867276014015,50076.64102393984,25531,backup
33.6235961180989,0.49541150273161194,17.22685626665656,183,0.11281966999125931,29.50413021260234,4.2734482245568755,0.6862148778994029,0.48483302488741165,0.842284558571907,5796.163323602606,15275,backup
34.930429045885596,0.5372792804252021,11.320191274109662,177,0.26263063596157865,54.629330864590194,3.449402291006751,0.3296064204131661,0.1786456966153147,0.6487609600287716,27465.453341675864,19930,backup
21.758054370527795,0.7279678915491977,16.133715804039262,26,0.12406748286530514,44.1397549729264,3.5076183373290606,0.11604375724002891,0.5163324862404557,0.6588306843202081,59758.77706227057,30310,backup
33.77702648043656,0.6077403752340766,12.037011608640059,156,0.20938249675712356,21.851641743259876,4.615971072190552,0.641639969869329,0.22427128711075162,0.8074363368447399,33019.663458343886,59554,backup
57.09413551232253,0.8343622573905023,14.834831757522224,113,0.15663928295968635,29.976880025760405,5.4113472230977555,1.3597497095137012,0.5791765167763361,0.5274820636448979,27504.33873372387,37876,backup
40.45207345070787,0.2093939740161529,13.67130061216154,20,0.13522872472448239,48.03749647892049,3.077565591133029,0.5128548336710009,0.30872428026467946,0.9974717818894987,6304.791885249952,16564,backup
33.614685321018406,0.8027876876750708,5.6493791907884106,142,0.18110919703557848,48.664569638857536,4.523000231927157,0.16060923938366958,0.3145076019259917,0.8682363628018648,23865.79110936492,38967,backup
50.57368608103454,0.7861881991929942,9.401368503508436,40,0.13320831389235877,22.505112466684572,5.291232250817163,0.18284450302688793,0.48141743150160654,0.22108206219611493,33481.51359695768,29772,backup
49.016228669670916,0.20829653058832331,7.379665975588374,114,0.19747560822032656,42.05771067677311,5.007290438823917,1.184964159987221,0.9434881952270748,0.006260539215442673,26542.208153125674,9757,backup
50.39160426355166,0.059788285838603294,13.582906707206877,95,0.21806340864623025,28.002710015965793,4.191463631880287,0.3546205446240146,0.8833020775717011,0.5405981345725192,36775.71117640942,28080,backup
44.18773846904027,0.12698977798261435,12.36199578785393,53,0.26072912862223474,23.64751492387116,4.970748605836173,0.9635827660720827,0.6704075186693641,0.947676983771866,20578.87619581997,30285,backup
21.19767685978738,0.4479139936371421,12.35067214210737,36,0.32161797887848864,49.712212192754905,3.8765364610632815,0.6402728018721454,0.9913347121493657,0.887873343104142,17473.79546506681,30360,backup
23.00417464045971,0.5530558732777447,6.616578142501573,26,0.11826223195769558,54.758834145720456,4.708435965427965,1.0081927972158642,0.34569771312411246,0.320987205091134,12676.87047418095,34982,backup
54.25140677230284,0.2316475299452544,13.775670349339359,122,0.19786354456796224,51.20975747593718,3.664098683643355,0.3195194841208795,0.038825817178212096,0.16250880363818676,41945.15853334551,10046,backup
54.64939742213092,0.4799945170512321,7.752575932349203,90,0.29959367250961055,37.912448831126646,5.292290865145066,0.287651899153313,0.356185671262217,0.19649269879816267,32488.653261950258,2088,backup
36.115048857866554,0.42436515863584323,19.390450901836203,31,0.2968493701671796,57.680728234465334,4.884151145221983,0.8702479607503777,0.45199208367435806,0.43731941547850073,54323.199607410075,38114,backup
56.59208780451574,0.6503474517853184,16.69320452133247,136,0.21515599380135148,31.863647624082073,4.625246689926216,1.2231205323650265,0.486322391313326,0.8799744529067084,24090.965360679806,23350,backup
45.75599204042838,0.8068557861554982,15.029590002982491,132,0.27997360422551587,24.992273053341577,4.355603367830275,0.4232961915933797,0.8306441565878001,0.47132053881965585,47316.85134377855,54884,backup
50.817097414382246,0.11583406347182601,8.016407983745165,111,0.2411901773784196,43.16078825520157,4.507650344916334,0.31621555109785443,0.31298365329272815,0.9288757909207637,41897.320019304105,11523,backup
38.32028634643636,0.9954873445320366,5.226279033067448,46,0.3473083714033737,51.08143813628306,4.956088923818831,0.5625892561288085,0.51860793362759,0.5179388677088695,52788.55320107948,41254,backup
35.36851662433228,0.3091072859142351,12.721785191857212,197,0.24881001668336813,28.618306108780555,5.29940533201056,0.12721516996293517,0.8570601333568953,0.03675095919114979,39580.46836269133,57350,backup
35.674268747784865,0.0658621345303283,6.587022554778835,16,0.3100385862953986,44.71344573777925,5.108753039413188,0.14021604415379865,0.18254685016211059,0.5923490146432248,34018.80995719103,44269,backup
33.00693586294058,0.5501495976648884,14.740469662351526,162,0.1406090003661025,36.69854644312905,5.198344150009979,1.2126522983308374,0.909154023243179,0.8745400916178361,30849.391974763013,7066,backup
31.297993204628384,0.17031020044960932,19.266522839637016,92,0.2609184521321209,24.63594492100732,3.603505717212082,1.3576340275202239,0.1370292967425769,0.8135432954191737,26081.75264391977,19557,backup
58.35018302124341,0.7541690373260521,16.96490666313855,2,0.2310969318297265,32.86158686484892,5.092557590283947,1.4898809918868936,0.6921285782896994,0.8880861210687908,17726.11826749757,10830,backup
28.304400449979646,0.12115515906830654,18.120804716531392,163,0.2900886832685101,53.99700051703799,5.438287454345952,1.2747480439693388,0.9507420257937942,0.8904288753410489,40824.03028674809,1129,backup
36.46579995524837,0.2356976505058329,11.93463135083063,29,0.16203612348050803,26.88609953027466,3.47798132374885,0.25770761423556066,0.6070844027152265,0.4348073850606108,56982.05391134189,36789,backup
38.91812719071223,0.759700909099137,8.392240086056837,144,0.1834151016872177,48.55450926351696,5.173888013094609,1.0922350210378506,0.6849646523966072,0.0739473583064787,49660.60539740332,42457,backup
38.343020522575024,0.9278644232451492,5.584296731335034,10,0.2123102293593898,28.769525342162115,4.472353978343418,0.7475076647338732,0.7675149835365094,0.2328233561124492,15420.982655415952,1345,backup
27.14665622264883,0.3860855782974607,9.509657053625691,134,0.2156138170325304,44.82385190713912,4.109235893911058,1.4604162500120816,0.241292016510387,0.9570210398817488,25923.270894665522,2999,backup
34.561113621570854,0.7857176937132546,19.651603006528248,165,0.1739668353183884,45.34180503036694,4.685263805021087,1.0948205238704043,0.09947684692229475,0.3392005616395891,59868.86884325039,56197,backup
38.148039932447276,0.7021815852873398,8.283821733131834,43,0.24313502525001246,28.93113789974265,5.441523500734567,1.0157307706307424,0.4367597168986387,0.7516080428268371,14292.381107077754,59633,backup
34.957417878607394,0.6005869821941373,19.916777230724847,64,0.1752338451838678,21.279010562074255,3.7817203714359704,0.5881661283293117,0.5798419110324903,0.9266672203674696,28439.19863560696,15892,backup
23.811665942171203,0.5280342957537113,18.566787103134722,133,0.22663770766254904,52.704028614626026,4.079110496484148,1.0229856125151617,0.26987400742293144,0.16037813575643545,46270.82770427323,10769,backup
22.88906036282623,0.06991720174002947,13.16959278777835,38,0.1182291988800235,53.83682677168046,3.5813548938828994,0.2700566449975121,0.04380020927130335,0.08740424833077709,57642.18043906559,59074,backup
54.32735785122829,0.6983814743685226,8.460766300748855,4,0.1673901854315208,55.90694961260533,4.2592185248609855,1.143711661369797,0.8376970786610344,0.5116484733974072,4882.1632410997245,27808,backup
27.951615476768737,0.9032937678490924,15.283668691918212,66,0.3236856190556953,35.11685200633487,3.9608047086077285,0.3507484926657596,0.7510983885771022,0.6962691845768845,23749.226551496202,4359,backup
33.982027685732895,0.1851542127499376,12.001384480953961,188,0.15331091284072462,52.675191720453576,3.3250014044889262,0.12125318130669255,0.9462273658887391,0.08211046719587278,37790.58913660434,10899,backup
58.79773040479797,0.3787445485404197,9.161995981212051,78,0.13360640524565037,26.115191547781144,4.592968884013437,0.8626563469893908,0.15373471083925505,0.5757171660091127,11531.091871015533,57170,backup
36.249292924524916,0.27489660664207616,17.748890130554933,178,0.19234714720215668,21.81368007316454,5.138198678093268,0.4567069931773564,0.03334622131737153,0.8417416837571661,50075.80841177063,39160,backup
32.17981664171815,0.2919797934436239,11.99607658002734,100,0.13831730492150215,58.06107060456262,4.548977434015123,1.3395622873295705,0.7388585606112477,0.5559978829034508,9977.983820531557,43506,backup
28.547430878009266,0.6356304782363548,16.64299971276892,26,0.2649461856820545,46.900030940084754,3.5457065115267676,1.2356473552517275,0.8663392522206059,0.47185689195119584,34259.70544513451,16394,backup
39.76850197879609,0.2237213870391871,19.63007535896392,191,0.13747449255062869,49.14402389076387,3.105821474017975,1.1715901608819526,0.22213037846977646,0.16508446972219126,26399.349740341888,37683,backup
45.55629153462487,0.5207193064015975,5.162004278565454,182,0.21114174887331766,36.12704014524392,3.2323576565282295,1.3390234427556995,0.3773478742190165,0.09283538641538247,38838.67532162125,49099,backup
43.00438060425235,0.9498985340158425,14.946100606857955,94,0.22095478815845554,41.43483256205438,5.207418033505496,1.3756864255245385,0.847482487033399,0.748297175289192,26965.654444024236,57374,backup
38.31606271311931,0.14316270407624299,5.461931242788497,41,0.15350229921008085,29.101212505888437,3.4764790501061347,1.237307232268084,0.011481478942473644,0.31387356287283785,29340.98497339743,17316,backup
23.576984795178983,0.6986253984003926,13.036939388152396,102,0.2700177033640901,56.71446920755318,4.020020637136221,0.2833193060805107,0.26707989181844394,0.6543496419610276,52675.831969652245,27128,backup
40.761221299697134,0.19035887305015653,7.972979645791366,103,0.3364958675259941,55.16289381262635,5.159583907173347,1.3964408851027936,0.1297648135685303,0.3346383690521767,15172.777034409057,14439,backup
28.31894404061073,0.23364129504954712,19.13211643103825,166,0.12785386740857788,36.26862577869206,3.7797104506107635,0.13536095374010568,0.9478488702461814,0.48478830504249926,27783.26064784346,41240,backup
49.26957818573584,0.05012025150261068,8.407864741124769,28,0.26942448973418975,58.16146082162733,5.090056744719215,0.18974510087295493,0.04431598317172425,0.16051760171888696,49754.6741496691,29329,backup
56.79014801094052,0.788964603633749,8.649697491053097,138,0.2212504996850233,54.780703447633115,3.986422371736933,0.9623560999160086,0.5327411717796947,0.21647913651135298,30071.840949129568,40235,backup
54.9271161956285,0.04622988832262431,17.876429646679775,142,0.3285977118680262,21.0291748925296,3.7443792284348607,0.31594992816224177,0.7019212581586557,0.16309454530842127,45583.62747838548,59021,backup
23.212354498640046,0.4433846978772965,18.40904200214839,149,0.23925511542414846,50.75765058717462,3.5995775603259768,0.5792597354256419,0.47516549107989914,0.42346948291479036,30039.159350621045,31304,backup
34.30859959391308,0.5970286863272084,15.572323840869965,154,0.2173697613655592,36.573207606844164,5.0853570274086435,1.0377131461365876,0.26277250417568054,0.3755860120924793,59968.53703354308,23447,backup
30.113338579388888,0.7463033642250679,18.211337968331478,98,0.31500042961614516,44.06403407952108,3.044451814955186,0.10204574313594342,0.3308565368189472,0.06784730819981788,20046.216937516463,22840,backup
21.141899862669295,0.36058748047425115,19.170206204340516,140,0.19698497354738553,52.16063042550751,4.6269733886988815,0.7053111766234205,0.2232854134279475,0.7039234012350206,37425.17533123508,46070,backup
59.95002949450258,0.8062424921759223,6.141374288787753,65,0.16307924994755368,45.083427535938185,5.389941095122034,0.8000242999863462,0.8547244933257115,0.05309965379685688,41258.286267378964,34381,backup
29.594854809917642,0.12144349498092544,9.90304579571276,31,0.18119721621047385,21.23726819831116,3.1210816091071925,0.3503257241195058,0.0028341383999813674,0.3720103851112584,25266.969521089715,55525,backup
25.22920287795173,0.32591718458453733,9.22535259712772,194,0.1205919519310748,39.544906607760296,5.231489135236236,0.7859246693500892,0.125851063606783,0.21909383420376105,21356.335713523684,57296,backup
46.112112698605955,0.06568250048405877,15.895394972902622,79,0.30024109586328346,22.66184799457488,4.360294314372394,0.6068102913808145,0.8666442360675843,0.8117784891312299,50307.76780596984,32125,backup
27.152409708921418,0.07586860988439137,16.31694786066015,32,0.12059496132478478,53.30912330030985,3.574590290610562,1.2863714870101097,0.9810741928921008,0.06412714145234788,57539.51116875906,25358,backup
29.375175955971912,0.5500705003850234,7.285430990604604,153,0.2344326912107369,28.640145059566137,3.361646159784385,0.9258970872570603,0.4427500968655136,0.37243315459962223,39131.93193047795,34665,backup
22.830656384133516,0.3146004240866802,18.864687296945256,176,0.16750287638808015,44.53193288242101,4.216753063977318,0.3595719002321742,0.773487806921315,0.5033551375527211,57102.34357552323,48701,backup
44.54461398144875,0.44884796843645336,7.416066987786103,75,0.18110710884421888,58.20513505689813,4.83321499988222,0.6347257352300905,0.8851342489138919,0.5450515720765737,4666.580655077581,12477,backup
48.16670015652086,0.5725992589056428,5.941385606593709,195,0.19194699865864362,46.682683689745616,3.9852980857801104,0.7275059179855601,0.8216177806770666,0.29421506037344103,59343.14944502696,7799,backup
46.81132720888065,0.053839745828368035,12.577879055053673,24,0.14952985529340518,51.887396828841936,3.6769531887052604,0.9638074406112609,0.4205082477773834,0.14206395567759456,12179.519866797898,16227,backup
31.475491691759416,0.24611879837103556,14.899317766162582,92,0.2057335962711755,56.91732282820277,5.168164050023819,1.2141701675411178,0.8794596902790383,0.7449135415636255,39776.54887678111,17613,backup
45.63899686672745,0.9360851918401287,6.0671744548137125,108,0.17101513922606554,54.21506893981703,4.178208668987972,0.6264239556571206,0.458718783268112,0.44597135470770066,52002.397774135774,21977,backup
55.800412983085444,0.13197248995528177,5.853918754194226,61,0.34911274567320183,47.942643660442776,4.4256132821584595,1.4444551322707988,0.6928945447405447,0.7754557561193948,7366.9169806375485,49523,backup
29.969868242944706,0.6016584212214269,7.564730273245098,124,0.23623855185638165,28.22122859401488,3.725860335479401,0.4571296911960767,0.9851322958355674,0.3208660885314084,58831.09081396797,30813,backup
28.730317391182375,0.4145134682429461,16.020275452763578,41,0.250372635532609,58.09104160642207,5.409550903823575,0.43113326832922905,0.3490865319851928,0.48452588207727876,37129.053890292256,26509,backup
52.717533851840514,0.2714106299145401,14.631520433135274,184,0.10332304973076398,29.951229451939568,4.657757476634315,0.12243727323682546,0.3776816989614791,0.1860899127011424,20841.08646454677,41397,backup
33.22506667014697,0.3776368953354986,17.603966816524313,191,0.15404812337469626,54.1863198748147,4.276887270722461,0.6034641278909832,0.7372137847527265,0.547381273553695,58907.17365682246,15437,backup
56.273524022403556,0.897583019857671,9.008243685394199,34,0.14894890609446065,57.6960851534116,3.826816672043476,0.3994891788296333,0.7563728421023708,0.4625809129889341,10310.380099372775,45692,backup
51.49062624509493,0.7001240017610671,5.640764133830875,11,0.2905569437329606,40.35903423800042,4.692945120298143,0.7681520411537954,0.08551298561997,0.31762507192265266,5118.767392529389,18733,backup
24.672258469879587,0.8223470286970122,7.064571961527324,196,0.33129047289080366,48.03159744557078,5.209819420643177,0.10891990177658128,0.2133698991740377,0.7368871200679677,43570.681134564715,44227,backup
21.631893587506713,0.401224493810593,12.667055983945083,150,0.1605918657003976,36.576630641100046,5.461405312118431,1.4575783243499973,0.4061950999901419,0.8465037128233878,19670.439666662358,41786,backup
51.77423933183637,0.077937021251274,8.229838884746437,15,0.2977728009553773,22.07658884807605,4.894986236857092,1.3645285237942868,0.4130100531275984,0.6612986795461243,13369.971482289884,1684,backup
37.9896951812248,0.3201510103302668,15.342759618737,12,0.11780290590221654,58.64440861331235,4.736795686643788,1.0566006604122093,0.1285892848769158,0.3940940779054982,8767.370379150536,20016,backup
23.12842452218826,0.758366154927057,17.1234227759632,113,0.21294075342280439,32.45940946181591,4.690855028375404,0.5555878675934327,0.14876188847409544,0.549254071332635,56806.887932202466,30718,backup
55.28683917785776,0.5386426253702449,19.945049971321595,132,0.25596322571079166,23.675021381584365,3.1435064842196527,0.7899887419686669,0.29181869199333077,0.9374146004543803,20028.640589339564,11712,backup
20.804117103386943,0.7804072122003403,13.397589708610388,121,0.3006978229478929,51.07719285348091,5.423665636071721,0.5482261511696603,0.7629365874497839,0.3073449968702121,34629.99336782623,12125,backup
48.5226997069077,0.19784711495657104,9.730243015449998,1,0.2940409886581455,54.59237413649149,4.968341303732568,0.47700002160879384,0.5019633893033508,0.4096809696745689,47887.79052694755,40348,backup
40.94525304551787,0.7695623405725237,5.800654187684705,71,0.10987062576483567,32.345017184076085,3.6742894589517516,0.48156889962378213,0.23990023468855448,0.6570233501064052,53891.677980002714,9226,backup
40.4708127447161,0.20436039169828846,19.48527846072568,55,0.3184926733686429,43.94200165921269,3.7245036351220766,0.2819796813864084,0.1976260126422269,0.579175027141399,9514.894079319129,1956,backup
53.43997350633376,0.7429214897718454,8.704440627531365,143,0.23875842441511563,34.534687711084935,4.407329202441877,1.1512660048669405,0.0647899920752093,0.9666989034059094,9011.641633008981,52849,backup
46.36827579016891,0.6233158869237863,7.634289569862834,121,0.28132596705989915,53.25747276912784,3.4027490698277854,1.4965084969444973,0.45577997011751914,0.203968394354333,41913.13791545321,7385,backup
44.842667687603594,0.057229433676407204,5.446454086638552,51,0.3047007723289437,27.663505021166593,5.043075608452192,0.6565426693881372,0.9861276681935114,0.12970874870801763,57022.51043311543,10393,backup
54.70328069174349,0.939761659446472,12.8232098076573,113,0.26065558344314443,33.136965807576956,3.933556096198687,1.2255368347213569,0.2729432532095796,0.21528864199069575,42007.92971894682,56324,backup
56.76314681448876,0.9181497970901858,7.1224457892362825,194,0.3442210529913482,55.84270193231557,3.109571957806006,1.3740583872031853,0.6298200903431465,0.6049192711109758,41011.90821993546,25507,backup
45.41605526370405,0.4270023152879354,6.506513757786054,77,0.3427766225413805,52.35276459127673,4.100999279267057,1.4501762696003921,0.4632017293525763,0.06649909349897953,52827.93993616463,38110,backup
56.30725775807405,0.125491688920484,11.44420151169465,19,0.10249083268051609,23.59742396351816,3.0633085336584696,1.0410689182143407,0.5486457963346338,0.6357409577826703,47466.91117894091,31721,backup
39.25035786363527,0.3610599777770701,11.051503501591778,178,0.16316371949812614,42.95905779427016,3.275713296820078,1.0200537078374927,0.22444654492583027,0.40021405928397813,4824.885357925548,8033,backup
24.002945479457782,0.40610583990953675,18.68538356023924,71,0.12310379228567114,45.513333005981494,3.264904714514999,0.7193387142161345,0.7726914806227725,0.4793047799391258,32430.472943114,52014,backup
20.675475394598735,0.24197479874058392,6.1725012442773535,120,0.21162019486702977,21.26382846311214,5.214614480231814,0.3268622094604505,0.7427741655857993,0.5862788461492651,7494.5598467287455,58130,backup
21.479162689483225,0.36097697299805565,10.0162027762731,25,0.31203258676169865,59.96924408277925,4.870696565897308,1.1551737670862423,0.7615010568024364,0.855847430219933,35346.35954254368,38811,backup
58.421615213698956,0.810731615509301,13.583028165568267,71,0.33908309428425276,44.48016697251287,3.486162957127781,0.16189492052574916,0.572757668910246,0.31212722127821335,36789.50105033084,18515,backup
25.620556069337546,0.5965266062422582,13.578963474926026,88,0.12935128187022468,50.08076621926865,4.767526454616156,0.8371948834876414,0.08610709141760331,0.6655579648563666,24579.02357690168,42612,backup
22.115894541250203,0.5503153739689715,14.037500519206148,162,0.14831730494780035,25.854172547558765,5.407362505124498,0.26464668952361314,0.8198322175429967,0.7735361999095332,10688.524894270224,39786,backup
58.848956766257345,0.3121255304073457,15.574669130843482,188,0.16959240186310492,28.491858733718033,4.199943132701348,0.5506855550601303,0.014214669554899362,0.017312361512404673,8620.282383172196,20203,backup
36.19200052102718,0.7414140748704973,19.411809486441406,143,0.14252880179158264,56.19903646170266,4.773036406979388,0.3489006134356366,0.2418258294754113,0.37144207628951553,20801.407165889974,49782,backup
58.23213278002352,0.13619783194314528,7.251895754516704,191,0.27422768222531113,31.44673298628174,4.8283315912579035,0.8628854038878305,0.40853202349167095,0.9089885266937527,55678.67139722241,19708,backup
45.075826539961035,0.19003174870037398,6.368724194819029,33,0.19463954109959652,23.787003545332603,4.753376292504614,0.954457539718863,0.3062509398122485,0.1472867331874962,53444.7530623525,56388,backup
32.003901392451155,0.5272746161512929,9.486429000022685,49,0.2853896230574144,53.597451784212275,3.13149064616718,1.4383356831151448,0.4991630315832215,0.44433419191648926,7908.863708414515,22003,backup
39.79185146298008,0.42936619807453125,18.064207452387677,160,0.22285114660610683,29.91983004494239,5.4081343178866135,0.21969111293172458,0.370229968614449,0.4066076227347033,11702.01751723772,57572,backup
34.76426582068417,0.758238991395209,6.852856933439373,27,0.32475141585490597,22.498050807122883,3.9607943248131585,0.6129317645089994,0.3318602933300745,0.3732920741430126,25314.141012646778,30225,backup
57.82962718720298,0.8865600655402497,12.852432740471723,35,0.16807463736895528,34.202441776157386,4.162984252216726,0.25574261004085636,0.26333284176839045,0.3953782707524621,5964.644588906332,11504,backup
35.55188817313824,0.4537378008446905,8.973887320161936,66,0.30657007618362,34.25234439260855,3.0195242009967376,1.4541394575503401,0.07201784660024568,0.4549327688667605,33001.016378959765,11835,backup
42.03430334691171,0.04934454461437232,14.25335552710391,137,0.3476955117341157,44.30079425056876,3.663964628845916,0.6523663181374151,0.4342931892881138,0.7442230762804999,28178.852307400706,15000,backup
22.160865771656688,0.03590090314427119,16.522409725687883,45,0.10723081487258163,49.779658878307835,5.129985503039895,0.1347542339263879,0.03128771341476355,0.4327287665159826,33576.62913724665,47364,backup
20.35990855653443,0.8950775438715944,12.41453136363029,21,0.3319883315624422,55.79209328453732,5.174420589805631,0.5691850259419389,0.08499611960650288,0.9264891419855753,34262.74654513461,19954,backup
39.087704582060695,0.44946268818871427,16.03503325537185,2,0.10983892562508549,56.93431631882678,4.162176402352469,0.7368829959253227,0.17913137787783917,0.7796449833113644,31735.520111695452,45100,backup
30.59677211179109,0.1872263617448443,17.961560867128846,194,0.1253888218790533,26.161832393885433,5.264795351670435,0.5175547159888326,0.320198424146771,0.8222193065315738,24337.822090055146,4142,backup
35.47736569103257,0.2895976387427953,9.072462445064462,44,0.184163474362658,27.84815613675009,4.340837552015776,0.18056766788144013,0.9771691917560191,0.24081349529270346,50988.11771535896,35008,backup
35.02748348229345,0.24717097275305489,11.590566704676823,195,0.16333609436706392,59.71536139332856,5.384911825449034,1.3638147874289928,0.7952204627210369,0.49542858866658424,35518.1207454899,36227,backup
48.42431856525036,0.5345863489702557,13.720468346480516,60,0.28319865040804415,58.49734342417666,3.618137649342432,1.2856730570669133,0.020983211414641656,0.36678678172492174,34074.75192296974,41178,backup
26.26815949753241,0.23787869835464237,9.436331287290026,122,0.1401575497011261,28.113612330243612,3.753176025265602,0.5018835408471791,0.7336985505692394,0.12421956378427956,42197.41305905923,5415,backup
58.418535187581554,0.7492116371481622,13.752170385236782,190,0.1948739807279884,55.66605752918112,3.650644322002843,0.20914295588233403,0.1681159058095021,0.6506892937986565,45105.024767413204,20709,backup
22.909908921602042,0.9709454801209052,14.88910026396592,42,0.13259660702460513,50.59558411370162,3.5563630432390063,0.761234902350967,0.1618724061939073,0.8238724633321679,37892.01120285004,37582,backup
29.28247148377746,0.7312792464136251,19.262258116338636,105,0.23957831122403042,32.2218280633294,4.7958027222004596,0.6661758488518136,0.7687366126801057,0.6104851709370993,42880.720637605256,39770,backup
25.64286003835441,0.8779663949050598,15.629496702593814,199,0.28880529143436495,44.93412015996837,4.378130605345833,0.6937848598549295,0.19991435282236647,0.9745983938870937,45215.95376507515,2012,backup
37.636913997229094,0.7058918358277789,11.328997314788914,154,0.24081400974367595,41.35254056662926,4.436863956731915,0.8159744595602412,0.4268354163201661,0.2092396984696373,27306.436348120293,53345,backup
23.921470206260203,0.12181594170711452,6.35412527520122,47,0.19020027377855891,28.688525046889236,3.6880539099871297,0.7728719985109482,0.5773506668183368,0.6214296484690208,45875.41752902155,27290,backup
25.279051714858372,0.9972196852757572,6.970022610490438,23,0.2800871288428175,33.072581430456694,5.081336221438326,0.8463961286803614,0.7390595436203897,0.6552061103437211,52677.29648693244,12064,backup
35.76596436958479,0.8361338404253902,18.046259226162388,27,0.20492556590893612,38.074865666212276,4.67370224723186,1.495966002644749,0.7141654124459075,0.9226666381004915,6248.412112327479,9199,backup
20.189832376174003,0.9335943342291435,18.842355273670286,141,0.19476943525216678,37.25724724734452,3.6873022454970705,0.8432736321650884,0.3800593438577078,0.19535299597016742,35003.93697901585,39997,backup
56.0142237222064,0.9269883847130549,18.441034293735033,40,0.23427468553748887,44.778032987196354,3.4940838012697837,0.4909382877903342,0.5142394962074585,0.7002487924894856,6535.603088335308,4890,backup
24.93268720818773,0.3096044218323103,8.21333631951219,6,0.3057437169479734,36.496853072828,3.051109625205492,1.0218399104889349,0.3032909302177099,0.7812784478882046,22530.31872510814,51557,backup
32.10677801007246,0.7065380979973791,12.699379148463688,146,0.29499981891892535,54.4717120985467,4.030553883618528,0.5360519580572097,0.6743727617193578,0.9943120762063391,4134.332741256138,4298,backup
56.376506581131444,0.797923120190999,11.578792710696604,88,0.29589913797466116,25.889956064936428,5.0637290122247105,0.14763127524648206,0.4218741777419057,0.023492976928972675,10127.978571672698,58469,backup
35.881764168140094,0.7251820649885685,13.997436027675306,179,0.30617485468150474,32.051286304142835,3.194568235293638,0.2160991664704099,0.8004473017110559,0.26881648140267633,34008.00383122638,20094,backup
38.373375695474486,0.9908337071939681,10.59118976117102,84,0.32646529639770966,37.621925626758426,3.750965448099625,1.4785713124794875,0.999741067981127,0.9244430729097791,40416.335610714035,48944,backup
51.1460291082931,0.13203871011262014,19.537599351453956,140,0.27294579185560164,29.751717550563953,5.219880816174394,1.410731238867956,0.3685650790779297,0.49267424040260566,36278.65215360966,22152,backup
40.70360111130335,0.24089160660836506,11.529893544776805,186,0.23862124730621156,34.38113160099022,5.245085869982084,0.1761292764404248,0.40021122039860857,0.6101041989110045,16458.789143822363,54048,backup
30.150890205361,0.02426772847153824,17.89061237042781,137,0.12388344216980401,20.644062938203383,3.789365710482419,1.0448310192299555,0.80835681932005,0.8857766287400738,20238.16286099033,11662,backup
49.86814687165641,0.31820932593879625,9.335022910880783,174,0.25503236058392476,57.81934016828503,4.99629341612325,0.43404271626563184,0.3054007271900645,0.11895512898415128,21076.59627413593,27134,backup
26.489298526048707,0.6159378439728271,5.188313105867403,136,0.30131603235010485,31.23789055841446,4.877374418772097,0.468075543809957,0.3148049047798863,0.9811330870569273,47029.58209419113,16553,backup
54.63301226608603,0.3473831795544734,14.360177555950482,94,0.21973752245171468,42.0392549991247,5.446134119704672,1.4030702612039396,0.5396698241102128,0.4965387232141272,53894.29152568873,13284,backup
34.76802063348451,0.6628944664544179,14.506855951499599,186,0.23189238473547674,50.9467245002023,4.089406222282982,0.34688442554309956,0.3703901634238068,0.4026376517489372,19911.261428365055,50858,backup
38.02976125041944,0.41877402378899375,9.899443985064849,112,0.20148661139798157,56.34506930136788,3.9663411675121054,1.1958963266055314,0.11114654816916902,0.7512159201776123,24795.933669978185,17889,backup
49.47686342066301,0.11367778132836415,6.613159853424595,111,0.11475596892753687,48.433643318118186,3.4474485602183833,0.46391679405375486,0.2949529212729656,0.5466919569664523,7108.357106180863,7049,backup
28.49962641099578,0.7102034194297777,8.049412980121321,29,0.2513903489598936,53.23786501991163,5.050891409246086,0.45133134602503666,0.9978020832136754,0.4455324696936729,37949.14779041688,12208,backup
51.190703265054665,0.2406995025708778,9.406329959270268,194,0.24301974070613974,38.84194108243947,3.7154487413658783,0.5208356698952025,0.44236789673491295,0.03310503126440956,48166.37134595359,24514,backup
27.182289135373342,0.3023793814807788,14.109194075529462,196,0.2525113598361396,37.11779217234857,5.002156112177629,0.6731930820892904,0.8483691365658789,0.4835780678171704,56450.119597459125,7443,backup
33.2929429274936,0.4825772049201227,11.48524222971114,64,0.2603196557253957,41.777999155859526,4.192171263742516,1.389862369266661,0.1278684060931603,0.6821229580803885,24131.8462969704,26659,backup
35.012214671096054,0.6976235398381713,16.19830322999139,54,0.27439926025236083,37.646197390782966,4.5069831374937515,0.957941186306082,0.44215594915207546,0.446689993998449,47936.75479997062,34095,backup
22.143150687432104,0.76207677388964,13.945142580822079,95,0.3476443648824969,36.27461960200624,5.328898239422969,0.31806318660303357,0.11296979733468915,0.14752880171920724,35551.94833583179,17428,backup
34.292473226796375,0.4541668306132405,10.405641248212778,92,0.11403343704705038,52.66763054156104,4.367483468129093,0.9480134135454482,0.7250272742912434,0.5064765461852246,6497.612317506677,43181,backup
24.35900075030989,0.21125280922913747,16.082843188696202,1,0.30920511397418227,48.10965610355563,4.600461834175594,0.7856147153507405,0.32942527711127445,0.11605697347778177,24452.042527538688,26635,backup
20.216896883739764,0.9133039001428894,19.502484396796433,136,0.2868294082554582,54.506931525548,4.426470917342297,1.296359396566866,0.9001173312335661,0.8591917042083564,33095.92544642586,20035,backup
39.06738736816092,0.8581070123524587,13.166690382841717,194,0.1388040285281231,46.673040792991976,4.279628292117237,1.4903910660455157,0.35570161155047664,0.09417730898805632,58053.371909459405,48822,backup
55.828759579819064,0.36951288212727995,17.00069053846663,40,0.10999477489304454,38.861047377828896,4.389315495010434,1.2489283176318102,0.9962629519214778,0.1935803468602607,39059.79037128388,48162,backup
40.00627712120572,0.17209662266998305,15.458024368653254,196,0.11296841779168329,32.56249637597988,4.221209519303345,0.1347034104622144,0.5094487073239873,0.07713805228384274,51124.53646789813,3561,backup
52.672331733511164,0.8486554436448924,19.612126639544368,36,0.20112480578762465,51.47399364117316,4.188111899960704,1.3238621141442892,0.976753368133894,0.7494986842325785,44462.20577110339,28093,backup
36.087528941600794,0.7275791885742872,7.346766472143278,165,0.20162418687947353,24.60193776941879,4.782970349175972,0.9091759720981947,0.42557426385748554,0.8278965014636923,50992.31437597334,51479,backup
41.64554452403034,0.8074511409966796,11.513690994953144,71,0.10368563962866043,31.6892341994506,3.2347517083483663,0.96617324995946,0.3103463527381891,0.3322766590626146,8602.88489573251,37550,backup
24.374109331424858,0.4935694180087622,18.618015601863334,167,0.29136219175797484,46.11683836871675,3.1845969371136684,1.2825573998757231,0.7892844871397655,0.7191666572748523,33917.93218704905,27487,backup
43.87612425035472,0.8531425762213724,11.323655646111892,109,0.26497818882072977,33.43953193267863,4.469259651567267,0.38559755146304353,0.3716049971696801,0.9821576929973331,15184.52535648059,40137,backup
21.91420163706057,0.07258266356779841,13.48102308404601,123,0.19298630700990965,26.905455088584024,4.651043454923954,0.9174008024786718,0.3350158054645451,0.9280702838613711,43175.508759546916,17991,backup
50.95236439564541,0.829496309915862,8.95895098025946,169,0.3389841719903419,21.406103023310912,4.389437929688245,0.850724476466181,0.8861864486264772,0.96573083561645,56533.89907891465,49568,backup
48.60820313933472,0.16681858476181577,9.475226403518294,11,0.22500843922805558,59.84236050177249,4.3390222679871275,1.2571478361839028,0.6285387514284857,0.22654199696854882,17629.904078882842,36500,backup
48.53384089651156,0.9704986729089746,13.775784516553339,140,0.14028107217520644,47.293492883474265,4.1337457996581985,0.6647146813523146,0.4660717693546962,0.5596110550029713,6595.409690300593,37574,backup
20.10543536244669,0.3164202166186826,8.76104608676209,36,0.26283665392500344,21.24999495303559,3.7954071300586056,1.2794292784730308,0.7610229859355914,0.6146971928134588,39701.03800054737,11735,backup
36.2211220950433,0.9988809175172249,6.139725892210355,81,0.20928647418471652,21.002910123298545,5.123992119297064,0.3414873887319301,0.30379239994258955,0.25117244401917116,40729.3781591387,45109,backup
31.882458280044673,0.06353037371430614,14.564913263035491,41,0.210468053539899,21.8474679437962,5.450174769928752,1.114392945045916,0.1698129768414316,0.08082743083043187,12964.436109160919,59626,backup
53.453527137538316,0.392373504889611,10.28887896946349,54,0.2218369443005137,52.89455809163028,5.372195834752139,0.16002994352659103,0.8395975322070612,0.4375042484079872,26144.0062576867,13136,backup
49.6757226670938,0.7582184572497676,10.45060471914211,90,0.2751019065899956,41.033667354281945,4.072855231024961,0.3370325416915606,0.2473812740063147,0.9099874593662859,30585.971704610536,12258,backup
29.940645883281363,0.6666830657942905,9.538589285842342,119,0.16429353103179523,59.76236253780304,3.3507109710564693,1.2822425041697725,0.19638002703906132,0.06731372235170652,5697.249055999744,26313,backup
45.9453366653279,0.38630786058722266,5.924186410083422,147,0.18176729441017736,20.82941357104317,3.948975628211122,1.2074776048309301,0.3309686535605816,0.5304507253437395,58304.12544867818,48802,backup
27.728230593604323,0.39180250296965435,10.93557943730826,5,0.24357961920058002,56.48897875368596,3.983311759461896,0.6060998061504789,0.12907910374092646,0.7517332480578506,10282.475309317088,22202,backup
30.552076516333358,0.657308115745658,7.143146362229313,195,0.25986060484440004,51.820938907795124,5.465766332073475,1.2504290136632803,0.874367179491301,0.7457353800343062,5724.613072317657,42146,backup
26.618421669903167,0.9694927867770906,14.503733216962228,90,0.15773117338080736,36.551972376886624,3.434723291131306,0.9576757661216719,0.4650149732330062,0.8947435111153713,14477.388758838555,45264,backup
21.200831680588283,0.4217855858981724,9.785565198589598,17,0.18995398124352436,41.848469502170275,4.623452649359427,0.7434590025299092,0.15385491114815542,0.2559843553874468,30969.92655132882,17981,backup
46.680571791694575,0.4946094917641637,17.64045900164022,119,0.2807362364138911,42.75705230437482,5.090061336284878,0.9657747746250586,0.4920934727576123,0.3658630453497227,37206.94207329473,44263,backup
45.57992206813242,0.7377448472663767,12.109435406713757,70,0.23038017205968034,23.816425595086834,3.5850500946320953,0.34827136212246035,0.41564500053981823,0.217203687150351,49849.406109711876,55036,backup
42.04474042895785,0.755793303460603,17.127640969795046,50,0.28421155239294815,43.96887217354778,5.0148572253418955,0.3965428887593423,0.4559073354284904,0.918754677285163,14967.692987298105,29900,backup
47.14825539211003,0.9919006709704605,7.8770890775099245,1,0.14775470304039579,45.32767367325004,5.211430704536077,0.9749121529479023,0.002510796544519356,0.5367022286562891,51627.97572517877,20264,backup
39.59174415552077,0.06536406748306545,16.765785826568248,4,0.19664824232155087,27.421366791412023,4.696730012650628,0.9427215082711419,0.3241835057067074,0.6806404420948593,44049.78257226723,7476,backup
53.03590686462398,0.19764603052254726,7.619898826485945,182,0.23986664381785608,23.10719902151437,3.4267629181042816,1.4308508996744949,0.8382829940969289,0.3572336039335695,28797.963412810142,51805,backup
52.9217192158069,0.5939040727655543,5.2052552791477344,60,0.21871828978440588,21.209331806158033,4.492354607655573,0.6170563764229057,0.5538878523139186,0.9642372551773865,44113.58932815537,6708,backup
24.72148436841749,0.35024987286882064,2.7453948963846093,56,0.20003914591158378,23.723875712582306,2.805577140998378,0.540140243094483,0.2671862080098279,0.1565371988125699,948.2118402294153,28208,oltp
26.48202121619605,0.12931295234725365,0.5799427557847925,15,0.09126746375623129,19.3156339820004,2.8205269539554756,1.1320444956884415,0.40253928858293603,0.19253643500284598,759.3191641308537,23265,oltp
19.990554250667014,0.43224437980100355,0.2909392009824846,24,0.17794507720816477,33.23647306940404,3.103965163812245,0.7428803736872461,0.3691943891001269,0.15846207326417291,454.4034731179837,49315,oltp
30.1119241106016,0.2002558442142473,3.330783044066819,29,0.09423066579416164,27.190488214152115,2.7487343580709043,1.1488848008671664,0.1785631768514339,0.17540136528633096,577.7463446414624,52226,oltp
25.9443420532552,0.45270493085749886,1.272972283922556,145,0.14650172531940456,11.402360945566045,2.5495968167809573,0.11598264179181006,0.1707301632175509,0.11564434126628875,469.70732820609766,39364,oltp
33.871284504009296,0.22539220752519712,0.01804057045494467,37,0.1499259430230746,13.124071771404601,2.117708516520234,0.48862196809730296,0.14997247419528414,0.1651593606247185,1913.1698644278922,43371,oltp
10.079221672058061,0.1755270336162899,4.199781119192637,13,0.08228975359548713,39.44226468924422,2.593562945805905,1.4278262000786361,0.2649955133993905,0.12461605321721554,493.72689015844026,7158,oltp
38.59607456173549,0.29076935045093455,2.208971333141223,3,0.09668577690595562,21.279351871517253,2.9573751623231077,0.18186525783274918,0.11856637768324363,0.147356661518233,409.890674329649,8186,oltp
37.915561115138274,0.31205673849280174,1.0913253019729736,165,0.22824708065093685,32.90926798237108,3.3427249621881545,1.1683641160000335,0.3398614355687979,0.06235352627658413,555.7182813263522,15272,oltp
14.719758367219882,0.06846043045670613,3.3758351022395012,98,0.0765324766938143,24.165822846267236,2.5763493062085177,1.2444306302937636,0.1790385996933363,0.11179757954039166,539.5157603561893,28304,oltp
12.585505798270722,0.37864962793731766,1.1333729092871625,160,0.08185801289764491,13.774795978721139,2.8647864940077623,1.1981609672178384,0.42216060573616854,0.15923756128164035,434.83112048400807,37063,oltp
26.84820189780251,0.09308626207747378,0.375642512034739,77,0.14635837958652909,25.80184187646065,2.211896987605732,0.9172004240080268,0.1777732873676663,0.08679263447732147,1238.1426088997969,57694,oltp
25.993634516809777,0.42247478709308267,0.7942212591456832,25,0.10650617402862428,23.611135540476766,1.858240348864773,0.7650661706916786,0.014197513351868751,0.17872531262800512,153.70571564218312,43774,oltp
37.91389178773943,0.03788587174241975,0.8532472619904963,118,0.15183672360004163,26.565086462270013,2.914875887474876,1.4274733426973403,0.027015612458676452,0.1281203046533287,1481.3986814555353,38273,oltp
33.30660743298422,0.043958444864436064,0.06862490926346221,61,0.23476498098718274,26.502964818172934,1.511718254490085,0.1733603036535845,0.13877001937495503,0.1265643312497533,1853.1068849316243,49167,oltp
23.45805580715001,0.08352347629617796,0.39446961974887673,181,0.20689105321351575,11.742259530944976,2.7075444464833236,1.2820562176597576,0.23203369868405854,0.04023202960366257,1013.9127005574742,29489,oltp
20.342808906651143,0.40999369139851843,3.6396537586697937,2,0.06857934724577266,33.200079518099884,3.479303987320829,1.0964670438123743,0.27709597818813886,0.08016987101942184,359.09076621612337,32503,oltp
26.61445865921577,0.43968350207237883,4.687836530090911,50,0.22400724870349975,18.696446560043878,2.070380528136446,0.7797695147368132,0.08014693145098245,0.130348275289189,231.73237797957464,43665,oltp
33.74393217910733,0.08936138066012478,3.357724578017247,80,0.09443387813523699,13.034487095930716,2.0195621753940216,1.1932089362388634,0.22547780989845345,0.14552687453810356,1200.082727014225,7163,oltp
15.421240445094277,0.17981045471170803,4.913585464719544,127,0.12814975478865623,16.71361917491132,1.9247759309565124,0.42586073520971846,0.15562975657441802,0.037676739709441256,937.1369516220972,15201,oltp
20.52886392790365,0.3394990677999841,2.476800449403975,151,0.1776956083653769,37.6380343626828,3.486436125537691,0.28431403733433364,0.22566632571716333,0.04660457431095338,1514.9130473892158,36520,oltp
21.874559942621453,0.2247969948286727,1.534206515333734,68,0.19759463966687235,33.56182668118865,3.201795741023456,0.4499015822400928,0.2720036365506113,0.1444108129564043,1796.0360087670497,21747,oltp
36.43669628576953,0.43282065759340904,1.3482297402335175,134,0.18110122685867752,27.578896286193437,3.0124302476375,1.2014829477105573,0.46319803274695437,0.14894433806414903,1038.9954980255166,8008,oltp
28.628766664735934,0.12977964188063196,2.139899108601209,132,0.13181736632055424,37.68014695908809,3.3200424492705554,0.4162367809514549,0.44552891426312735,0.10206840285414978,1652.2930037366687,3921,oltp
21.370340394311086,0.3103507246631248,4.700828991746323,77,0.21232385113152785,35.55562079072605,2.1528876150464047,0.5431293229263517,0.16247862829308335,0.14872854127980925,1404.9028444820692,23247,oltp
25.06972943103566,0.37583755174438954,3.9261268876780364,63,0.18999536792247695,16.909765002050822,2.9600594475956887,0.4598470842776685,0.14143762236937724,0.003870802891099201,1299.41369376934,25285,oltp
34.16392475350369,0.3029591736203982,0.05325422700666105,83,0.0983908523925752,38.533427042967126,1.6083874622047534,1.0698259417863412,0.07263449967368396,0.15345738120013908,1403.246327044046,6996,oltp
17.376711558655487,0.45807065889704685,2.886343515932838,81,0.23660743649648625,19.586447047965052,3.1357888168505843,1.2049632855388726,0.38782116917456066,0.06493641737303278,1128.876376991494,6090,oltp
17.729871124423063,0.05518295901698694,1.6678084609317607,117,0.17432291442825654,21.47268149137679,2.763653607184338,0.6085804202034356,0.46510826653886034,0.13397160777452066,609.4368200063593,53766,oltp
35.28533456351414,0.37658299092488834,4.98568207218459,157,0.22296310342613496,18.500489754896762,1.6336455758779385,0.39438441922152623,0.3592108790777509,0.0009836690878019417,1486.3925044184307,8116,oltp
30.248807047206302,0.36398483153706274,1.6167751651690676,189,0.18002597294220224,37.773264446236986,1.6154303319615986,0.6403066964274847,0.0459400364306371,0.06026474968399947,1195.171364419618,8345,oltp
24.390479234458518,0.1202575108525577,3.3983309511630684,100,0.14751581528211768,32.552771793921224,2.314864555011394,1.136998504253984,0.26621581512565673,0.10005506926308412,1780.0666343265177,13329,oltp
36.48116823191093,0.42213025831591583,4.530561419895676,172,0.1441928771994898,36.286866679215834,2.8174146508674474,1.1883543112697736,0.42106068929968543,0.13005976247767329,780.7220592963338,2412,oltp
11.63882268512918,0.42894011311980124,0.595834415356386,22,0.18733741856591712,16.120333484439715,3.469253768727286,0.3979889681735006,0.4121913882118096,0.17822068209130762,794.4278879223734,52870,oltp
13.966914998343366,0.4690851790662533,3.913356456516228,87,0.06015709447645108,14.807829884939212,2.0027877850100078,1.0808496636268559,0.11491641415505321,0.042914162412823954,1810.6624707828255,6101,oltp
21.04166125366332,0.48743948469734555,4.240446002105569,55,0.18948605175136252,34.54373148029705,1.5995815774622195,0.8136297753156916,0.4209034340908461,0.11362792797831656,334.2084615322706,53532,oltp
12.984300728797926,0.0368622197810502,2.535451322701646,126,0.18819636724465455,20.03521214863769,2.824487963733455,1.3745409675597073,0.14240150599278173,0.05633801307533759,1542.8507846142713,38102,oltp
30.339469354059574,0.4945228293275929,0.05480611462099938,190,0.16167399402669252,30.45661853796488,3.405278162568772,0.18069924820387434,0.4445928858334813,0.10362238632082439,545.9586969340962,26253,oltp
34.03036454192201,0.117410832178521,2.540707071688179,131,0.174426370095985,13.959518948746641,3.4783603083924204,1.0323126108825955,0.45887821094326026,0.10224219868140637,746.0353807376795,28173,oltp
22.488084572153223,0.32456203283674584,1.6520218071041304,1,0.14584105824634264,11.895894522906978,2.6457518543989043,1.2231577513111185,0.3652907689140198,0.04186977260333531,365.18921143519924,57772,oltp
28.9318516081898,0.28582561840866244,2.7706599715858586,114,0.2268732076276921,29.413218504077825,1.9674000988841434,0.8215209255336497,0.3744489999084208,0.15579357739987718,1959.703031953386,3294,oltp
19.608090163304688,0.005401003533477777,4.984028916126963,17,0.16833709965316335,39.46510128662744,2.9427598750509523,0.15106724280072278,0.3144087062174363,0.04547902385590814,1455.2079104345414,41835,oltp
27.426242044997732,0.3519628630399628,0.31064185321865057,35,0.05145703536323172,37.57745457373814,2.4971319425118708,0.3706349515474143,0.19779367649382423,0.1974020700190761,818.2672079341986,38266,oltp
19.343232710433007,0.21695567783330294,4.689811807722887,7,0.24338876970328704,31.274967220559784,1.8735452633181522,0.8447517650766578,0.28081924489347937,0.012159556743551582,1570.586588164077,22542,oltp
25.312294609266083,0.06767203773282776,0.16268993057047876,164,0.18644936147119234,11.076853977879946,2.157631258556156,0.9581281178109506,0.23618828907089967,0.0816757616553024,1392.553032819918,11351,oltp
16.204835565856612,0.008400562161607894,3.0556045146960855,120,0.06643929182002849,17.628117515564032,1.5819160110563824,1.3799540612554866,0.3871074746554654,0.026609606008518274,1658.0062226568102,30643,oltp
23.71437485416513,0.4187784443866546,0.5422602889501504,72,0.14924902752660602,34.798730558836425,1.6396088545589012,1.4620958080156317,0.34218275843621504,0.07779219576495724,306.09618627755435,51700,oltp
23.016555518089334,0.19197017740707578,4.834503248802273,78,0.21198971614558265,36.85788633848254,2.117540145094094,1.2359449674518972,0.3492750749489307,0.07069308183645147,1718.1704406106683,15088,oltp
11.521623586634915,0.04767423739974902,1.3406711949061494,51,0.14397643035856456,35.42812570704402,1.8131213294775956,0.7602092012829107,0.076328821436902,0.13925952700045535,1530.5985904828908,32929,oltp
15.028132706023692,0.4784497544685566,2.979544184659242,87,0.11547284493678618,20.644688385099954,1.8411262213894541,0.9418178380817714,0.2880014195074217,0.08663352634463171,1731.1508035122781,29715,oltp
30.76173328690998,0.44811225674049676,2.8221181185434325,167,0.2465362472468537,24.033956526881244,1.6949339860498511,1.387479842209775,0.46876819360467675,0.1692320830272021,572.1647297185636,58555,oltp
25.798530820674443,0.2900277253518194,0.4272334234179137,145,0.10762100343233699,37.06872461834133,2.9928527464746173,0.8794839823397544,0.32132348313668513,0.18621513624258001,1414.1822702464967,49024,oltp
18.674068980690123,0.4185228250227219,2.9406751845279544,85,0.16283113559508988,26.121268166208733,2.4671004809666526,0.4709824703732306,0.1908912653374435,0.09888139883092231,1352.9899411771378,47377,oltp
19.356399176949118,0.05448441498845952,2.759834400845981,36,0.0738686776735123,22.922981149530667,2.208297356400718,0.840908603794416,0.21666343907480262,0.1703837241835743,1468.4855921961564,47156,oltp
31.25173183530731,0.32171852989161415,3.6308991608176857,49,0.11618542651925581,19.88206060715491,2.1021939215182437,0.549761974869468,0.3790638947567637,0.010877788438829562,1528.2092947965862,41714,oltp
19.926853545882544,0.43913651906889845,3.3454450839924874,102,0.14091684311794372,29.847031070372392,2.9932080708712077,1.036011137318662,0.1378794396552005,0.05354566327204127,1805.7137934692507,38712,oltp
23.634587608010918,0.4454498680874624,2.7211967311227947,80,0.22029899262498182,26.461626305583273,2.893085520993867,0.9295277613193947,0.02525163767791716,0.10968942285172584,629.7569257443532,20081,oltp
34.20664554330082,0.39809998563775284,0.8752727200875238,71,0.126924117810925,14.03749072467222,3.120890641906032,1.0102686722130827,0.0542091120243986,0.04242178654329856,737.9909210075062,10407,oltp
28.90695018479156,0.0854540133164794,2.7833317050196147,164,0.19805491326640984,19.9959094120393,2.3355820874561344,1.4263361621647943,0.32254626576191864,0.165166305240333,783.12557143149,21224,oltp
27.48755320600522,0.005487098967263626,4.6711280001828115,171,0.20300277234575675,24.487310738665194,1.9408265873558168,0.4727425313872238,0.49379692023189087,0.19022579377326368,887.5599746927769,3633,oltp
34.64793907503132,0.10129712756166598,4.265987252188601,25,0.1784096539425753,22.127087101246115,2.170650097519985,1.2558224882581068,0.2934986529797364,0.016491338719924652,258.59571117628036,56816,oltp
15.248122031813173,0.2230783683786341,1.301043833485465,40,0.2349321688627079,36.85112152127134,2.1401705516749603,0.23557272960636202,0.07402285577277545,0.16981923296943868,886.9492797238005,49819,oltp
15.157904522279033,0.20115138430581936,0.23841721804457594,120,0.1925294383321819,13.056592552457172,2.540691244129922,0.6994048280257615,0.013016532673709447,0.10861870223906095,840.2800691312246,4008,oltp
19.693784172013245,0.004327016869569711,3.0201311860763735,174,0.1453722704160677,33.36344627265211,2.7852445212878827,0.6415744146732116,0.003593939117004785,0.13853982879926957,853.445505587356,43121,oltp
25.522111229187388,0.3166153588890226,3.200991929067127,26,0.16466253483985877,28.408939966932795,2.499729640919708,1.0280314165956124,0.3290949931229075,0.012642914593655963,1808.5560149762457,56341,oltp
34.44181069850961,0.4041672813160596,3.644613388908053,194,0.19094684849270488,22.194745797959364,1.9916863632276756,0.633995780805825,0.17159103538724207,0.19718052479708953,1400.2224183454698,28820,oltp
19.781367613091923,0.3328584403210409,3.033318811629173,69,0.18570555524698995,29.536439815195216,1.7212867115486388,1.2780414850055808,0.023703915124640207,0.08154579087813213,1316.9483323171723,45939,oltp
23.70966531269209,0.24513814301260406,4.017524785937407,147,0.24045955388632312,18.126821285711543,1.9413408810299304,0.18269272833256942,0.11214222676356528,0.008048465147449613,335.6360032643604,14312,oltp
16.251366739634733,0.25989750256118566,2.1892692105731726,133,0.23249950694402882,35.443160163567796,2.21143577174283,0.8635509704584493,0.3019188517777305,0.17808636595808552,930.0087596011427,7321,oltp
12.66673615636084,0.3187555636197164,0.3364141214464089,73,0.10355221088075978,32.18280959129041,1.9468936701964656,1.2777640199009623,0.006301979659880663,0.1387573108483295,1878.5208804687215,39933,oltp
18.131790259613375,0.17403243058983126,0.2318920316262113,190,0.22052291851494282,38.63729990786271,2.9405535405680503,1.2346395527335337,0.01724545177335507,0.05129047498155892,569.9785851651482,4126,oltp
10.594372386905782,0.24812242605422202,3.159508926743902,177,0.16307859984282463,34.632697105602645,2.598660785418244,1.1813765476460305,0.02890053225584832,0.03826216080063097,1268.0308089681878,46048,oltp
26.175491192687048,0.12202288958667723,3.8498245955589425,129,0.08643265796245969,11.664908293887573,2.6210554059516458,0.6464963620247083,0.17865873309802333,0.1268046491715263,1609.4434601347261,53854,oltp
35.90718967231255,0.02141877037471357,3.1210974932218294,23,0.22363415791599173,17.5588395196115,2.7696946126350492,0.1456882243121319,0.24724833116859585,0.07691054319234043,390.637900620446,24126,oltp
12.523463929462011,0.38680242243747776,4.860095871604435,41,0.242579304344831,29.763749412333198,2.999964907608489,0.34595805137226676,0.2330450075979772,0.05173675159643154,1557.6788770541773,11442,oltp
34.06666486894473,0.3990531385637688,1.7028651308218419,129,0.17806640481796393,18.91564123262782,1.6288046494789743,1.467132869903442,0.11321128555110399,0.10094299693367588,1015.0028498016134,19997,oltp
25.302463819268574,0.4022206991292584,3.7371524095795667,121,0.1557975977319051,24.082039974285436,1.6178034974346063,0.598291160595991,0.4163380365518404,0.06406329025312994,1599.9552460260331,5681,oltp
39.89092626862741,0.24086064044013394,2.9346349790445543,12,0.05525650147664059,11.077269026140963,3.2927447232449554,1.0222117077282937,0.33491163945741625,0.16587271386644847,1647.0553136251976,58106,oltp
36.34467094516572,0.4569883350272024,0.03878890227864862,65,0.14104080771336136,16.494968065793323,2.4760028213846157,0.2917436079212504,0.2543185015422675,0.14146105903619852,1710.2531604899566,19042,oltp
35.32080893689019,0.02562528902165606,0.17331489954542145,199,0.09741514084839605,31.118415331726272,2.19061667639099,1.398346901801853,0.13035247868334576,0.046590120980704475,1187.8283767688547,24428,oltp
35.92547321670658,0.3565918222398533,1.7760310670054502,87,0.22871722446202425,21.988020385568184,2.0414528783377586,0.31011448231342736,0.37017350954280726,0.07707614316018374,1366.563711652402,31706,oltp
31.374370966180482,0.27995260764858265,4.95696355976103,1,0.17909628148173562,33.52642025176984,2.1654092280208808,0.42155781425395855,0.11236447627761315,0.04782917009472019,1946.4700920855432,33769,oltp
39.538817405209066,0.3323011962903666,1.7352197192147107,185,0.07664230417892082,26.201108409103142,1.594689076228488,1.4930642603345523,0.30562308296191015,0.07947434682691686,1972.6147809846807,35234,oltp
10.777906055662061,0.28266585402079764,3.9980656168043427,144,0.15310988547784316,34.81292627080079,1.5497096425958308,1.0420068244096505,0.13014315598958964,0.18932081087390507,104.90916636248767,18898,oltp
23.21441905247531,0.2995080274887675,0.1790616388192895,57,0.2306050002121825,11.79729409774857,2.137890467575957,0.2938271969377607,0.4164015182656115,0.010684742215082222,1991.3564319407817,7291,oltp
38.110756096943106,0.48179282592121203,0.3160578963750932,140,0.141424671857994,38.775699243550974,3.054978195516288,1.4142098296967476,0.28543156894006466,0.08848880626582004,1532.836806731629,35206,oltp
17.645352820361914,0.0019228405679340144,1.1097864845984895,173,0.06831085946561061,12.681519335926996,2.113864465294693,1.1502406992253633,0.17920997171246889,0.07937529072987289,860.5933977100398,36534,oltp
15.173578690042651,0.2219272258081732,1.75135193065301,1,0.1296162457232259,26.688744374111995,2.758343385679935,0.8192993905969109,0.3883086065618527,0.045147241912714624,1108.4947966848517,19246,oltp
36.34510149276595,0.3253591391422463,0.2814150993486031,84,0.10368009075962788,11.633196458890803,3.013058905016287,0.2872562727145389,0.33092808460866363,0.08469357472201788,515.4165189956325,48262,oltp
18.435082830504182,0.2992340675167257,3.603343811301119,105,0.06820103278900265,37.56617949648021,2.5621446647204813,1.3195017068897263,0.31909161748436043,0.19857047443593617,707.4519636943331,25434,oltp
17.69010488841294,0.33962988962757995,3.962730284995106,154,0.18200944207054587,11.879144445203664,2.3560542343171806,0.8021036077340084,0.18120433569445604,0.17338463348273014,960.2412644758034,52876,oltp
32.04641584011034,0.40319135660467986,0.3150498021813464,121,0.22640587424017972,13.732665744894215,2.133389872481831,1.1198122238162849,0.4686305378777519,0.09782668444946466,1298.429595943641,13804,oltp
17.36622132269573,0.3383257920133963,0.20856955360650853,87,0.24866406839655192,27.992224951222767,2.6365170904490407,0.6774419880265586,0.36410471620701135,0.01728560328183626,1585.0650710264915,44960,oltp
39.786685405431655,0.43742428248345316,3.216389062329955,4,0.06710653101278384,33.868748095770826,2.468712766728963,0.6202831565233469,0.22608005152727567,0.1508380674793773,417.1072377324479,31375,oltp
10.171291650191685,0.15003915646966298,3.114494591519871,26,0.1922770428662735,19.344010286938172,2.441513250635813,0.6282980890610294,0.4548357142015698,0.1893538130427208,1465.562038908963,37182,oltp
24.378964004706965,0.13196561721529776,4.277812546709244,2,0.17901010993183902,12.061149133362669,2.8684213188397774,0.8476586108800729,0.1748835531443223,0.11342059768667057,551.8855428793114,36042,oltp
11.619777293163772,0.20365073453788757,3.3202652997748605,132,0.1394630577966478,23.06775624372849,3.0152290318296178,1.0591891876316566,0.18540541411731942,0.16639902650685776,1763.2273671131143,34883,oltp
34.601011036890085,0.27567564218636537,3.990633694377253,35,0.16036234336979727,28.933016495583455,2.7069150041005536,0.709553614639103,0.15863007260534906,0.025359889116000733,1641.5113341888477,22739,oltp
18.104887209391812,0.3381464672116294,2.246612364418987,56,0.13448578843107584,31.349484589442707,2.260408384129981,1.2102639360544274,0.4495606541049849,0.1321978850639288,601.3223116105264,39542,oltp
39.415298312219605,0.3381154977200567,2.9952518191027817,104,0.23297130806413374,32.49678196480478,2.026428086371423,0.2171219208751618,0.1423619700918824,0.10837301883822573,817.1329622955398,25973,oltp
24.293241825563598,0.11650282663274475,2.3026992793724315,125,0.18061751898218392,21.336135526523147,3.464930185953375,0.8296155357598706,0.215670489473808,0.139078550437327,431.4535303985947,39742,oltp
29.66834065468316,0.26031698796079994,1.7086176608612287,89,0.1744206903527782,18.258125614437283,3.4704715106367603,0.5476505935026762,0.1820565017377082,0.18401194683286143,1213.2015171687672,37602,oltp
39.4787470234099,0.49397223088029735,4.421590879312049,161,0.1721647964252776,36.7917304555342,3.2474383969283633,0.35695073169472724,0.400237222427321,0.15301936456563026,1661.4896938493334,35815,oltp
31.614878640021622,0.4630289547989304,0.8522136864893931,192,0.13251956169332718,11.819860794756154,2.3959875484842392,0.6389015436411954,0.39160648939322423,0.1013686508534638,740.3116466287054,3791,oltp
37.050498374094516,0.14291755962769043,3.552405646160086,83,0.1470212036214618,25.252317294007682,2.1427658160633687,1.1825273986515945,0.16124284525551985,0.008245928505183398,1826.0957445843112,1293,oltp
29.32197185185873,0.4681985320384239,2.828679773003352,130,0.16052346262627282,38.099466985102595,2.4556459070237393,1.3745135501164947,0.035758074229038705,0.07633725276503255,1103.5949935134531,27123,oltp
28.509235780281667,0.28739232735926207,4.925389896365726,80,0.18674616103773106,37.13125544164602,2.8808502108432905,0.17889580398813662,0.2828331517588137,0.04350685874191558,1649.0367877111723,2746,oltp
27.453070109615044,0.12854778754106605,3.671101582861894,99,0.13831737985189685,20.394436294138067,3.1718805607699405,0.8856065435060969,0.03547286846413861,0.1723744450170751,238.96363760176038,43991,oltp
18.709208728918767,0.31767107727979244,1.3575742777175848,150,0.12817778455697215,14.386068850077738,2.773982417988157,0.7433909544158704,0.2401279899390748,0.0015888369262238467,778.1402804634641,43728,oltp
18.297318481050063,0.4064728871995612,1.9293093090010878,192,0.2296346221763087,16.19970287055137,3.3771497488935998,0.8682708690012899,0.1032812952429139,0.054649753172334385,787.1838990285135,28085,oltp
38.041509417176215,0.37206956714017553,3.2934658476966003,56,0.1710720109427789,29.88171149016246,2.7060256466970865,0.9779016960193594,0.2552594861694162,0.018734590527243578,1931.2282974443103,7282,oltp
14.29711868348118,0.38320340279019427,3.7597356675213693,8,0.17722963332195596,20.79342596687951,2.481795781270529,0.11008068643195255,0.3311375681426405,0.12752663538106343,1806.3386216253832,42117,oltp
27.218698140894027,0.32704207657792367,0.8593928685278485,171,0.22120172628689894,38.73678335361238,2.0630442970632465,0.6650177944132949,0.09078939513956447,0.18486132597452806,1759.079299533421,8763,oltp
28.497701667546245,0.4090773483057011,2.613924011555241,29,0.1534260069347234,12.71691394553898,3.2232769079858214,0.8139381965678608,0.17742416516550374,0.169681895366048,1356.4554507775822,47714,oltp
26.38021159326487,0.04759675044825418,2.8247188141897865,57,0.20113540012819958,33.22029679847119,2.9311503013261633,1.0175288157509668,0.48990848521350755,0.03330065474695126,1521.6877349505207,20925,oltp
14.968299848061056,0.32936644275271687,4.5572525522188485,97,0.22396539715343683,31.026857689023384,2.4709184656689,0.2182379312289516,0.15542403987624231,0.07832581575688152,400.09757747645244,1982,oltp
14.8113451771152,0.041766932739324636,3.2147713664471507,131,0.18666475223403267,15.222162468197107,1.8352507450284532,0.4305181095104029,0.4780811199877368,0.05147485366661411,1177.784645470867,30471,oltp
21.299109624402135,0.17098065295286952,0.9115204362724283,38,0.18514272763911693,17.6956580728932,1.8145243934575455,0.3268574077737162,0.4947608450195108,0.04194164095265643,672.5307139349816,5933,oltp
15.930400809769854,0.4712770891909775,2.1743904712208546,33,0.16529734574245372,15.490009484560845,1.6961736550559023,1.4173494968968947,0.3199115949331615,0.08469310727812816,1746.4521864998756,59114,oltp
29.36239596802883,0.1389722570095523,4.763027560563513,113,0.2273200809029416,36.9827917897001,2.390322830982762,0.22424565235129565,0.1275466067905896,0.026089164517687016,327.8639709121884,44093,oltp
21.466259935465786,0.2053938720071452,0.08027813963220165,145,0.21191824605605825,19.92022582782069,1.5300833654038164,0.7751057534680355,0.44220848752439373,0.08434301615791724,236.62031518639623,44447,oltp
13.298221334537898,0.44552295134667036,4.871039479457185,139,0.08773905643058635,36.28673068314295,3.494210837030976,0.5059886813805292,0.15848093818484726,0.06299619169655442,1276.3737534236382,17122,oltp
36.27590292881264,0.4746769177495376,4.22547881917705,124,0.24124721843787378,30.28942855841911,2.6019413810350134,0.8341220396212619,0.47416488373953736,0.12487451703771016,1949.9330936223255,14681,oltp
18.198771238498246,0.13906567041210333,3.3797854168848924,48,0.11685992350689536,25.136401987903533,2.761885417129596,0.4913833171620784,0.11606365343205205,0.16449395225256536,1261.528582940707,43103,oltp
12.714853687793001,0.3457887885680777,1.1448619552568045,17,0.06616598606775899,10.805462812927557,3.0356960093243748,1.1877316952094346,0.3697257052493122,0.12867846493707386,290.5482684538978,35468,oltp
17.032851368212,0.06465889533745006,4.135420725881016,34,0.19848208125502187,31.88361964437431,2.191802252190085,0.6696831575707992,0.22509639038540374,0.10829097098672363,1238.1988690629973,33107,oltp
14.528239335830541,0.38088092020135045,2.160540320680094,131,0.14552819813365153,20.590272868174793,1.6083269170666266,0.49040451579194333,0.12056065644950792,0.009826984622210056,1730.8178552028937,1884,oltp
20.52879261110531,0.3283036722392188,4.275195350349744,149,0.09497508863361877,15.115824335876802,2.5571972613038616,0.827035283581658,0.4039179276579805,0.12568472623651233,1086.1230486875666,47663,oltp
20.9397740598112,0.3633442017013801,2.1384763610909028,189,0.1727784107609524,29.64311525355694,2.8506000853296287,0.4484627069966324,0.22135312680043168,0.06361979731580357,1252.631096965192,20571,oltp
17.67304287880645,0.18498436147282787,0.9866832175919971,66,0.2112141174891481,15.977034184116466,3.024239164781683,0.16825367736236604,0.3587442866590188,0.1862658492537351,647.2028356426235,44865,oltp
38.838175826145545,0.2486937463458601,2.2076249615655246,116,0.1490499961336849,36.148389780538714,2.722051572054877,0.9439325959945413,0.13902732214682567,0.055077860558883085,121.44199774987801,23833,oltp
11.471122861579042,0.06114323889748208,4.9579282019836555,54,0.16833988426721586,14.864491752289116,2.438765255464907,1.190166864092171,0.4315836601510244,0.02364140377619193,313.06865636653356,54370,oltp
21.25848708862053,0.1479786296031827,1.501013521286222,193,0.13918125214433075,38.310793965445455,2.9710597637307874,0.19991258757959643,0.379960513028717,0.07623378655030795,959.893517414003,5972,oltp
36.91982992299954,0.10379609728829864,4.3062951576949935,1,0.2494482583224668,26.670044509188845,1.8025100469153943,0.3896482805067534,0.3813838315645346,0.0837880376987803,153.4545051550624,1817,oltp
14.881668343169606,0.4182653102504357,3.744810505531841,19,0.08042211169772724,17.15703118376707,2.240600926373233,1.2331281244599792,0.27726854546412194,0.17834480029315083,322.00410986811426,44285,oltp
17.027574005774735,0.0931664736487291,1.9876774498654441,25,0.10099952584881325,19.160792029546432,3.2636364130007056,1.1810187829686842,0.20503485957023787,0.12854280293347792,1661.5856377798655,36220,oltp
29.484590620808916,0.13291488210869518,2.8104567480589604,131,0.16290737357167176,25.022422997501828,3.1186513623608203,0.11780030314284712,0.15771699152539853,0.0795956074801463,842.8468951094031,37423,oltp
32.873365555502794,0.45369221611574656,3.4964457462381233,157,0.14245662080389657,28.757764406334328,2.1244750338673004,1.1629379652641703,0.02546972201040698,0.03507598099274283,226.2987176955508,16601,oltp
29.86596633513977,0.43102880251214243,1.8114161080126916,116,0.20286866849782526,27.380618176628712,2.1492884787016404,1.1375256048862208,0.3803489874232532,0.014477809605644466,668.3088526260682,47446,oltp
35.27741284081751,0.4919344422578979,0.8445084008348391,88,0.13677625856432224,39.81410505598535,3.301059632968556,1.2035455446896983,0.4828401809374434,0.07929505595261324,1102.3235813187364,40345,oltp
34.924578981953545,0.22972896961795852,1.2254407111604504,92,0.20447794077147446,22.006623365833427,1.6749418437386763,0.2294407309312762,0.1426202438179326,0.08311229248386705,999.0621441466981,16580,oltp
24.573590313490342,0.38322977137780556,2.4612928348143264,166,0.14800240355051775,26.443719322434745,2.484151656451467,0.2103903635051761,0.13730684226207068,0.1629720905094817,123.55381675866337,17414,oltp
30.703764529009725,0.2775725543913978,4.621195228474843,45,0.0711133652154997,25.98828303109176,2.194565423502164,0.7033782716030438,0.1745314435729468,0.14535777886300147,501.75196280900354,42770,oltp
25.737016493159537,0.20522041051709872,2.939200109393802,111,0.21271495832490334,11.711129565818093,2.355210448777957,0.6962823323573517,0.14457035451366818,0.1845088230319505,968.1147380217058,37605,oltp
11.318368928833438,0.14705497555168962,1.7099211472393288,130,0.08079673764829434,33.19219075328946,2.7615691135203484,0.9379125816369649,0.3833010588178446,0.1507830541265186,320.6989345965037,55822,oltp
28.928323697407215,0.34422865102195316,4.978183029743326,155,0.06068884541676554,24.889215699142124,1.9038351540654488,0.24369683639966724,0.10199506780027345,0.18484852451237435,1076.7020567326886,32728,oltp
37.14506065266638,0.29699557277048066,4.3720446281846,92,0.20955456876831763,35.74799500470762,1.6629076803261393,0.299233157170791,0.4910180007993448,0.16137492398510686,764.1522028224153,36467,oltp
20.807347777915034,0.30902889953517365,0.4081583298912439,168,0.13977916314384767,26.569890654762844,2.7053471555171393,0.6720535503261098,0.40624583436113026,0.18407015336313076,1245.8309296563782,39754,oltp
31.14481131926144,0.3321818461812648,1.9358642155481505,48,0.15253784465537668,39.28756193096481,3.3602266284293547,1.4848238759351975,0.24386454668738589,0.052317535365309545,1582.9491127747058,32674,oltp
36.72522893972581,0.09807626647992024,0.27358907319630754,118,0.06396851530298893,28.00020040605377,2.4217743754952257,1.445629705873329,0.2143271970429355,0.03665078343903674,851.2774095692138,26262,oltp
16.93813063297368,0.09868770441154168,0.0971141987956281,79,0.1122665508035738,10.132443044705004,2.706922346491306,1.152471092277633,0.16232741130635242,0.00829294341080733,1843.228766387054,55628,oltp
12.666803169340575,0.4615552332223202,0.005254014213096347,7,0.18074698180173115,12.031863338500802,1.5235130015825464,0.3086676077763093,0.4180111039681492,0.14981053732238453,558.578166840431,27661,oltp
11.439227126921685,0.31917876330593137,4.230321491305813,132,0.19570099580399403,38.32637348131797,2.316062485939487,1.2829018645858548,0.011116822851030606,0.1334332662383492,939.6687364262435,9389,oltp
21.27585070196662,0.10348801553011899,3.097737802050772,125,0.09023379236696097,23.022769517597037,3.009615874253446,1.2334535587247595,0.05712557038902527,0.10635348287031675,1720.8473192799972,43173,oltp
34.535096095082096,0.28989755104030723,2.4190178654952152,118,0.1662602101311657,38.70802383925994,3.107163811235405,0.3325959968108071,0.07637875744886685,0.11756484036265347,524.626396693817,23146,oltp
16.478339721557333,0.42422546275925915,1.6953238042422092,83,0.1908776248530375,20.862027487177755,2.9572913169025385,0.26522983846785375,0.1683423929747499,0.0560029304005117,122.78598555203172,11633,oltp
31.714574807158883,0.41448520217732243,2.939923659743011,186,0.10362233161588214,26.719652845251428,3.162809521141825,0.12079304437372303,0.3139170366252362,0.1347932103488878,652.6050271786854,20206,oltp
37.14771986019802,0.07684249186215841,4.623341901863084,155,0.11723469194574031,26.001414070519576,2.240204254371868,1.1642404079219832,0.445879294938617,0.03952024000302095,921.0825914422063,42229,oltp
25.6630615422545,0.1449819858614385,0.6448972665374475,124,0.13479840336134596,37.34824641784349,3.050720156626852,0.34373083838271845,0.3639339764968426,0.09043398672679107,1137.2644522272856,50740,oltp
35.885665092460556,0.27918583558873517,4.221547632261088,101,0.21079771983166767,12.152922617609683,2.9324409135614022,0.5615873270722078,0.465133582373613,0.1038684419880671,749.9412778301206,16081,oltp
39.90478549234783,0.3403022377311119,2.4181255330460734,119,0.07288938236494678,26.09832744734087,2.438643921756951,0.14401391315266712,0.2318485674263832,0.026938695325024953,590.4172752218851,3294,oltp
27.09078215917847,0.011815390422210637,0.17248671260796877,139,0.05671438341663482,38.922936488732304,2.387736620252024,0.5234566483831246,0.15753837412395055,0.19805830208298605,998.6840465946618,30684,oltp
28.92712333484769,0.07285918949458947,0.28267560695064975,138,0.22716863350968902,32.47148373218867,3.248727376594673,0.5412090207093733,0.36234979760918845,0.07270717048361781,638.2593141591938,2209,oltp
12.731061161866855,0.2140242629964016,4.724142958864497,25,0.06516647207760942,14.322821160108578,2.4060888109579692,1.096089871816993,0.3612280306011434,0.16866561957069728,1505.209772885544,29233,oltp
34.42168687575261,0.40326373635560336,4.25854210864064,170,0.2029412554453942,11.614894052280672,2.499785263591284,0.7673850361884592,0.27320109799797154,0.05223686517789583,1800.628777448173,20901,oltp
35.16251954888183,0.33913839932235973,4.6884556527988765,129,0.08733833357630622,10.693517491616632,3.182089943364053,0.5192276533424544,0.43142923597150534,0.010758998184954405,689.90185358461,50043,oltp
26.87892574200305,0.23046929862054077,0.7502364755274343,15,0.1777855991188219,24.97372821121793,2.1339649507748883,1.4585269635644782,0.13329749527192303,0.07996595384967962,239.44421817785917,28393,oltp
16.418616668557313,0.3932664992228518,4.86983668264425,103,0.21720009875762558,24.33107813448771,3.0918119103126322,0.22146925587725716,0.43310914264715855,0.0667516683381224,886.7736716026077,53243,oltp
18.634284175502344,0.2590191514518701,0.5836882505400826,185,0.05381262254443023,31.128793936883184,2.01852481185403,0.42227160991099344,0.46433316887043874,0.15397691900739682,510.943575424187,37311,oltp
23.390104532564955,0.05881738766341943,1.7917759472695682,46,0.19257702349962563,39.5974266666848,1.943614987204297,1.4805473751223992,0.037774136958076854,0.10432583878401457,1280.3591839853507,20383,oltp
29.92000849654325,0.23763981906153836,1.963346368610292,21,0.09931357392061309,12.801286961634077,3.0345263867851253,0.3276521460408528,0.3354790795144617,0.14137573303223114,426.8037865775633,18793,oltp
24.29851485184519,0.0010301980817705725,4.037677560733661,25,0.19010660566691284,22.32120589462488,1.8990009566138955,0.9648445120194096,0.3829439634511576,0.18120249682841275,1285.493400772127,59330,oltp
36.94537682130302,0.47538831220190503,0.6312939581364196,52,0.06382351125119522,20.604506368074844,1.756258148638955,1.1256934447742388,0.20209626182860985,0.046573528058195396,677.764056056605,6177,oltp
30.532725782626922,0.10176340550962815,0.010500520837511407,151,0.16149062511429751,29.605044446008108,2.5743636712941678,0.7101663603185399,0.07023673341529696,0.092111866808817,941.3387681116496,44281,oltp
24.71185783398058,0.17584796651884443,3.183923373218484,64,0.11908344467628401,37.34405058700746,3.1548294624838906,0.11831032694805742,0.43936524497611196,0.07920506079564929,1706.2415875337545,25394,oltp
22.39763827391817,0.2583714839972745,4.67207687542344,59,0.21495306153571186,22.6289898197116,2.9790112206927675,1.4969053505193606,0.2516934505856702,0.10316484413471366,1286.2783368907997,6295,oltp
35.19246155942086,0.014635334292117885,3.423274262730846,158,0.19192230260208304,35.408988595946354,1.8188917198162737,0.6709466077858715,0.17466588331594218,0.059517047343373757,897.8004430563946,14795,oltp
35.24684785797791,0.38980295177825663,0.9689558973081119,54,0.09701384007216077,36.36897333255591,2.3702016921338362,0.7337396724256213,0.14912569232565603,0.14200761273986615,278.0118656621888,10257,oltp
22.35114889038525,0.4057716918846348,4.184449948727688,118,0.08856464035510675,25.01113314535364,1.596469665973329,0.14750457024326322,0.036951004978340085,0.193236083679121,1228.0123330743872,17909,oltp
39.527153027159486,0.263874980002149,4.379448939973613,167,0.09605217499351477,26.869819549630567,2.3345291188959063,0.35656756026236913,0.44747130131970586,0.18951745764098243,1343.2872708995508,33155,oltp
23.952122894724305,0.11537151443825194,2.4480852477758592,47,0.22607775008591485,24.220918892894783,2.0510943320578106,0.8685378247492002,0.3664320241656467,0.19411744106217993,191.46506282796037,42390,oltp
11.3330189318106,0.001429430033547563,2.9772200686248436,83,0.23621066045857375,10.147990542671666,3.3096188935292306,1.2885548081535292,0.48767103383694665,0.03436319775258243,932.0194871624942,50293,oltp
22.8047649864285,0.38381283309333225,2.8776024960271003,45,0.06197531668523078,25.041289977291047,2.6665163205819624,1.2805601126045625,0.33472061856033586,0.056126007020191285,402.98622135428735,43958,oltp
21.135583479991986,0.38774813598114033,3.4078322847567972,79,0.24155164709259636,34.662716024044954,3.0391542402077207,1.249949322840478,0.39695333437183583,0.061584687223505546,1347.7175669960245,36609,oltp
30.788027149791375,0.2616993779744313,2.403331175273208,40,0.13973650681328809,37.49726823204803,2.675009853313277,0.47410068092475355,0.0006785864393673013,0.19122193693076667,471.91016120286673,45991,oltp
33.667714378413315,0.011921250422997964,0.9225120089588307,95,0.20836568986195142,27.81427581754408,1.6901118402673454,1.0038203269329515,0.03961367345989397,0.18706910577435687,335.210975965686,28365,oltp
34.937240851709646,0.2586326697974962,4.934167670843471,57,0.1481974999473588,38.76340198770127,2.436457739708415,0.8845058359081727,0.47786060811926834,0.1088982508748893,1381.4104854143263,9596,oltp
17.8929722905603,0.10046749977075509,2.0299737752503653,120,0.14517403345696056,16.955735032363524,3.4498896835248294,0.5581058833153273,0.06911332677934223,0.15224511446983302,956.1733637322998,26413,oltp
38.6827072320362,0.06678442149906938,1.7469693498215784,100,0.24769828806022104,34.97451833389795,1.96199041736857,1.1408013266010482,0.21038578585768192,0.11013540734228443,932.3853913907398,3524,oltp
11.174268633061272,0.22196094822779405,1.4517736925419626,57,0.07839916088068395,34.630526198313646,2.835808542061355,0.7435264390289408,0.4706072200746173,0.1311063786633931,1175.1487597760686,38208,oltp
35.72071190525993,0.10091333320192297,3.134978352941442,47,0.21814826701761408,36.5484312704138,1.8563208661087194,0.4949079898568084,0.14682265406192774,0.0018811470652470464,1118.1414130436829,6062,oltp
16.39907217920705,0.20058104315281827,4.994519629595812,10,0.2488740020804252,13.71866845130974,1.5838980693174132,0.16702070311033196,0.17037043332085472,0.16832333188100557,1278.3746870191071,36326,oltp
13.238782432228218,0.19698605763304372,0.4108322925523661,86,0.1795797016393263,19.617733572350645,3.0884992782285887,0.29680932462177734,0.015058907626131213,0.1723745652346242,455.14974878340587,47983,oltp
29.382653617970195,0.13139733408262344,3.105863502781203,166,0.19143669325259122,12.117469890502209,3.2075366227121465,1.120327424177433,0.24475294826722854,0.16315886303655736,276.0454442646633,32682,oltp
13.29332171890373,0.4965246257573369,2.305238674823959,129,0.10893700447314754,31.71133713035886,1.5260938286358743,0.6982882416936879,0.08643604917301889,0.1602387836696537,1077.1819539521646,2555,oltp
38.940708383498105,0.2928670512776448,4.1059187573522316,172,0.2439454783414466,27.70137279246943,2.3357393365454744,0.10286733164739728,0.15706763182715555,0.14390411529472505,1696.2606309888367,28127,oltp
38.068207347146526,0.44853377193059646,0.6049393019175059,77,0.08795851552694221,23.410210619994785,1.8744291470497314,0.8996041360098223,0.39681597049749673,0.1248464594388265,417.3255637325163,25795,oltp
17.669590989948468,0.4955262377538544,0.8873129604693986,14,0.06480877985049367,36.73258245235183,2.763708644223815,1.1076456162493142,0.38272273782173294,0.15447659750238396,535.2107534845611,30213,oltp
32.642769606666235,0.37205327212720013,2.1882196614239158,125,0.09962140566609945,15.638616093737811,1.8258847470130146,0.8230072625532832,0.29407714644419525,0.03188464531521924,526.2943031022232,7240,oltp
14.362560529127073,0.06447894876585603,4.986823246219647,57,0.22329413242331148,20.692499259573378,3.2782517474423303,0.7771370470199387,0.13808449188207716,0.18907164819638964,1062.6258524887944,48448,oltp
25.06833864316175,0.11844130135778708,1.4398274517279548,68,0.1402475725487623,33.80804826419535,2.681005760304462,0.4210518518284513,0.48279624215642286,0.14936080830171286,408.90492742330946,22991,oltp
10.696346000094255,0.38023594989972104,4.787620719110285,56,0.09459803618429266,20.041400137884622,2.8175023084216795,0.9626508958943315,0.06923677557760494,0.08225639945867942,265.49507655353364,30218,oltp
29.64020062213135,0.37098602071898773,2.063660789955381,47,0.17856039008036,31.524757946328155,3.4515488753952632,1.403792225440139,0.15444749505957245,0.028196717716081676,553.6507764112496,12412,oltp
30.37826040883363,0.04634530546416582,1.7278887617282201,45,0.0995028505214287,12.018203057960086,2.0596150894022207,1.0059089032652588,0.39582304451479344,0.19304373677022635,342.7545918037509,54066,oltp
39.45710371070197,0.012189622636385067,1.1391866153303605,51,0.14695828022013283,20.338294141217155,1.8929277753018694,1.054132674522487,0.31411419609722446,0.10594993000291895,1607.1771868702806,5527,oltp
27.87597611675623,0.3666027396646719,1.738741375269578,148,0.09020455591950781,15.481897012240402,2.711371458297191,0.24284937628513945,0.390986454636943,0.16181445848245368,285.81422924480506,22371,oltp
35.754940748705565,0.15315496124031214,1.1749291114384492,194,0.11003746962525665,11.654502750859757,2.2958142822761376,1.3847744509491002,0.037658038468249166,0.03688038263997824,1480.2791359584523,29444,oltp
30.791178367072032,0.10369616112872371,3.649373822062132,124,0.08938771605890466,39.06579985934849,2.649618403805174,0.4819079473899628,0.26755347495508536,0.0855844744254411,1384.9031193033002,30291,oltp
38.70931919740626,0.47818745503462745,1.1483079362348896,59,0.17352666765481023,12.4264480362916,1.6992991119382612,1.4751934098176733,0.1381795305009803,0.1708035429835065,169.65639864752694,24108,oltp
13.44724532851397,0.12361621863741368,4.618442472081003,181,0.09458324869441335,17.616463340106584,1.5495987310854284,1.3440380832330772,0.14094001178687132,0.1064616235291732,839.7751443186048,49043,oltp
23.49999647286556,0.147132057598455,1.6443025007437106,198,0.24929174115602531,19.025679250140797,3.2915915986183455,1.095553989305644,0.48501272017049213,0.16544472716354722,1221.7989487867903,42329,oltp
13.528232832018329,0.2963839675581892,0.19429085727405093,153,0.22871038627056584,22.366212104908474,2.098763508071549,0.26712090861655324,0.32852460833735253,0.176247549574839,1246.0486466260443,16168,oltp
12.065396290330247,0.09949328002953234,3.013732382687988,153,0.14437137450763426,21.41139952774735,2.535333838571761,1.2319083931306984,0.48016429734555843,0.184470105219116,407.77250875889854,24429,oltp
37.64691580007174,0.13302479254275573,0.7324334036247987,91,0.2121393837760272,37.91960336480777,1.8379955952296136,1.1442170004022285,0.33251732962388625,0.09622179485747756,1810.4775464765762,15491,oltp
30.49589760176215,0.4797466227708985,0.865833057528328,129,0.15549491015299022,31.36962450126544,3.1172014608365712,0.20435035544671468,0.2266071664290087,0.17645085719077747,1856.7887358763505,6129,oltp
37.467714558800864,0.19738934743011838,4.827842153211862,172,0.20317486803950463,30.823513838465406,2.1656170076830685,1.0206043607004356,0.054928685932083554,0.016953212302491295,1590.3273171480685,34374,oltp
26.4048494577298,0.3497577823582712,0.015542602484402979,111,0.23929234626710771,33.784004476931855,1.8825454504151133,0.32051805323995297,0.10412787638815346,0.05410224777351052,1114.5340812084878,55118,oltp
26.402358542320858,0.18149637421861003,1.6239453473351424,62,0.177694463097135,14.080821855337138,2.220082313320007,0.7518380107199512,0.11093011377577366,0.08476898687153517,1178.717306279542,31198,oltp
33.10424401436782,0.13204150583090124,1.595753707271721,27,0.2364661421346933,21.561560695234117,2.7337843928459753,0.912394176688082,0.08775861036095084,0.18319831031940292,1842.8371640250596,47769,oltp
20.349099205219737,0.2564621071504712,3.8602951009247737,41,0.08433841381360585,14.961683746991959,2.641070483222408,0.817170716036292,0.47292441817439695,0.1748290081058007,1050.258537784078,11746,oltp
28.216748966883497,0.2526317269050217,3.092241765574087,143,0.20573029391184255,23.833097432005296,1.579784578032079,1.4699805307998541,0.29371407037489994,0.168728792987072,1297.97975297712,47580,oltp
15.856860874041182,0.3391386960219997,2.98569094455946,48,0.1244735561933901,21.560830283320044,3.426309018036237,1.1477834939714207,0.22492442671389934,0.01210623599943339,1287.0782640659277,31818,oltp
11.390266715226835,0.38065587708759946,1.4211162059966842,49,0.18608444063681717,11.50813464513258,2.297522441254734,0.7035201768341763,0.4833917552797147,0.1704209839023616,1680.4919131339416,49875,oltp
20.261497292496436,0.4239069164502846,4.658791419992607,157,0.12528254970272257,28.658386074697823,1.8043397912999661,1.1586108038386596,0.2868709504100368,0.16136274630270742,268.2455036655317,52448,oltp
10.626872176648806,0.4189311044098015,1.1668709362894352,142,0.08369811486315155,23.121862677690025,2.352918150760541,0.5126271682342349,0.08731791198322492,0.03818353393133918,1312.1985453111984,30871,oltp
20.36242786324678,0.23611283549821144,0.3832861063873333,2,0.23411607344627033,38.242357149337394,2.9345809519819266,0.12964266107117767,0.36298270437444036,0.15291429086984415,140.05204893427472,34933,oltp
24.27739842289795,0.2581447122662606,1.4418077586892202,58,0.07269428633104001,15.520717622661893,2.497376220902313,0.7481430148650055,0.29344904437261166,0.026820442769973064,112.77511008002881,21193,oltp
39.736180393599525,0.25560067513787427,2.2168218070931993,76,0.21656807746773704,16.98762096510394,2.97323884396779,1.3263583885214043,0.48426812328808905,0.0051441532278908575,1445.4592131845097,34143,oltp
34.74882459387109,0.2711225393879256,0.4964096083929387,199,0.06436166239702207,20.8181887257595,2.3494197385085185,0.3969466332773359,0.17144675286662353,0.1276974508236579,1542.1615240446163,8046,oltp
23.812001583822727,0.225121613484769,2.5491496208782936,136,0.24912371532975086,31.466872241194785,2.6604994639734008,1.4576626625225932,0.314772574445995,0.00013724823522511808,1162.0767021619051,6143,oltp
34.752323413900385,0.2170843426934826,3.4564884041149737,56,0.14010733699274125,31.94196692723698,2.9204406372805005,1.476745158563276,0.3697974950393666,0.1899330791100803,1014.7252987740824,46739,oltp
35.137733417345444,0.4844352633382933,2.0502407282038506,156,0.1574615809419791,21.567594383222573,2.633070676108119,1.12252989024654,0.36366320376583355,0.06949710820922042,146.7631304503525,21601,oltp
37.302188771378866,0.19956431338107106,1.886284586783994,50,0.22029749212968658,27.08570374223049,1.639035036624008,0.1054269593398079,0.36749237494534115,0.03142778336987367,1252.4592031636437,41881,oltp
23.753167600654233,0.3333035902712117,2.5543287604855163,91,0.1471616771759227,28.343625578547158,3.1283752048223534,0.4687449992239079,0.13656618724677327,0.16667774839548033,427.9495694860414,29638,oltp
22.838040204040922,0.44433383184348135,1.3200998498495014,173,0.07437469781173123,37.87414110049579,2.9216252088144183,0.7560016947344952,0.19925222396126285,0.07698459302852384,992.0499528360773,9585,oltp
12.900305519806015,0.42749638109551913,2.0170023880866443,31,0.15923729378727236,23.769782227325866,3.420249244241065,1.1343875321480403,0.47856281221276853,0.16666955414246498,864.6971224641541,32341,oltp
33.91818800323627,0.3854777583256126,1.2361750927280197,132,0.23530701184408076,23.727632055798068,2.3601025652560885,0.32788817114835334,0.17267879460625657,0.060535704538000196,500.0261045150091,48129,oltp
37.569539596290795,0.10749406681688262,2.438812293002108,198,0.15035099322624879,32.57325078582146,2.4254696414017483,0.9460457802070589,0.0340372805721566,0.1348575971386375,375.08180842473564,14273,oltp
16.1460212531333,0.467741551064591,0.6817072355628623,4,0.06281814866964519,13.47390519881177,1.5796653505857483,0.27407024319839823,0.10933158940985283,0.1633468031534874,921.4351203673791,4867,oltp
35.804332282981726,0.15409357935893447,3.9982327018520336,85,0.15416415363682978,32.20277276185626,3.246251449276997,0.26711882617385396,0.3150557717944296,0.128774316228453,152.94021009357184,49084,oltp
21.625356332035064,0.4764318851197113,4.93334195820279,58,0.17068812192827787,15.391602975691693,2.8870802651061425,0.7400129648039049,0.36400329222159666,0.14240788322531298,1731.8613839912803,15176,oltp
27.916533617597583,0.16517296836352474,2.703900942789044,133,0.2127639417932325,20.518906941506735,1.7617948625840703,1.260198988649389,0.20934251684304533,0.14453536259109093,1724.0159913916762,19721,oltp
35.35384816213467,0.2648465151674242,1.2282646172125555,183,0.17179119083581207,13.03204235940662,2.0910944124927773,0.13383009795224757,0.004465656252996275,0.03152634647086008,1816.803878107751,37095,oltp
22.152487574029763,0.18813625617623392,1.043126234331061,175,0.2367873296361354,15.034893893913305,3.3995012049122817,0.1084758944738673,0.2629566230970586,0.07195442678528119,1851.9015535587432,3892,oltp
18.299260011990807,0.32232458613903264,1.569411788733634,100,0.08836886646302716,24.549187759195902,1.9868805772980067,0.41793234113044253,0.009387470304155987,0.03291675307371953,1289.4491952231708,7058,oltp
21.062958495267527,0.46807786489605574,1.0782337492441674,17,0.20000366882135862,37.18485754484175,2.4143398325830447,0.6243654946510684,0.007640480139211148,0.171614753457254,503.79772075591677,56975,oltp
37.39991408029009,0.3255822726486162,4.876642894795818,79,0.22635385091803345,12.318144979653377,2.0676573672881826,0.3527761921684067,0.3816099778229236,0.13511410787869937,124.20405318840893,26439,oltp
27.629085212003112,0.1086431873920295,1.7491961783810388,150,0.09493812010929831,19.139909991337895,2.858219482819746,0.9318246901481984,0.30040899164742196,0.1552313140575887,1055.8183522031604,56917,oltp
35.912060603320825,0.09151874701031837,0.900217689425562,163,0.2169286491403027,19.74458734201761,2.0474056121439865,1.018777005405893,0.02676563659922032,0.1561412511928959,259.2148157352432,24604,oltp
35.61103355425513,0.4654109355224617,1.9833351120693017,177,0.17995375322549528,37.61872551329712,1.6956253275648339,0.4596597119682774,0.3032380940654048,0.1985097596057502,786.0409312262841,15909,oltp
35.52442243606862,0.1446186176404004,4.481855412655836,109,0.23303988421313698,29.744591920248318,1.8886985178867248,1.2636880615121062,0.14949027905090406,0.1505300758629735,153.01684951383317,53400,oltp
29.175603114741552,0.27050003271951856,3.690137168696409,35,0.1165523210284679,16.904603440645097,2.0014983157314727,0.9075798825605607,0.03293752030507707,0.1507480635283569,909.35408529708,35445,oltp
29.45309366802296,0.18981174112848592,1.8046916315137755,18,0.07486886840111387,23.881598735688257,3.178916571263863,0.6959320821736683,0.22365594984961495,0.18211407015997594,1143.8531157655098,9580,oltp
23.878367709630396,0.1837988149773932,3.053431075701318,122,0.20994602134519852,22.355757036453248,2.8382787925337123,0.9541434969060242,0.39987212828863317,0.08360401474736388,1877.3388741231724,21670,oltp
22.682580913188755,0.4218503200496411,3.4514263095705715,38,0.1886739448788033,38.794550876540825,1.8449722317123816,1.1585184305075427,0.4299305273104682,0.04976500740974672,1829.7147197716836,59464,oltp
24.202821450440833,0.3727729844794579,0.7535037574702314,170,0.11602749620834399,28.85995958483216,2.9260843345397953,0.3917585537394044,0.3753219191327203,0.15843130444857112,1119.2828443421254,35578,oltp
39.97037286618272,0.33921800684607883,0.49220082638641305,129,0.2086793675831728,18.809690146950196,3.0580235030212797,1.3483140912392462,0.06795270319253788,0.1468966831216313,695.4246002026797,56171,oltp
29.275718230365612,0.02259475240839509,1.9327868154755046,123,0.0586505514686426,12.087976199432351,2.440191366442939,0.3082546793930158,0.047385868281237975,0.06002072628746857,1754.0358487505382,7493,oltp
33.50223130040441,0.08314871308109834,2.380536832484879,39,0.2335791298321817,38.86701621611343,1.9462539231654425,1.065582044056528,0.07591727923664571,0.13820963953753687,1356.2138523860403,3747,oltp
27.999791160396978,0.1798493063879903,2.624360042618232,47,0.17213542232819662,11.173263984291307,2.256044322562098,0.9702614729426702,0.012027314946863432,0.16178870326052286,1677.167456910767,41415,oltp
21.15267828898319,0.18024556301194206,2.0965927047599497,27,0.1807535324332598,10.603343727721569,3.382312518347069,0.3202898842333343,0.4446479922127489,0.10199485689868407,1809.3827900228962,8286,oltp
24.85697166159747,0.19392708788667606,4.002636956873578,198,0.23526280625599544,39.823273743553464,1.9867903128085995,1.1067524620709857,0.062241565510414654,0.1832462150922318,1143.2708384302068,56244,oltp
11.327253884170174,0.3120394530590925,2.313618190475199,62,0.22940361995763464,37.4956348803906,3.0663592849499333,0.21859636759590734,0.2821838330177516,0.012180571379918882,171.68607725534082,21429,oltp
37.791577606488495,0.46885212149574906,0.8065777368772997,7,0.21775795456729352,10.825564633782331,2.6063149510192094,0.7667475331478382,0.349697413546538,0.1194823496297136,1237.1930362172818,42916,oltp
35.231030089411675,0.40286756195847007,2.7895145247337485,186,0.22331376838754435,33.70391659013889,3.3664426375504455,0.9206315867949013,0.2939863526069351,0.012298751748254122,375.34685332880105,44037,oltp
36.66481257484822,0.015582385708575064,0.4190038151035991,60,0.2021526900104148,36.59325963533003,3.3868399613650757,0.19826512805614654,0.06554006736735823,0.1340276029807712,1137.497092491171,20379,oltp
21.814776761867368,0.24045257535493925,3.917149260306161,45,0.12109341056844716,22.780739246423366,3.476454158170952,0.9480435410541564,0.012845323868955982,0.15926054106500828,510.1659618959765,24849,oltp
18.7788288291726,0.15612809243898085,4.0006955987925386,188,0.1376092358842808,11.6452914738058,2.9382337831190615,1.0837135355016156,0.39714954304313016,0.14115858790945338,1666.5694760798153,7817,oltp
16.210682613685005,0.017810862685264717,2.7525184089243515,188,0.17306108217072136,35.865340446475884,2.4244174303043153,1.1885351167030058,0.25453671870689454,0.1429589401584272,1865.3206026716236,24711,oltp
15.449435089199628,0.32601970735163444,3.802951000219255,13,0.23599934424062619,35.10682202089011,2.847442045778883,0.8269355453085753,0.21633850497647572,0.18198130990909755,550.9127504019486,5886,oltp
30.626003185840638,0.05468234206507705,3.333195269347846,143,0.2018784048888817,33.18961745823907,1.99556787948052,1.470871688275554,0.2890219724243587,0.017220530296414505,769.1333301152678,26828,oltp
22.8503179515423,0.3692749428106112,3.578309930512063,65,0.0684411745360501,24.382546343767864,2.1633511018655325,0.5178275836527518,0.3263179966116855,0.1309843034616691,150.36775264371963,57811,oltp
24.130345591141193,0.034610610164418965,3.028601789597748,164,0.17105351417699935,15.78322883268533,3.2265630338589064,1.0548721764590596,0.3397556103436214,0.1346478573662576,273.91731318880323,49743,oltp
16.785930408532238,0.2534188391050194,3.028462059870407,49,0.17415482453993236,33.60678157243128,1.8482966463780517,0.7388771685647092,0.3939216521459216,0.14249922934389822,1957.6107430196496,11334,oltp
25.9755367518202,0.29413633461127453,3.4863731310952613,117,0.05949809975321179,25.42329160738214,3.205401330513644,0.30699809933399147,0.2789268628541051,0.12502670696722737,1193.253526407045,18181,oltp
32.759435579208755,0.3003788256638858,3.0190167059315365,45,0.056617267387805016,34.157032887772175,2.5408171102627524,0.38259247999522694,0.0012079772675567813,0.19346122858620063,870.1060771588909,29682,oltp
13.096437636758214,0.37447468134227957,1.3762077569588171,181,0.15184532926469158,18.93562073098948,3.4948773244664517,0.7569462699235981,3.969430898081994e-05,0.024480944712967048,972.2821009623817,6100,oltp
34.03803810549002,0.26627492369582295,4.793804303991768,162,0.10043228516250301,32.16658988758853,2.471434565476502,1.4470965025457259,0.3926440135011099,0.13446541065348186,573.2101700227038,54252,oltp
27.242649950433115,0.37010968693381274,0.11889189659761656,49,0.18689301039344408,15.130963596515855,1.7028042892276603,0.5269440211739072,0.15990071020010843,0.054678736792655405,824.3758270231453,5618,oltp
35.34939503787378,0.38173717176756905,2.8872580320407533,85,0.22251982554029132,38.21874324986952,2.3935045996787565,0.26439980413561215,0.09819771298302538,0.024855826615909127,321.2388561348798,46227,oltp
23.799410600822,0.48481217806688404,2.834969032622947,74,0.1887816800257589,27.373345205172864,2.2115989059923242,1.179922230225034,0.28501034134191544,0.16772834229556743,735.0967610785301,59745,oltp
25.571292149957536,0.16543930231033233,0.0031362395902839735,132,0.1380998207088427,17.51636765457848,2.848873412724144,0.38686319663674573,0.48170481357883554,0.12507258563930132,1425.587334994949,56831,oltp
27.994561379250257,0.25804602825620904,4.222164763563849,43,0.0678853949334415,16.442388056202297,2.198291772219695,0.15661602740856356,0.22520503089667127,0.11413108347973677,1808.439831451927,10011,oltp
31.820771450733975,0.042308544824226524,4.037372254749869,74,0.24490087672371086,13.425410430027629,2.620773285864288,0.5758739388299353,0.45834421826625654,0.15586631996072783,757.2124363724982,10655,oltp
36.95208777516628,0.18083812532482363,4.741824327796241,193,0.0788064493426226,22.462329769178943,2.557298349465551,1.0297596334325019,0.43637453517630265,0.04149018024532758,1590.0136232865198,59514,oltp
37.13559088165037,0.17649436827990445,2.5910699261380516,112,0.17216755778514414,24.27717172408645,2.724288129481092,0.8765470059837118,0.19880623966872174,0.1891608606858253,677.7877312741002,20530,oltp
33.834550114425156,0.029280217245602647,2.504069043554302,96,0.20222953812502914,30.792000995064043,3.2054354829888876,0.3032484258572833,0.06918143119646414,0.1305370990220449,535.7383457300264,19739,oltp
12.348373163678165,0.18106701538864906,0.027285916739222538,191,0.14033439827842098,36.02368788207808,3.0567389687262194,0.9857448233738201,0.3747667092219951,0.1928118648257093,477.91369569398876,9580,oltp
10.33298935238153,0.054850547627217805,2.7986781028184673,192,0.16443211195367569,24.814147130701656,2.548814223760753,0.9002710842260684,0.47521656309489424,0.1012730531583742,455.73822561601844,4418,oltp
31.053576515894672,0.31174860876411054,2.7268236639646,184,0.05317545964212738,19.723786238364305,1.9667359540627007,1.0229801613840432,0.025958400027372763,0.16563104505355386,1072.1077367932323,58937,oltp
14.361658538195577,0.16076375786392588,1.8069711841997331,106,0.09729929161260267,34.30158842433637,2.7327089990076496,0.7014112845595617,0.26949090343135873,0.04959712071075162,264.77481120334346,26433,oltp
33.81896029605373,0.42967636302189477,1.0390083383675615,73,0.14863964124285134,31.31849660558785,3.0554975547412666,0.8342295035510258,0.14430811973864238,0.16164571923407497,720.3455671794414,27206,oltp
37.12670998123613,0.23761329656168567,3.263431164016826,48,0.1850835088440566,28.858413223701223,3.3954761273680703,0.6803092612325032,0.28049522603863175,0.16486934433988032,1842.35542503627,6396,oltp
26.767193588333903,0.47762530034967254,1.8178229604949747,78,0.12065335395585991,30.456109132238034,2.4589584222723895,0.70875546439481,0.2774779357127838,0.15213226220707654,1807.465827157832,12862,oltp
38.30638549215263,0.48087297376742627,2.6284771660941377,91,0.2339343687015389,25.097607536304583,2.7373808935536657,0.5467835407278454,0.4035267006583382,0.12449831571525068,1590.0446932888467,5195,oltp
25.755415219542616,0.39647648597041807,1.8572782955612233,117,0.20391440482309975,22.58406855502124,2.7853854613243767,1.4326751843572247,0.3419836512394301,0.07208270888099429,897.9422415224573,46907,oltp
13.066646381420792,0.22831591879054153,0.7667686657689876,107,0.13115399637150393,15.619899151137123,1.9855323719869422,0.13407127116794623,0.40150196454911413,0.07478351316963135,1406.783090829222,54761,oltp
34.627001187265186,0.4311425013395142,0.19523346523155571,186,0.11293322961917583,39.87810356051703,3.3136868122459404,1.46649646055185,0.054678727513654324,0.1501834298680643,1435.6589746019465,7630,oltp
33.492934729682055,0.2448207500142185,0.12315693317126175,164,0.05632798685039793,10.724331090576765,2.591544748710933,1.2296425626250505,0.46430580539045146,0.05976075231938165,329.0726430187113,56631,oltp
21.5762642258565,0.3291848354487728,4.805308141121545,55,0.18068435618044032,11.740857980038808,1.6421758261502606,1.1932575505810283,0.29950720608447395,0.08058371042193116,1061.3226320553633,58192,oltp
32.98988831674849,0.14735385688354113,3.194839337282529,41,0.09974600402616832,33.28741327195366,2.209256543553364,0.47909082428626637,0.07764457010018005,0.027262622468364528,1064.2064998780918,2892,oltp
15.888278858408915,0.4095160643926537,3.4936804651283673,100,0.23457861959610565,20.706609599005688,2.857752859869356,0.5694225519481134,0.49539040269195916,0.07693192042422313,1239.4189136628847,36438,oltp
15.48700930518159,0.2123612604572982,3.304359911256487,61,0.14688106336493326,16.484511088458724,1.711666651846811,0.38990870764723884,0.12720107117649443,0.11206217854368339,1493.0138907218948,12376,oltp
27.21039415937251,0.4988239577630048,4.220151132849102,95,0.1218918126299977,31.351434516358694,3.406630118305947,0.7903513760235299,0.22565326849367912,0.08762214576483635,1548.1553378489104,21987,oltp
21.806727960438238,0.07496215351391267,1.6783108062684338,167,0.0756396562630185,39.29073713525376,3.374790918631053,0.8031516651783507,0.42536460482155375,0.14680096608558932,349.02678639987255,11548,oltp
30.271469416922734,0.10112949665137372,3.6872512201335397,17,0.23554834935818325,22.585479484600626,3.3982577198108457,0.5438501317966021,0.1426611436180612,0.025094507407850422,1835.8444698847218,10118,oltp
26.716024845240998,0.18163670318563124,2.9838071135577526,168,0.14456185471920302,39.6196301006521,2.9592021668759863,0.8915717887702106,0.036865156497398355,0.17392669885664003,1564.03294478997,15079,oltp
32.5853338409368,0.27624056594173835,3.5472658158211905,37,0.18177433066372423,35.271691298167575,3.1012063140838264,0.25406406685294025,0.03824411287512841,0.012143078511765238,844.8867814124748,54701,oltp
27.499950438389597,0.12649604295253875,3.7408219809854244,37,0.13201958472053515,39.164861866504765,1.8695104057101914,0.2871670528912526,0.3401592475465551,0.008144272491170246,249.968695682291,55995,oltp
29.475545407477107,0.140397754959937,4.2539402161949305,2,0.14062248919646814,22.32708052191532,1.9506927468146722,1.451393162960602,0.12805475336454908,0.18239388774784268,217.3203483170916,57708,oltp
18.205166001161185,0.0017405436306308086,1.5363583666112013,125,0.05994157424584121,19.126439552889593,2.633803555141979,0.4083681508200854,0.0914208530373512,0.11795941240545274,1345.6623227446005,3345,oltp
24.325432417248983,0.004958634243021065,4.05318328462008,183,0.24586873658437952,39.59914360148033,2.140419447444756,1.258596807525288,0.3724402522679409,0.11351344038073607,1302.4091216497281,23102,oltp
36.18014859903761,0.335716021783408,0.4788939991935637,157,0.09778338705813819,13.400957210490956,1.629144691382252,1.4072536747487647,0.4242185710825981,0.08107830237168677,303.366831777557,10278,oltp
16.38947992327807,0.37098412106333467,0.40804914686168925,45,0.23877183250223366,24.533676471497657,3.146908430387155,0.3708686124447522,0.29111427487322056,0.14374972673491357,580.8889559427101,38417,oltp
21.45646539680407,0.11830682675236465,0.8032237762752215,19,0.18558696216456466,27.20200410429501,3.458424777001558,1.4902193771797432,0.18496741111750042,0.10322146782236774,855.9744103034377,44342,oltp
35.48211597832099,0.38121928128025034,4.103533273913016,21,0.2148904815761169,36.95237473618403,2.571040933987946,0.2304587444942597,0.44150649945956305,0.026515036411003657,797.3028790365202,39246,oltp
18.28879175880559,0.010665384345498796,1.5413519141273841,149,0.19488746552199687,30.371377597330504,2.7857597486685837,0.183002558733905,0.45924001463770886,0.0640066072008352,290.5902666744696,37220,oltp
29.398956297590072,0.09167999990427683,0.8303502417015401,69,0.16318515369425146,24.555583771774216,2.3581877468990857,1.4899650812859428,0.2443295617455244,0.08003952625938907,1825.9875921945445,5175,oltp
17.154223057805666,0.3218838886885574,4.124593572808298,89,0.056189471507779865,20.02094826298911,1.594523750104041,0.4648292671645514,0.42563638292345696,0.08938670502604802,1138.3880441813221,57085,oltp
26.0646986191386,0.4172328071894001,3.203927790797679,40,0.15229389258322837,20.50690346964076,2.446989503970026,1.1581280428670144,0.45480655096655465,0.036331888520395754,1537.1379746504672,58215,oltp
11.520696746316565,0.17323278398116115,1.2940666554113078,84,0.14390058257435012,14.265681164799169,2.4759430205004023,1.2261583324870755,0.4744199757791941,0.16233932808114845,216.6590318293824,30193,oltp
27.297244660154032,0.31454084694154877,3.4586944771178767,72,0.07202495372450946,30.778115264667083,3.4846990678739873,0.50278381087,0.04045592949942611,0.02218895897363069,842.1006860159388,17666,oltp
21.71047310391149,0.10136671743672299,4.216845598153201,91,0.1531138788282196,26.448075493100582,2.3308684009252048,0.2539124657266751,0.3445994926411401,0.15298517448370103,674.8600377476978,11299,oltp
29.208014087931176,0.16208042745127738,1.0248667188003846,67,0.14218747262013265,26.654005577201417,1.8914880781136667,0.5727655877646846,0.2915300130351198,0.15646817365410592,1291.778472480196,19348,oltp
33.238680173644525,0.13917744872661775,1.5439723126017975,187,0.20968415982484923,29.199200972988542,1.9551349306156223,0.5312177015670937,0.12802198016760274,0.10336910525885873,656.3347458836158,19835,oltp
12.609521300255874,0.35314464626518194,4.610189728277941,52,0.08841672695160513,36.34311645658619,3.4244084675717517,0.29238162792083866,0.059301645527379154,0.052237601288769864,1615.9100972867095,47669,oltp
13.901945428125638,0.41118530168791384,4.204216788764862,35,0.12181119709762445,27.2952914419702,2.5449565077471794,1.1494903657016586,0.019331669954733344,0.1930382065337513,993.2318105916106,57017,oltp
32.59675336561662,0.4624796856252855,2.3234327892728244,18,0.15510633946601377,35.13861022312141,1.9698827835188497,0.9532559499852497,0.129107193407972,0.08732577824909887,234.53665718779922,30218,oltp
29.911949049772176,0.3847097766015486,4.786587707045654,172,0.18295596549363824,39.17488070851972,3.4952807677731244,0.1837279513298573,0.39523828214962575,0.15024239259530817,998.6298809711474,22635,oltp
39.1011313730626,0.06544326047005389,1.744885232294623,14,0.19502856680212882,24.891369585406697,1.5496338377730907,0.383418652510795,0.15383556980952123,0.0006442165411983503,1279.5756594971904,44341,oltp
28.07051131698185,0.24096366064449265,2.724872635960112,17,0.12935035094245,18.127440203247943,2.028976298804024,0.6824011642093609,0.25883193632794305,0.0306622583478404,1526.4096110300402,53294,oltp
12.083250182357235,0.2034899375810461,3.0520325239237236,63,0.18257233486266672,37.3477086658355,3.1715801829478574,1.1346064616805642,0.3219173438502473,0.08760634923531133,517.5793822962369,53656,oltp
32.85415071646149,0.3676921494214005,0.36958064089054943,113,0.20667876148203623,21.56072163418684,2.18065330733536,1.1558183147394068,0.04771194934230866,0.14079727673186673,808.2944367094766,48038,oltp
33.04596413127234,0.0007218814303055487,3.86223509123097,36,0.23436216276413763,20.718293378780604,2.6312640336988258,0.18948142305196453,0.3248719199656263,0.19588686036085687,104.60625838186223,29715,oltp
36.21580419595834,0.01333804388431059,2.075705310905875,26,0.0761300681767114,39.70873255989152,1.7004117214546697,0.7436364841308354,0.14554362330163012,0.13307016912903344,1308.7984939349776,26577,oltp
35.55702408988649,0.019715832680815615,2.2944541480270466,56,0.20344755797546127,23.61799247214176,1.8951661203390997,1.3841297331813367,0.4930184391627612,0.11814270432957859,141.92331114355162,37346,oltp
12.878493865039756,0.09246009194601346,0.07320279514229644,183,0.17269636536961452,22.98948944550915,2.789519853498533,0.651879897312678,0.16379591511948616,0.16592302520106292,407.5231623239074,13671,oltp
25.938483838722117,0.45431986063669705,1.2233835884036004,137,0.07011419698938247,31.390640945719326,2.0812349519076165,0.7750249749361678,0.14686338815755084,0.06146036830803421,313.13246182535687,39800,oltp
27.159140401984722,0.27071844146531715,4.402741704327692,133,0.19477548633544622,23.526778787780998,2.0582004150496918,0.41725685277306235,0.27673384982405363,0.13850348418803418,1579.3664413467013,49543,oltp
39.45993342721923,0.43221162438867944,0.5591062532583713,12,0.07116681729216245,14.111229094249069,2.338050147204487,0.3130383181117623,0.4935857762938313,0.09160715948490922,1362.4660671166441,39835,oltp
19.249895899847736,0.11305955329876133,3.053837550957011,99,0.08270356992811748,31.224427728282432,2.02748439398227,1.0490042210875126,0.41582338189734064,0.06054024375224956,435.9948626343914,51639,oltp
26.526471337161496,0.22970264353507763,3.0200737670253903,110,0.2145502169793853,27.16816130290262,1.8466242623541842,0.8518877974800092,0.35799495681696597,0.06685666638053414,481.9081806700054,24781,oltp
10.285331871013007,0.4802359635443477,4.700681211140473,8,0.14874637339858734,21.86610517539045,2.8102211417190777,0.9373917828617571,0.07022898791905918,0.003512651825462432,1996.84267577078,20623,oltp
32.250677020888475,0.17331557197936404,2.61575230779973,193,0.17124874452126282,39.927117688638006,2.343097070992009,0.9182482834670541,0.36301888538044663,0.05405051120876814,1278.6659684591523,12738,oltp
18.44384013040586,0.423147822139446,1.4627345446436535,158,0.19194649564395694,13.309099076891655,2.154554086276613,1.0268987445868871,0.4323754750108327,0.12880859145900267,805.7852734306847,9295,oltp
34.48323669115838,0.47184608004693623,3.6523884638432857,122,0.19537969884791678,15.393456185063583,2.3054439469379644,0.9924094106063287,0.37300383801411685,0.19433860796733296,268.61917221644296,48388,oltp
11.744647112918928,0.16645465419990957,2.459718457024673,184,0.1659623323335057,28.978314443251374,3.1369233166756336,0.11859093921489393,0.29240592499384255,0.17409238314268713,838.6867075567487,39436,oltp
19.055022389324535,0.05056411847342407,3.4866357751806203,36,0.23477710776842703,12.263877937634405,2.0207823969631837,0.11698975280176097,0.08680217230638715,0.09551955845623156,1953.4729779816307,36929,oltp
27.824442498596778,0.10984355455257255,4.2455086425645066,83,0.24375320889507618,24.675702767609224,3.15332409159338,1.1965826750719497,0.44547013665284313,0.07702036385292776,1509.776641181604,27298,oltp
22.46758019947006,0.08830942392308111,2.6558144608511296,122,0.21910585177867992,15.182093359017781,2.079687534413567,1.3261267674450203,0.1805556605305571,0.11846068948847316,845.3266756674249,6281,oltp
35.703165755974794,0.4250991114724585,4.4592394361236884,72,0.13328283535147262,39.69671227787623,2.313220306806726,1.2645746336648092,0.17049218877534283,0.09610252581588996,264.17322515675767,8848,oltp
12.662385866219356,0.15544445182703753,2.6022841219924553,137,0.20348618164940785,15.093437920699802,3.4551727913270156,0.6830115323435065,0.052557522812351876,0.07678604751959156,239.73111345933435,36060,oltp
26.04720663875585,0.1669916903808969,3.559982918824395,15,0.21383496703776106,28.66340700956412,2.1953714580286023,0.26482785416354904,0.09867392183225471,0.1201961914781289,1883.2235912811077,9627,oltp
10.745868647604897,0.45055375533267517,2.2892494556720906,136,0.2367821690194548,22.439188401290554,3.2408100052842297,0.8691244365473363,0.3561016537025152,0.10416157855459202,699.701552875121,34487,oltp
14.08423474299573,0.3428536926940749,1.647139416332943,188,0.10706976472156722,16.500050402415916,3.322005957883645,0.9478021678022475,0.28216485090943116,0.033553166820887916,380.46506700586616,1587,oltp
11.341931400717147,0.10582168904142913,0.11732714812809686,36,0.23311552678210568,12.266767977162404,2.0709020277183683,0.25818796751583306,0.3089083647807163,0.09789745406915168,1584.5985614319254,46775,oltp
30.72950090913763,0.22440511575824096,2.1636751770619744,47,0.14327458129422857,21.800098721782966,1.7032284445821224,0.7273409868325293,0.20247001294833877,0.18649833275289907,912.2983627808088,45131,oltp
33.569990129229694,0.22252516848056736,0.9519705346803947,143,0.1744987468225036,28.2929464211393,3.0165539945524373,1.4934623877712028,0.2446984155836805,0.10620552164821945,948.3521910397371,21717,oltp
24.860272909506662,0.24256521853776652,2.1719766797954048,2,0.08402891824911257,16.13305333698269,3.0639506626116755,0.49221354856816435,0.4699664331914665,0.1601810790089466,1068.33337873391,57943,oltp
15.475081092585068,0.012275438182446419,4.798873335729086,162,0.19387641737484135,30.31322037350612,1.6082137004958086,0.18918317495668222,0.42015273033503037,0.1858371533361848,1096.0499905583417,57079,oltp
38.5922071564207,0.3890950250216224,3.673934158572913,186,0.14922142913622882,39.87219914468183,2.6597049996052187,1.3016149163107178,0.16198826637231073,0.0026063113017652964,1767.8028094011122,2272,oltp
34.330521474851864,0.261111043397493,2.350407709408003,30,0.16597969715146632,34.68765905253365,2.184181525014025,0.3498225033476209,0.2533196998240548,0.16100732778590987,1872.6154583555333,39338,oltp
12.391901695453896,0.2325043231847449,0.7435240215436473,83,0.12848819367620218,38.666392836316135,3.0605252520252977,1.254832807641839,0.11995783114030284,0.13132137589935472,220.93138231397955,40849,oltp
25.797289859035274,0.23577632713181285,3.1905487962556087,96,0.14876786071885062,17.244296804908068,2.7875790174984116,0.30105685306335683,0.442214562965233,0.03455759350600023,1319.9127331570041,17210,oltp
29.038901676008468,0.02642348013807161,0.4680013800279015,4,0.19198438565352677,21.168288887088245,1.9744716975864502,0.7563614759822861,0.05495825763727957,0.17814372093502553,1795.8298620591065,26437,oltp
35.072629944619706,0.018053336320405122,4.906513225473424,123,0.13529494775610418,20.99170796857812,1.7377833112791357,0.12732558927471058,0.15957367633232683,0.16880071395048485,1918.7179116016614,21231,oltp
35.212094450318865,0.2252244958026502,0.69429192156441,186,0.2183528011832639,20.646567312005093,1.5321516667785482,1.4529246353400065,0.07624086046944883,0.05159263233245384,986.6318449737546,57980,oltp
38.66642142078787,0.07173428335348592,2.8017953634933397,59,0.21403054223201362,28.051920353919712,3.124796395883772,0.18865283565630225,0.21107829914168513,0.028431443043413718,227.23760214894992,20501,oltp
13.19258923597295,0.3881539073646079,4.131936590629179,120,0.13623484136096292,20.888372965691303,3.207699535827385,1.3450433281195942,0.3742819803453616,0.039880910280606946,1721.6177018689002,33002,oltp
33.979439528937306,0.294372873958899,0.4120544499074691,24,0.2400977878986098,18.450250405305837,2.4476564351512726,1.3236549568527722,0.4579268384903775,0.19761010859575698,1841.8521495831988,24810,oltp
20.915465433477852,0.05165181707970723,3.2718969673522413,63,0.1584217936386481,33.634067347554755,3.1311114968457225,0.11461634014980833,0.1975391587713885,0.09352715633519469,160.8638456769706,20517,oltp
39.49213530876624,0.30095225947667487,2.4542073454769886,51,0.05198834654539278,20.479810304725167,2.4024515643715225,0.6868768085496064,0.3039870179284376,0.009551245160629286,1593.3666221265398,13205,oltp
21.27228870370555,0.33595760874363,2.85815587100347,143,0.06982139728622816,35.118735232899304,3.0786061710359034,0.8394642137737959,0.2970338138323663,0.12425355038609157,387.7882852249243,39199,oltp
18.40645942049592,0.15331492981653327,2.3788927990510524,137,0.19466400264580414,13.736034485067393,2.63214651223251,1.2962689353450925,0.04938846144502146,0.002718018295091951,1109.567075757923,18270,oltp
12.42060203043231,0.25308322641305947,3.641799388599107,96,0.21747399303383264,36.12628286843141,2.303578116841598,0.8926003021434065,0.43461942218496863,0.10861773628545644,916.6563383026072,16299,oltp
13.850155703711787,0.32835381472419767,0.1938051971753213,81,0.059267304018164095,11.735521181606474,1.5901963422110104,1.0460605573771118,0.35196542208793424,0.0831378781502194,1164.6364767773928,22289,oltp
30.08435933062917,0.12334980448442245,1.6336242234903158,157,0.11853234437066279,23.6585152832269,2.1094944457245752,0.2862319053908811,0.2261674821508467,0.022944064513955677,1594.371323650533,52443,oltp
31.557315451437937,0.33005742648193975,3.073898173087912,46,0.05466023688078617,31.911739659281732,3.2189105882152074,0.3550553507669787,0.11286169023562365,0.0263433387451121,1148.3318709816906,36497,oltp
34.85858435768663,0.0886964167279059,0.21581556391196133,163,0.23624718459001898,38.24750608612469,2.6496970990002504,1.2410019640125134,0.015398942096911061,0.0711153676402667,1686.7936922176614,22101,oltp
32.294751930329326,0.2011295813338323,0.6581819688199941,105,0.2254808048521157,26.929563491338627,2.7807671201261406,0.15431693772919955,0.49564621306684664,0.14029211986993542,723.7192539410602,1610,oltp
20.843196874331216,0.48997406471458715,4.018628880365663,189,0.16883331273724317,13.392744354105496,2.3454085240122646,1.4583037453044603,0.07459375829163767,0.01922848476131425,143.47675556621516,48700,oltp
32.011922679530315,0.41467647159776294,2.4400008272519025,170,0.08585732228481618,22.741460960866963,2.186661365368642,1.3586895861990003,0.1740310458362032,0.08472047405600208,1131.9157603491215,16904,oltp
14.773604584198662,0.12191220710574052,2.6822611933553326,139,0.15570542110917246,12.541135561605255,3.2915766222920473,0.6350077447615669,0.41678136214134787,0.16834880604701313,1962.3638239021304,25537,oltp
31.15935469203142,0.21508776192649232,2.260656340600713,129,0.2460353289475537,28.739333511786622,3.097601821033816,0.25379993586496497,0.27835662000462835,0.019459223236081916,689.16387807741,25026,oltp
32.15944313084447,0.17853016499103813,0.4740766930126217,112,0.1754937947146284,22.17403576688739,2.3771697738233932,0.1966471444370353,0.299372455943924,0.019193400768585424,1601.2715926678393,48634,oltp
23.495005293534593,0.38140433420258857,0.40603624584919396,82,0.0902536288533822,29.503754029026823,2.4020777586877196,1.047514259193378,0.2971084460367401,0.03939676523884315,223.21915607059708,7574,oltp
25.244415879859776,0.18428808460166962,2.69502860059906,16,0.14981500798766548,12.728433577737492,3.097427426667158,1.0889960973110748,0.30159169334956454,0.13548936956411775,274.0474542528377,24953,oltp
33.420601765045234,0.10032242767299077,4.296794640221382,47,0.14949197442081413,34.87732683379263,2.1168385719620053,0.37242515161581724,0.26568125927836345,0.09254188013234224,854.9150556588036,18666,oltp
32.65614398735643,0.29914175162335366,2.6483916041549267,12,0.07991082626165365,19.154323208555237,2.0426267838449013,0.8657557291084916,0.06740185620433886,0.059583552801013934,192.8030098326219,42261,oltp
19.651499333474973,0.15842089585836538,4.401434977414045,5,0.12006362553872657,37.09086069772858,3.4688711814336988,0.4741669673026694,0.2590715701997535,0.13384100473772917,1431.6950864250202,21799,oltp
11.14511475467393,0.4656591519513098,3.440854147472458,88,0.17695271616774494,37.06162457523837,2.2902268770827607,1.2944523470000577,0.30784364869455244,0.07884183267992209,460.31809939906424,49794,oltp
20.384628559411183,0.21243075522397126,3.5870378080396255,177,0.06183958351239123,26.934880936978917,1.72782219881813,0.12138597072742366,0.3545830651803052,0.13153668593228715,480.558038903846,47823,oltp
22.684709031926218,0.018838362396579544,1.446901693019913,157,0.18680103733919184,37.926881942762606,3.2461210689150617,1.4468216445701547,0.2776632514065948,0.0020794483736482627,1780.2958724817402,38560,oltp
23.50409247353334,0.32732256197551146,0.25420387294098346,39,0.12873754012874497,38.72935090304899,2.9490734830983283,0.41860459335036304,0.48651042727394056,0.0635567388560002,289.5495935278366,36603,oltp
12.09180242247714,0.4887015243176274,1.5935643742727996,6,0.07760433546004342,10.718919263960654,2.3931830377961703,1.4394531532709032,0.14935075884054833,0.17029262637232934,1646.47480663811,45917,oltp
39.68540450659421,0.04681694679350423,0.3200802605306746,106,0.1831547999304109,38.45426288986615,1.5813157769956803,0.5832239161210864,0.29777579707574753,0.08382689642770343,680.8580124144538,37306,oltp
31.112484950302097,0.20791763536642577,2.452943948295669,109,0.20542161579827423,29.49738975551765,2.2176161286840275,0.12480393409748847,0.2497719110351861,0.06583522272021179,1949.1337913132054,32712,oltp
30.654654003655345,0.49176292544162564,2.2214025211764103,189,0.13854345644394855,27.455367173562195,3.3409410723865856,0.1899273790694407,0.42221291774233616,0.030925761418724787,397.0658561478729,53488,oltp
31.98689326388089,0.1926219993936748,3.6835246548699767,54,0.1605717975724922,32.66180776528931,3.4871656565343825,1.2875807422372951,0.029787908077175518,0.14128546784962773,504.272909510123,52590,oltp
14.968195395616885,0.4631728457326845,3.547729740894661,99,0.10837764657580976,35.28470712627512,2.8165877845848293,0.10219207767676215,0.2232864259577872,0.06948723997669626,620.7249719771094,51740,oltp
30.152724813050447,0.44213324866945336,0.23830431542391894,190,0.12574018438433243,19.705020759810385,2.3083331344323303,0.6578260601150745,0.3780141353422622,0.002501202705599526,1494.2062989669168,30985,oltp
15.605429496426328,0.13845386977238283,2.10850620999305,138,0.17877609022980218,29.94411115278775,2.6381699199055486,1.1685573190668552,0.06996908778261096,0.048768692126219954,421.6151283410837,57668,oltp
19.610083594761004,0.27802708258364783,4.974027541579045,194,0.08061648903419982,20.011145489058997,2.4564533807276554,0.3089313057510411,0.0730001577733918,0.0961866422982145,586.4663261363241,53056,oltp
28.23448486876752,0.028873237396995044,0.20645055567855564,9,0.22262960412191923,26.081932405993346,3.499065527511822,1.0408149940138238,0.33099440580917966,0.13404644250561926,104.44866169652735,18878,oltp
30.374822791271626,0.3472331414874072,2.737784686559178,99,0.2093905195828059,13.851002577078084,2.005040243190245,0.47770302134495213,0.27134661582792535,0.08710674921648387,948.4331518506393,38479,oltp
20.468349063068644,0.18724364613169808,2.2875311730589183,133,0.06454174444098354,21.33392699929181,2.412684843405115,1.4240099213636284,0.4390103233635532,0.19198488034161681,213.40931661716922,34910,oltp
11.465745906496029,0.13179815800156075,3.8940927433771435,30,0.06110038219094192,23.017424299675763,2.1919774006788266,1.346356692384673,0.31978029636863403,0.14653369503832278,1578.331834268059,45118,oltp
37.229256979825294,0.4757937766280537,1.798599042282314,66,0.06066060245568477,24.843188689322403,1.9166202946859783,0.7376857782823208,0.21843225415376577,0.19146336367659322,460.2752075109475,20936,oltp
34.73251834958856,0.4145910704608113,3.261793306925273,50,0.05402297717725353,12.656753802846737,2.312898172810944,1.4443017723764615,0.2824483169646995,0.06722820811665815,1174.8244656215425,41387,oltp
24.228610313938646,0.49886484054572405,1.966090403873253,169,0.06418962257891905,35.240002031541536,2.52709605762925,1.2785887142618286,0.38659138281951955,0.09893134857865618,1015.8035003732427,50841,oltp
38.098668985040604,0.18020269127418032,3.1769838095035325,71,0.17721908785694074,37.18593889668287,1.9694571598185233,0.4491087863116653,0.2316191303163881,0.1845577890856853,763.8636434553774,58160,oltp
35.28285214977063,0.17913354716964924,1.6953576033632112,41,0.22808469406668191,21.094555963456408,1.6146318825382002,0.7270081451507371,0.35059768489234966,0.05298884029472424,939.5713236185725,1587,oltp
13.83120442929141,0.06485061534496533,1.7822945266205648,134,0.12280296998047802,12.04217067524612,2.9449638502249753,1.3879881123621425,0.029249424188869666,0.043883548655950615,697.0138986339811,14433,oltp
10.122792648168101,0.015278897047681483,3.237411959148495,25,0.197917814891928,26.716135745978065,2.6255219136853585,0.6643452574881508,0.22999646667247015,0.08042738231062868,574.8198897173397,50159,oltp
24.98181020406189,0.1836666654222477,3.723094507465775,80,0.11324889815284644,26.825525693902144,1.5967711825759892,1.2373811078156902,0.23156177301691955,0.17847877657814187,1973.2288935916058,52023,oltp
15.157354536913306,0.25024157532047053,2.118688856235842,81,0.07851851646348046,21.855215454389892,2.063964891026002,0.6649719272078702,0.19277694214742225,0.1321788018586675,1709.1447959055415,29534,oltp
23.827696230070657,0.07745103753606458,1.7589299068150888,167,0.11814653861491331,10.016500496267016,2.2749118105709503,0.901139448006916,0.200866206114389,0.03445435020544509,1565.4768435746976,31670,oltp
21.58076180956469,0.08781824163073881,2.540407138369505,86,0.21713807404372604,26.24008899773243,2.0720784110030896,1.2568736867084531,0.14104113059201112,0.1012825377542229,1307.7303027691607,27432,oltp
24.69031667170931,0.19531224203411734,1.8311174276119995,75,0.08283582724338474,13.159410337920487,2.0250316686974634,1.4302639106105148,0.22533831859549103,0.02023579379564098,1312.8755938717104,58062,oltp
30.66181067994667,0.07158994797334872,0.90358580775524,118,0.18741958019764204,24.970599167465764,3.2239517044447634,0.1652775691212284,0.11999378909324193,0.061521731013216036,1781.5526845795591,30798,oltp
27.96580652892784,0.43329235879708405,2.2880015662927033,91,0.11726107793024715,19.282016130833796,2.2886657435546134,1.0400905372311797,0.28059827306034335,0.13413387183913442,1531.8600019037274,7387,oltp
28.973440695881685,0.3635840383251841,0.8489787867046639,152,0.11133226270931924,18.71357401950557,1.9934281215605747,0.8589482820103516,0.2520389120508898,0.14259998351030856,1729.445340466805,24078,oltp
16.674525140287905,0.1624892435202333,1.6231376905361898,10,0.1258468023387624,38.6105104975545,2.6678669910396495,1.4884329561433753,0.13974412600103292,0.09957276920339274,1026.0018505363382,32455,oltp
36.30642608008857,0.33814524554526276,4.902907942203976,158,0.15479244611611465,22.546155886842588,1.982989545633509,1.1014470680922621,0.05515976893034008,0.10136730158686764,1528.61677008618,43789,oltp
13.13687368729186,0.42993691146312607,0.3646213323893055,51,0.13186209222666023,14.096904267786616,1.9140574179705931,0.11852992021736386,0.24841180497042792,0.12691437809428702,236.83507713254215,24110,oltp
12.034344916356945,0.18857616581907044,4.274436254352713,142,0.19174926991528018,36.09935959937161,1.5457721757462277,0.39460469223749917,0.37441642656437646,0.18837531917381634,1042.8579163506809,54442,oltp
36.988555107980474,0.4263550104626962,2.3709249507861903,135,0.149102289986351,15.470116241473228,3.2831465695869158,1.0092892899360448,0.2904907766034008,0.10192061219998641,854.6109389676615,2351,oltp
12.044631407464564,0.4809695612682249,2.152725228208025,69,0.19670570966796053,33.33873224934809,2.7778416453430514,0.6641903004199127,0.3076795694868877,0.18353366785611638,1931.3228903172871,46445,oltp
34.27863288871235,0.1769666561096927,4.359271554805241,119,0.11473483865687542,17.841508001387478,2.5257624817155344,0.5059389298420879,0.4925900171609185,0.10240255109377619,943.7027635471394,39658,oltp
18.346911924901903,0.17011412877296145,3.886842778476811,95,0.1553936642206722,15.337533956124757,2.1840810315470356,1.3500652370056134,0.13397660218846535,0.1966172104439522,745.5445001629619,24738,oltp
36.35172103845008,0.31616722017840476,4.277392692743099,87,0.2029531893082825,14.340356893733547,2.7771904634494278,0.30061812899189494,0.05464280204742872,0.09305783630665526,832.622963607265,17832,oltp
14.907852513242243,0.09463567761527902,3.5461744579952326,26,0.15542395712778093,31.890011832684234,3.229058827341464,0.8879589839836332,0.18951421603851598,0.0741911146715039,167.8922889416835,57611,oltp
30.350261020018593,0.0428014714142792,2.587990571929382,86,0.13728023274612944,36.61103472500207,2.989877975141077,1.2572190882273462,0.07248136042313319,0.09405987820930808,262.99610097815355,25232,oltp
38.45585239897241,0.388902880984029,3.1575615531146255,160,0.2237407189057687,24.706551543817767,1.5245256505636526,0.5055180385827227,0.14801210081199911,0.01899608281985954,422.9145868740985,12310,oltp
28.67136176518535,0.32556372532193595,1.701283552456065,14,0.17298346676744325,37.87007906476464,1.805218905604608,0.8775212724416562,0.13050653680835728,0.14933427410954545,1682.8440331079341,35904,oltp
10.206834528949905,0.09847808144282383,2.5800456486846572,22,0.18541311051322185,16.223262384935538,2.756939332751908,1.2890370572020966,0.022574521611504306,0.09228644915398804,1229.3578642862517,55468,oltp
22.98706550221436,0.12845600931427897,4.496915605160651,143,0.17827803465442632,31.00779122165605,2.721052640539207,0.3703665315270409,0.10210090611536476,0.12005728930473823,1669.3702756722166,19885,oltp
21.27610851435289,0.03186002973226887,3.388689164139172,97,0.17065449328743756,21.998172375545522,2.178917021136628,0.8200832887669717,0.12271589703268498,0.011017474604793987,175.79841247306507,45189,oltp
34.76005153607207,0.3811564208763733,3.3502105842331376,20,0.18392879840823256,35.220261818340376,3.0142863522383196,0.923169525703163,0.20077586013301763,0.009211185903443853,400.1172226973361,41965,oltp
27.928952403953808,0.3822892293770769,3.8440752171149883,171,0.08524673255960191,33.02800960864454,1.6983412134827547,0.5970416493560767,0.1464155266595495,0.054707834732281496,331.4499100896975,40962,oltp
25.733452378868932,0.21809008261734997,2.5060831916832176,44,0.218449253505207,27.957917956708943,2.1791863782758583,0.5650736100834887,0.30829216257303677,0.05523249605416478,1026.3365515334224,11179,oltp
23.27895376122857,0.07864931278152604,4.705988912509375,140,0.24834071965356758,24.52915986435593,2.950499830062276,0.9355488229982913,0.22803533753594235,0.12049819381765517,1481.241612808114,45446,oltp
17.0152608540524,0.05121962393602503,3.771694914620029,127,0.15906576871647315,35.32336945485105,2.068668648557935,0.25426743811684316,0.3324469492063436,0.0790081208753445,222.7528271052552,49364,oltp
19.79818683386809,0.4927955982565512,2.9623574082612163,177,0.19382331643877815,11.395598572444873,2.3737658861542155,1.1378585853777854,0.18571566681868912,0.09068407418606056,551.7914250393343,32166,oltp
30.410794903503536,0.23857681692766247,4.908899886600003,62,0.14323245025909642,10.419303489637102,2.3109774628522013,0.7813219468853886,0.49574160035108916,0.1280708951327167,1794.1179922743383,3882,oltp
24.605672584060265,0.34413523409799807,4.269369993439622,73,0.12355647211807869,27.432432421602257,1.852152527241791,0.7070575944275219,0.1850370003249811,0.05768706312040073,435.94416369949744,15150,oltp
24.8888700157684,0.4244086288981068,4.225809356053191,123,0.17195554986658834,16.277040336835874,2.135351796824433,0.6394340418090443,0.22913218070820562,0.17724490305673846,1161.9374363220809,7854,oltp
35.56275644227938,0.09611102492151546,1.166245897423666,110,0.09959772610332969,33.86106309675279,3.315185494487232,1.4567317125499755,0.15858283579454735,0.007378188518242502,386.3966241651087,25616,oltp
28.777541706609682,0.24082196734315353,0.34577828602050664,90,0.18500269597667413,21.64013543566848,2.697068797187498,0.5919529197238591,0.1600061084421423,0.1114839671474866,828.5023825608856,46128,oltp
34.17865365569641,0.21395722805569595,1.9940936135280574,19,0.22881198772772587,17.539257097685816,1.5200608219779377,1.3631051174269146,0.05520286586144052,0.11446555946406241,1556.1404869531045,38431,oltp
35.245795633560235,0.1333499169213861,2.5751158975746846,182,0.21024585120652528,17.678435416875686,2.165029651451899,1.4197636981033197,0.09433071619201272,0.1633337557535881,209.51929993172536,34539,oltp
30.000968768084874,0.03841702101149996,4.484027207536179,110,0.15409968738574442,11.677314880765884,3.132076056288735,0.22866146736992718,0.35093009703259737,0.05342545011975988,1438.7917369641875,43555,oltp
20.270052211385334,0.33342431160406477,3.5706621015966915,174,0.1520262508525656,38.05238395576224,2.394128437380128,0.9404092664641576,0.2756264070842057,0.03344773681651119,1207.3061347653488,22583,oltp
39.19912319086578,0.003369183252742214,0.07587196815295905,96,0.22454587987880187,24.855410624286414,1.831443079354704,1.1054315482015344,0.06660764907836147,0.18999486203086502,1976.8141610944053,56252,oltp
37.527183339935135,0.190739240191114,1.7623010274435402,168,0.19937103439870474,19.607098310443543,2.021622155898557,0.7637392140158503,0.113184126985378,0.0059027044811354795,1774.7503460541202,19697,oltp
30.15872809109482,0.4545695354709774,2.988357105782498,128,0.2493329332029699,18.41561605428022,1.879352181287497,0.816104519895091,0.24245123458039308,0.17964400699241834,939.643548145797,51416,oltp
39.10938509878776,0.22049453368766553,2.0836179469282494,171,0.14415405118307567,12.491443393195532,3.1778835651468778,1.2291914838070364,0.010921539239783784,0.0773024650420155,428.33025028632915,4973,oltp
39.011139095545154,0.49667688905879726,3.31409842455749,169,0.07712616271307932,33.30182444883326,2.1690754901419256,0.49796954711432717,0.22237312631909023,0.12965493964018068,700.4721295366714,33355,oltp
11.5004940893245,0.49312578467897933,0.6319898834901999,153,0.21920735669177027,36.729247490076595,1.5292882662496088,1.1776476653086527,0.06309705709998209,0.12343460045608422,1430.5815944393128,10071,oltp
37.01799161581651,0.32475011971302403,1.1030631935403468,125,0.12403179450375451,32.80112885040239,2.4152264164121435,1.0164576341394118,0.12234226456484726,0.18654092962596683,962.1393390856114,5108,oltp
22.063645288252943,0.1752217546034719,1.4471780844695514,4,0.24485369801747253,28.356012197700856,1.507638232705768,0.7273254298920659,0.10012941769964545,0.10492514587202105,1345.8364919227417,58924,oltp
38.30318557707116,0.027585736385099424,1.765271739482549,24,0.0752927740784766,12.429396283108966,1.6928003541928902,0.33543430395247253,0.3450252137300207,0.003457679532322855,743.704416918956,11218,oltp
15.432269755258584,0.45116590778515586,4.317734810476338,125,0.1212172759539567,25.417497393506395,3.176552662218002,0.13951531802914724,0.3345670280205976,0.12086317256586628,162.04684650361963,41192,oltp
15.58264027481178,0.06632356717431476,4.950556406415593,29,0.17302993698705688,13.464857486898865,2.0783352912597173,0.2489559104822956,0.40555871925050735,0.12723078098051657,1627.62390232249,55500,oltp
26.524620427584725,0.37825396469156847,0.10029239042789462,151,0.19726860920817973,17.290087810527623,2.844622830232535,0.8615897494975939,0.2165746905621107,0.16863059680928047,507.28884903779425,58321,oltp
22.773046545979895,0.4632056563381447,2.0673022436266075,95,0.14014697411530336,31.583094500774067,2.587341852059926,1.1666464828983159,0.10784315965548702,0.01873253777157895,1532.337368511575,30182,oltp
33.46438494521692,0.4671592598768954,2.1998685480134665,142,0.2474045288533276,31.709397676051655,3.1993488522890265,1.2701543538599105,0.39134520616500795,0.04187515854387898,401.0132550701879,56266,oltp
10.811215219279495,0.1536546007454742,2.842704276121025,160,0.2328689430807711,25.13264593225152,2.8465672630189447,0.7281133778067425,0.43977325725576855,0.06763258382259099,477.58385166044,8621,oltp
22.157005716915474,0.04480496332058698,3.121600564183009,24,0.12566160183139458,38.38075693731154,2.837726358520928,0.17796975143135213,0.44573017453756775,0.10289478590536716,1452.5082736279317,23576,oltp
35.858439932014136,0.10861447151496989,4.993684237637173,106,0.16107821544972503,34.112670624814456,3.1546200333174057,0.7341391785475838,0.45953519216807076,0.09767112866303077,1303.854539966392,20161,oltp
11.40650349022901,0.44666338390765487,0.9388358978564021,135,0.07998835916502062,20.56933871309102,3.2367846192214285,0.2698088756091777,0.3148429479608238,0.148795006270633,1197.109844438596,38219,oltp
10.478097216052992,0.40090360423487514,1.364680339143064,186,0.05313026625854265,28.556797201756158,1.7230687650621588,0.46302124795551536,0.12977821539043716,0.10544109692456355,1236.1401220357627,5236,oltp
38.43840047438954,0.3123646788697882,0.612881212225691,81,0.2049395179818147,23.76499923625147,2.8427504646810493,0.1495412456925516,0.47576454968086485,0.09055477187868038,1132.2297972725833,18346,oltp
24.38859002394338,0.3623942624260688,2.1955746297972096,39,0.1835607993451368,20.280674924146204,2.976207455272093,0.45340241491561706,0.06370215555087683,0.1299672587013159,715.8293249235616,42390,oltp
38.08940263066971,0.04062111775308386,1.0581769109352495,4,0.18127356068267714,20.493888169088006,1.9254220051381044,0.8986764565135215,0.09568196289195452,0.16891181119991575,1621.2808221794744,43112,oltp
25.119824475375292,0.3069635261701117,4.030574089579852,58,0.13951948983398793,38.11237701257759,3.139546715950383,0.19064827593829142,0.3011480204241552,0.04295919075948425,282.2174749373396,27660,oltp
26.421694150759294,0.3592204789287895,1.784845685237414,169,0.1938053186147179,17.05666066541096,2.43453096401504,0.5677112929600429,0.38519685435011985,0.1701200697547847,623.1957389923778,27519,oltp
33.74952211803802,0.0001431543533539914,0.2525530978335083,52,0.24347415859032034,39.642567835255136,1.77688206762537,0.9434458479204046,0.004274716212057161,0.026395601806954352,756.635965820139,21923,oltp
21.543275699712076,0.1149665603989532,3.367502131908701,20,0.10929488679765689,13.267187064611514,2.6394315899228378,0.15302828283817443,0.29387284484357007,0.009045648012278874,857.518474596976,27210,oltp
23.641655618396356,0.4071620207644445,2.4656885143211715,185,0.18133232791956744,36.98693643829952,3.0587329035786306,0.7326658986801056,0.03447172812715121,0.027332197580258646,1268.2698919844297,46936,oltp
17.48528244687216,0.2296348876885606,2.1494608367738617,50,0.19814447063430451,33.71681347030663,2.875340801667236,1.1451239050885527,0.3758096916748448,0.1984471161839283,1329.974839453111,54817,oltp
33.55215917335847,0.22023811287583456,3.7164924610331895,158,0.14280401751615607,27.70617517075144,3.3529322103020993,1.3664505373441678,0.2971868810607608,0.03819228141350291,945.4371337865109,55969,oltp
30.05385877859443,0.294458873622397,4.969953880887573,153,0.17870274671195796,32.96459562042672,3.488076806320633,1.2542612322381979,0.19558408221422996,0.08165917626443349,1636.9459113611576,34593,oltp
19.19581450435409,0.21955925724825248,4.494450530191062,169,0.08087318129602637,35.00669527885488,2.980691048204277,0.8506461668247589,0.2541101202470103,0.17330624838567932,955.1903974578315,34650,oltp
16.171844331482575,0.478785091283254,1.2991952662384425,21,0.1439098614241176,32.5557882150708,1.7911928484656696,0.9032512976149747,0.2009866198561483,0.0656773549087024,1895.7716369716002,44381,oltp
35.75568842155253,0.0770815008749603,4.911896454844938,64,0.1903309403460665,22.101398927897407,3.3667637981173417,1.221087162945587,0.40131741127177856,0.17406424986230729,411.0873193448416,9644,oltp
26.92800337191076,0.23736193414483375,0.4565328127333351,116,0.1214796041436226,22.120199053611614,3.4905232707673424,1.1672637731945852,0.1898970268808578,0.03781156281304881,1306.6092092178192,7302,oltp
17.856016326260637,0.45755753759489465,0.4442228251869862,18,0.19545063855618183,22.680689415814008,2.9874543458106704,1.4858709383317292,0.40947481694907384,0.09582335236259575,741.438120098682,23754,oltp
20.222017867447086,0.49220082739473964,0.2679603138580583,92,0.2092080959938058,19.65914748003145,1.5255093780272746,0.6870617552802859,0.24797833058250685,0.14331381714795574,280.9722953036403,45685,oltp
12.623792503483799,0.39157851111159075,4.6613533682335,165,0.13678963596694574,10.59474182472433,3.3423418625673653,0.7338521774851853,0.19470387471356304,0.15623325503590513,1358.9734629040174,58332,oltp
30.499568133625854,0.10310125575552165,0.23019377208558067,111,0.2080059895584062,31.19127921722893,3.3615847728745543,0.25119018026198214,0.45035098272946317,0.18585348674557894,1811.0765956220628,11976,oltp
29.73418207627771,0.11858704973617401,0.9757243209812005,32,0.21869290991257356,23.227590430224513,1.7418830706110313,1.0619458153434418,0.27622475100729676,0.047487944854107525,1068.6388152872537,46078,oltp
22.21868008001008,0.0033670935679254166,4.953549641603502,117,0.22571381647729988,37.461175552608125,3.223520082453905,0.4872238878435329,0.3289041373160894,0.14624930760911217,751.6602122184588,56245,oltp
25.82757587827122,0.2310877983445152,4.853319948815045,86,0.06492334448949424,21.52546558100272,3.461005052861121,1.064066300869817,0.2552940134885876,0.011643538429866075,1174.114946432916,56280,oltp
35.450907561233876,0.2690163985250281,3.188580038788908,84,0.14170799186379968,36.30521239517276,1.9655941545779936,0.2792636728894481,0.4032989510468476,0.11669335172553551,731.1578228355561,1799,oltp
18.376048614433557,0.14065105346344986,2.477564578749576,145,0.068453303193871,28.745576658713553,2.171818423596619,0.6477686734431266,0.36210812593059516,0.05393272168270653,422.0665381657963,5809,oltp
20.762754623012874,0.3405229065072014,0.6786417920613597,87,0.12721316796451945,23.86121228093386,3.4488271564952275,1.3963882840307154,0.00782381709985569,0.1755559723033064,760.2213599793109,23004,oltp
11.191871279736038,0.03833846999052032,3.2669091608316956,89,0.23402027826540184,17.05111354340621,1.742136901607136,0.5030049841796659,0.12083840484052283,0.1732069556229108,1274.3490566818698,37086,oltp
31.70554917135308,0.13479062513819728,0.841658822730908,194,0.18601977787573049,21.109865487159766,2.502375201029368,0.30802029777614853,0.19545765578749374,0.057482281799015315,1916.9472938962626,19511,oltp
23.175865007929282,0.09663827138692943,2.3332213323428395,8,0.09299974241335651,36.934342417846715,1.9375142660599354,1.400170280058334,0.3296384409377858,0.08848646465654782,673.8881704220094,18763,oltp
65.77863166829599,34.36521618688684,1.1023256470896425,185,0.8143960313773254,69.72126031152331,7.211894022565369,0.45384765975217134,1.846242236312286,48.74888633820753,1047.4288511470666,25134,ransomware
88.39261536834121,37.8343133183495,3.4137628306990395,96,0.5096615502988284,62.49173654856344,7.842112992999705,1.3831040759166788,0.6989304692483502,31.794888371017784,15618.276921841925,45147,ransomware
85.89876932590656,48.69190424250199,4.849032855003877,77,0.7762110871587713,82.89713792075258,7.425715121180154,0.6452062276288553,0.19521160949517324,37.4167444462866,1049.4400851845103,15646,ransomware
42.2838947396762,59.75121600931542,3.4570193305341608,30,0.5012927824580319,48.44707223106294,7.15495780990384,0.8352179635827258,1.5404765576358719,33.10016580256579,4230.821458992963,18831,ransomware
85.80264872728353,33.72493684310058,4.409400028873903,170,0.6169645521068738,43.719613740359684,7.991934319074578,1.3778300626985076,0.32049253531502186,23.421696646377107,17095.17735234702,38754,ransomware
51.596543608391094,37.49926928257343,0.9003636813043953,69,0.6702147785598175,66.0548552507503,7.383508395310431,0.708273180324975,1.028262608105674,37.440161690968445,3015.3755484241074,7014,ransomware
86.41303830710243,45.24455762231271,3.943237220473486,91,0.9115470046295847,72.45079426600265,7.337471997077632,0.738637733331104,0.8083155270319893,49.21891547851773,12738.446951919837,56004,ransomware
74.8146753300181,26.865880820567433,0.3821283321857821,170,0.9313869886117874,43.920081261279755,7.869852860803964,0.6257230781668531,1.9681906159248623,44.98325426302057,6953.582714363437,37008,ransomware
87.64653350700254,48.6238442483143,3.6226765372905745,146,0.5419294701799605,96.82009208566578,7.058835562709044,1.4554129117818613,0.10628338302125728,42.24446785058211,2559.4250962308356,45839,ransomware
66.68399850687251,33.513305152772276,0.03511051771523832,191,0.9129962321034734,64.82068966472401,7.24836127267201,0.6051396400712153,0.5283601191863203,49.10112036984037,5260.333766755019,19844,ransomware
69.38858792906845,32.267278014050696,2.2296731666782184,157,0.6199101755393879,61.07206025654304,7.556533737929924,1.1476255916743439,1.0857269360142476,27.19819623158825,13334.452915523016,59893,ransomware
45.83066258340422,41.73092082153682,2.295962692408243,193,0.5943919726276601,92.41647747175708,7.784572540806954,0.4728385858988753,1.0579649648821792,24.791360987180422,11067.102380586843,7810,ransomware
63.83116443652396,50.14573264275098,1.0856054911627178,170,0.9287759771419808,83.2592911012557,7.429830669300373,1.4441327610650325,0.9335279796153413,56.000902550562124,4388.585866511867,46956,ransomware
73.53284257210493,56.40421005278265,4.301898419022936,172,0.687703189966794,56.6018406574073,7.571652341701545,1.0531750049734203,1.2330084875121465,24.06843018570861,2917.0891262761625,33709,ransomware
50.646926838090856,54.21328984759129,2.2543443836694674,195,0.8587574992109568,74.79151135077296,7.180661944411261,0.7566171775867102,0.624420637071756,50.28545607452699,2750.9334242403093,46851,ransomware
53.55834666265178,27.670973531839813,4.064953869592468,81,0.7714059331846583,71.38380546729266,7.853130889820499,0.392458459534229,0.8216948315525103,36.93561036031279,7177.224643993722,3517,ransomware
40.03869877682375,58.53945506216976,3.22431535196195,170,0.7987428591767971,65.33544781852115,7.194233543443376,1.1466881726950642,1.8350323143534195,43.33813101949055,8954.02892016732,29877,ransomware
68.2699472492972,21.871464515461263,1.1932410806001315,19,0.5178706915561575,54.04554965592506,7.86799944346869,1.2998883639086922,1.1704180317005197,56.35103190370428,9897.243150286518,56453,ransomware
42.707466630850355,45.76233669425018,1.390881671451929,119,0.5007719436061786,56.88696777001546,7.471030288970668,0.6102363909800663,1.6452623304484284,20.71944901884624,8761.023008331471,1393,ransomware
59.99767864911916,53.45033572062995,3.934813898149331,127,0.6705432811921108,75.31911830894762,7.2496488992212615,0.5254983497430453,1.81695867991022,26.61315966182851,6011.047744659043,56467,ransomware
70.85983187357988,26.84918756413378,2.3887364405769147,25,0.8394380962389387,71.88842822485171,7.479419991864693,0.7949672045375663,1.2660070671870784,41.870064397595264,2247.7983881352257,43761,ransomware
51.99457778899426,47.5830529801587,2.1105743464459046,81,0.6969518916485791,49.621967927369134,7.026550987707054,0.2474502764657924,0.7348798119999975,30.82892062109837,8595.837178677812,12313,ransomware
74.61541013962552,57.57942915713063,4.091922615400383,51,0.7739417539829583,99.2066356051749,7.940257602108898,1.3710982377123893,0.18523534428416588,25.2528174775466,3366.3548611444567,39119,ransomware
95.8495526843334,48.12776355578243,2.8185502659209387,37,0.7415849266339125,54.84711162700545,7.678303365852092,1.0065371518078945,1.5160150062378592,43.5390143789565,7156.717059898222,55006,ransomware
91.33671370190706,28.785820161188532,1.3416989161303032,30,0.883433440861198,66.38097696294571,7.95345938505555,0.9732282813118699,1.2150366231918874,42.352616011240556,9347.447489535083,35675,ransomware
91.69661232292091,37.830073259400066,3.0539809835400016,149,0.6797000863010961,72.88599347384013,7.462872966233667,0.45291778881929134,1.8219741663096498,52.70096346123672,15061.927583228737,18144,ransomware
52.89731007112225,46.48012857165497,4.431192493554711,145,0.5705364741121981,88.86419035447238,7.451066201625193,0.8629893753507232,1.9263978392525365,59.82109273925491,14763.766240515713,5523,ransomware
51.900197111016816,36.97035641277403,4.391907897673172,57,0.8895347167914647,82.11581392090847,7.8635742851373625,1.286716440285593,1.2604647491693728,49.84010533582964,7606.016062349464,45768,ransomware
50.17578089651966,44.63414083135647,3.850067687288532,199,0.8456357937333645,79.88247858264444,7.7726256338428135,0.12381751350371546,0.256123705483587,26.869272480953818,3033.3937455162854,30901,ransomware
44.77485406138019,30.74640788647729,3.089265636026222,39,0.6908815769936729,54.37229990339605,7.265997733884746,0.8868872926443468,1.7309170002023406,28.776686093833955,4509.066170914455,54884,ransomware
98.32251213170031,53.88612333260604,4.101919523520296,15,0.9300673335611849,72.3809680135654,7.297038753988045,0.382735590269243,1.2832973537633918,53.91510270252748,14886.042468545731,5362,ransomware
49.90650247589318,49.12034927736736,3.653045769998817,157,0.686965781078934,78.03783891375389,7.5532324562542925,0.8270767102286398,1.9933947385191173,39.96824075940054,10226.150457298156,24597,ransomware
80.41867841032901,39.56419434681415,4.358174358149267,96,0.7139917393337556,68.84276903949917,7.960296901319411,0.9965102641841705,1.190553219026127,46.024185504171385,18907.62443819367,14489,ransomware
89.26081364996259,39.62449485537984,4.684685558414935,189,0.6997387208516365,90.13642798814699,7.379449639799317,1.1666993702787505,1.9123894509689565,51.950996855866485,3110.1025395955935,34384,ransomware
65.94748948938455,46.57110341167222,2.622006378075569,138,0.6514288418961264,50.499541625460154,7.368991030259217,0.9814687719591324,0.19073865244010424,41.33600333769851,5664.762181217607,35520,ransomware
63.21164785544342,51.50875472255714,0.7586408032276937,27,0.9285689981226808,43.66472173372504,7.831607719811523,0.7166151512881072,0.15740948240100217,40.14880591866596,10954.551255693876,9966,ransomware
46.08453401366552,49.660387904179714,2.7123018527438782,187,0.7464664265479302,84.9530870714569,7.728731482321312,0.9084293005982846,1.133192296403691,29.377330176348174,18284.373690114793,23265,ransomware
75.03086956781391,36.75945052384621,1.6178657485531422,124,0.8606049998839391,40.667693925295495,7.278184256245313,0.803649373360225,0.35431112798167086,50.937018510778785,2110.34509421802,28778,ransomware
99.72414527030746,53.19978069243644,0.5972303705873594,177,0.5110251829251193,46.81816145384935,7.355254674088712,0.47026080077482657,0.8828367451717383,48.5204818457283,3620.0619984433797,28771,ransomware
49.1141789779199,21.83990441336377,1.399051454326326,146,0.6647136194843904,73.39532634619204,7.388440906216593,1.4065267512716797,1.6995113309896346,50.5391800138987,9498.628119694324,30132,ransomware
48.175850004418834,51.61984177742928,0.6099593442765849,4,0.5906550561200297,96.0175725372695,7.927255167162978,1.4650098319901652,1.882045464227575,34.44697567210903,14869.251651556844,37559,ransomware
96.81453781110201,45.222626712502205,0.2442311636841954,115,0.7892937980828064,76.40474810161955,7.7643899690807725,0.1527469820579174,1.9818586307643582,41.974630023432645,12842.490881074382,51054,ransomware
74.6921590861918,42.612658136585836,1.5531985303156892,161,0.6136502410940071,82.11016112775737,7.22853500395148,0.6763794064716748,1.8303565378488873,49.111280734575985,14933.282115209988,38239,ransomware
52.36555323824699,27.484517715190325,3.4728694900540273,106,0.6628597781496777,63.98723872085716,7.081538761631045,0.6558688261498233,0.6650516532975155,35.63457533101697,9891.323449260228,17452,ransomware
87.83827473127204,41.20642153835048,2.5157365727530827,59,0.5490470020266435,96.5743584584095,7.502803443437161,0.17353647323136026,0.8680664218967133,57.68486673299779,8783.404255689064,45040,ransomware
77.53081268462394,35.49789718875749,3.786454783430856,113,0.673914280572357,51.4003247013329,7.340909289514218,0.8183917976865862,0.5968345223841431,51.032650346649746,11012.559723330585,11860,ransomware
80.80942323586282,22.640507549372884,2.8993667642901166,133,0.5896428166170026,93.63354599089729,7.927634630083654,1.0043729480212464,1.1646017216685016,38.347993663701544,9744.813909492754,53806,ransomware
90.24019079737513,24.436638521704495,1.3581238612254942,195,0.9154126499274449,52.838974970788996,7.800790204525314,0.9030092593650365,0.2563310563034762,43.856815973056065,10308.176673142973,34806,ransomware
48.948603875826564,33.92569626315515,2.1205493019001613,145,0.8677085719748215,94.58807644655704,7.034698959014011,0.9149889356448879,0.7209062497350365,30.67811606588023,2123.0639126629894,9089,ransomware
76.94106117361079,58.4330584803596,4.707660452956769,66,0.6160438662392812,45.16427110264188,7.641951486497357,0.924456021111454,1.7737752062339651,23.46704047569245,3360.7468884106224,33028,ransomware
49.03038459870336,22.937167377541783,3.951105278684875,137,0.7462732656710194,45.88650851480025,7.243208548742048,0.3334580886222024,0.8440015551938493,56.09023439147854,4038.468692505493,9784,ransomware
60.80921959280312,20.36476609662933,4.124868288388441,197,0.8613910670323732,59.47844345259761,7.73763797630077,0.8249378278155755,1.6299611842346144,28.281633524125237,7711.567797324621,16130,ransomware
56.0506529084987,20.345968437076976,2.605031194663046,22,0.6024357858584015,79.8608836043866,7.804069784878983,0.44492636362047444,1.8359071530327329,29.115108073093428,9018.926622913288,15120,ransomware
56.198724605437704,40.43630763405702,3.0378595151142522,157,0.7443160002729969,42.43989273050257,7.306943172437031,0.6206595721262527,1.0574273856478826,56.00628514215265,17203.711536493956,33882,ransomware
74.53221653204633,40.21168900980203,2.74284601982112,97,0.5646165630449813,93.04977293146953,7.594141908756899,0.5250738942401842,0.784370684238159,31.044968713911235,18789.829127491503,35011,ransomware
64.75681842590038,27.484333367273383,2.265641601143724,82,0.5117048080005099,84.2482310609297,7.572242687804103,1.2303700641748296,1.6696161005052408,33.48584582165001,3848.6942520832845,16223,ransomware
56.930097428196234,40.51037276497104,0.2565418302046396,149,0.5243517284752252,78.32886190357897,7.034552678354328,1.0924055225463971,0.6657873279241855,57.9387797492611,3372.5100547298907,42008,ransomware
76.94393821953872,52.6447944790234,3.1988645350673868,12,0.8774846169307616,66.39907338073934,7.8233229358173375,0.6288293587919949,0.11648250694483298,43.01568302301818,7438.148474110178,26866,ransomware
90.99875517511052,40.104719936597235,4.255448030624252,88,0.7037333959156241,76.13746152922494,7.029974370005555,0.9245539017497079,0.726453863782391,52.89557787371223,17454.32923139083,55808,ransomware
91.41596682248972,45.20276406948252,2.247379206837268,123,0.7050806043225426,93.45672564216487,7.582185329758544,1.392974028852993,1.5411423026373938,46.62017855934003,7979.002868227666,14365,ransomware
56.71952690695951,58.026175988738856,0.5213029577997691,180,0.6104591584531794,68.61107312375108,7.815646055980658,0.1789700964009244,0.777363501100014,38.27982858818784,11326.653338093036,48324,ransomware
70.5075850666435,38.01949623948481,3.840253627690298,47,0.774316598467842,71.06563032949252,7.0357012237959875,0.7770822809989395,1.3663711850826192,47.453459229804125,14337.384372910881,41732,ransomware
43.06683199493071,33.481131630964704,4.771842693920394,94,0.6255787993689317,46.51372756870775,7.867505906696497,0.7176674795246519,1.3007641294287782,28.01992844532632,17396.548547153547,26931,ransomware
84.99865529010034,38.434416800438626,4.2190898219488275,182,0.8311042433576867,66.7837488772464,7.669248627314948,0.1035333604536569,0.09602890714024404,24.014452200587005,13112.121058211109,14069,ransomware
84.552562961825,52.851914944124275,0.3666516080792398,171,0.8000455500289341,64.6235923761183,7.708937235101031,1.3102264544548183,1.2352722893125345,49.8088015032327,18223.286991627094,7032,ransomware
79.04014240283774,55.118495745605856,2.3763662538577144,42,0.8420971243877207,60.571457099874095,7.463230403152741,0.5538022455816325,0.8964587470577103,20.829972996912215,7896.232774389487,26373,ransomware
62.692888802394556,36.73325512140853,4.888193283434542,85,0.6204659051453377,92.48027116711623,7.34257763756586,0.7265589971779712,1.3771832807057414,20.98368287549253,6374.4166613886055,3285,ransomware
65.34105379782133,26.371115893450387,1.8862387756803978,23,0.5026321505191435,95.06494337547731,7.872205694557763,1.1255445028204656,0.9005794505230458,32.56944970925568,2183.0194433806164,26261,ransomware
83.05240312188081,28.546011774709534,1.0742073819406524,79,0.894907919684541,45.43097182979535,7.285730395695005,1.210350650244431,0.7346527353778953,30.66756391710857,9865.678678206124,46829,ransomware
44.47292376461381,50.47039199581589,3.7295218970739925,157,0.7115727157753017,69.66253223241695,7.732177681722919,0.793132367969238,1.043938491333797,57.446897013925124,6411.678557277,32341,ransomware
44.47960792621598,30.76136211887347,2.2143952576848265,196,0.7188171788173087,40.02592786559253,7.065870057796438,1.1170920236416078,0.1549283857133572,54.7003438369801,13590.1825719457,44242,ransomware
87.41905784665346,37.90793051050793,2.606186385983948,28,0.5953139524413247,63.90988424124657,7.236916996808484,0.5349586398126853,0.10541525507519789,48.1374971759333,12349.147861081754,49757,ransomware
84.16297606433831,34.677314732264634,3.3849968351325135,7,0.6015196197367361,85.83524261199283,7.560205439826637,0.5671775150529667,1.6636054410113439,44.96351811974726,9171.814458509209,11809,ransomware
74.32746827138959,36.64988040000726,3.9704689164355194,113,0.641826242536437,49.33103715111126,7.905288922076143,1.2191307600461454,1.600268924490447,41.74255770928611,14514.36470556462,13041,ransomware
77.43958068779608,49.06193721467524,0.732864370972135,77,0.8175518164125044,67.79360995014574,7.617067720656539,0.9528227494467288,1.1862897186944983,32.37569635261542,9420.309897806732,55766,ransomware
54.34456938819284,39.68615030975481,3.594146190182266,65,0.8019727236639966,94.46601179155797,7.995487917507546,0.967022198953248,0.38920354298867355,34.70735139630136,9988.005124662855,28241,ransomware
96.41719933822839,24.369048880415953,4.46984133513989,168,0.7960440202392645,94.79145872135547,7.085359031074147,1.33832824967034,1.8189975615336191,38.07031616001167,12738.65555358744,11804,ransomware
84.6193039735092,48.357398942560096,3.6105782275171276,48,0.6419769525934537,59.845575023361114,7.227257911622918,1.2449342761860445,1.7862654502685873,49.881414068535214,16601.191933470487,48736,ransomware
58.77020666156987,34.7985582396746,4.881104058425792,143,0.663063665145095,44.9215012057066,7.930982795615189,1.2836535469998966,1.058829651517664,41.63726341319787,16658.911680542085,47013,ransomware
92.45590986839676,23.228020040408346,4.385558398487315,72,0.6428044852477549,52.97265194751976,7.77680709627643,1.0055811446447913,0.6985212525892561,43.88697290418463,1334.4412652362905,31346,ransomware
49.038061400649426,51.434314026142516,2.5955260545867564,195,0.5036844097598943,54.65016043344756,7.777767995974635,0.5204195565518002,1.22395580323715,45.629525672785235,14904.406170080101,11011,ransomware
40.507621329914315,56.252763073377864,2.048819486080178,116,0.677857383174266,90.45763205214544,7.8433646820293,1.3199219550689276,1.7889070391398871,56.47449849995502,16415.613943778477,18044,ransomware
67.18428701337373,38.684074981548434,4.210918703383145,106,0.7842216808861265,69.79898228056018,7.511759942192191,1.1189399339561463,0.3517031943541107,50.58092884841457,16994.887372608642,50149,ransomware
65.40796847042866,47.7123055789701,3.6039126206140892,177,0.5373815678083884,78.8568253969776,7.064190171452175,0.8430968873974534,1.118443275910122,54.03975117736243,3286.1559631070368,6158,ransomware
64.99689724882889,50.932954645730284,1.8019902302418844,56,0.7249202967417082,77.3783909793311,7.76177371248513,0.6713750449383425,1.0998646418436884,29.558150112669846,8917.654844212242,31869,ransomware
89.42688391627372,53.76660504762565,4.940655071654038,44,0.9464068910309148,68.62985888360323,7.0057326804318905,1.2705274187906828,1.1263816485540155,25.799538386779393,16574.895533667146,27391,ransomware
47.62140251386601,42.92645340419034,3.979134674456243,35,0.9308865507148998,95.40634837243127,7.068497849326759,0.149195080053915,1.2162714782285722,47.185747510911575,6791.31000488582,19377,ransomware
76.87236935754811,50.78667711807853,3.0073326502861515,30,0.7902156326681818,64.0689920802804,7.797831239037187,1.2882129792047898,0.15129303096974644,50.10523347158141,1393.5760792184224,8229,ransomware
61.2318264242473,29.66610567545267,1.2108546921781342,62,0.6105268441835487,77.68321032570844,7.4272444370170225,0.1611878879522425,0.9400268558631122,53.69031435152375,18355.193423652305,14733,ransomware
70.31290591740209,24.962435288674705,0.9683021998551411,162,0.628675956737337,80.71791213472503,7.3555637709893915,0.12831444294921643,1.5401499051256131,55.14389676010687,10446.04160114263,50587,ransomware
55.719253769969555,56.56927046561932,4.97820132866008,121,0.584457422622261,48.21243984519792,7.405262694128272,0.5826552229138315,1.1434453788179249,37.29508331458421,1008.503992072259,49594,ransomware
84.6786861217688,32.01578530642537,2.2100386812157433,118,0.9084032384745231,71.25843456667988,7.6529262947346695,1.452996222396293,1.1130732519430506,41.50616935731301,7077.752867072067,30420,ransomware
95.63241869251388,32.781861801979126,0.9575722355191391,181,0.8146277124005739,85.74432478088451,7.376435087510753,0.4352156802555629,0.7034039792776914,33.07763859435699,4065.3631149793587,16187,ransomware
56.39365837332277,55.484077064751396,3.2675754872774037,68,0.6788573690690891,50.505305237953806,7.397851560148054,1.1673945992202692,1.845393848025057,55.606203138462696,3616.303280369027,51711,ransomware
57.59110638023603,28.35232620165216,3.7032687889218083,124,0.8002641967456814,82.24296099751632,7.767760243071908,1.13523265013966,1.9236445643041244,57.364685338826035,14242.553494982225,31291,ransomware
44.43183541271025,27.728188810627273,1.1507320850604112,78,0.6530115630505934,42.55475279589629,7.91634639734296,1.2101311685821532,1.617727437089588,57.29115074504915,4592.118932137946,36776,ransomware
92.19027547250428,41.09380705114166,2.6584890803304746,38,0.7943842642315017,80.31824193629065,7.146574334791332,0.714970356486548,1.3635951258071874,38.151058786752586,3441.8995818636868,48732,ransomware
80.40377089117757,36.98922321790141,3.7484463049148644,133,0.9059876854581987,89.09094857958166,7.88532375494088,0.2695346041266451,0.3362444145939232,24.069064298791197,10629.176891386922,28728,ransomware
83.0025616399109,43.89842600590282,4.404705499457978,25,0.6818964905692957,46.30910277389974,7.462372908600051,1.2351774886841564,1.021381475303916,33.21988674663373,19776.282629075053,58741,ransomware
44.71729900931402,45.65036763522984,0.30052914375399753,99,0.5202796972862546,67.39582021677467,7.309004966380538,1.4732406880137905,1.4783637484390153,54.15171873135855,13393.887763123877,41045,ransomware
62.16254339559025,43.10201411965488,2.754020675503038,113,0.6037776337384103,55.17920372561288,7.163584349236749,1.0012308754620982,1.0878133186462215,26.543474880840378,15811.946317769627,26162,ransomware
41.63822431545496,50.66959700797048,3.2063474157638403,109,0.9458479372381874,78.9334158623281,7.191346892974429,0.9642017930608058,0.5726639619535141,41.738754162410636,13997.096251717512,16617,ransomware
47.16924803859848,52.86141694711483,4.928139633955371,106,0.8051931155081697,81.96022377401022,7.859506163206491,1.1104269819025672,0.6051308563024143,47.207248024789806,3170.697467542041,38685,ransomware
91.83534122975198,32.81887229035899,1.0551009996755294,165,0.6740448440695288,87.38919264090313,7.901614670738749,0.4839437464441426,1.792256956873143,27.900076194544525,6731.418185452525,53599,ransomware
70.35906761309225,46.92969289197072,1.581505108285301,1,0.9159281243216597,59.96430648827409,7.984395940455185,0.24954766357693864,0.5845846566236022,54.819621816845995,6834.014536825404,23744,ransomware
47.28711079197861,35.34926160679442,3.342630303131014,172,0.6470153908469728,99.70280194046613,7.506975128532633,1.4684415411121208,1.0451378777551779,20.76606369444733,17068.793492692104,23151,ransomware
51.81078258191347,43.30445614895147,2.4588447570358496,148,0.875461408812026,89.51060399864228,7.978074104676506,0.7864364612816085,0.07213939071298703,39.61709366462422,11564.006202853034,27217,ransomware
62.04689233836223,43.59180287279007,1.4736125387963983,168,0.6884908073185615,73.271117727329,7.748317710061648,1.1766095667139138,1.0983863684176283,33.90672418979726,4407.278589829642,35224,ransomware
76.54042711615996,35.75798701369186,1.1739777306267984,45,0.5017667626171858,68.90203984096252,7.7881399300340775,0.5179932385304815,0.5528074391119291,32.5347175195658,9764.833772717031,43872,ransomware
70.83575109644809,22.236138715254754,1.664278975789305,27,0.8684884505670871,49.51582702922769,7.051849970593967,0.906745376373882,1.2994950986428229,20.76810089189433,4439.543878411825,8468,ransomware
80.55632553559673,26.32390435636455,1.9807407914368214,51,0.8530916447966463,77.77537089654453,7.6568890012712,0.7008144698455326,0.10582968716201413,44.35942409860958,18779.041574604318,50187,ransomware
90.62848884008622,20.386304420534003,2.2604769032762215,168,0.8973527650197042,92.09571722674043,7.758162882875826,0.5614165136885194,1.5940726988123417,52.60057358808978,14772.078135909043,55606,ransomware
57.086324216510455,54.43286960730457,2.3506572694063372,136,0.7940867239120868,96.60647391258829,7.737201002179472,1.003932080273918,1.5990671603777877,39.425778621088575,12912.432327264865,22091,ransomware
54.49832303300883,37.638770763968964,0.5777206968333076,158,0.8166210372533533,94.04732702707204,7.9204061303536335,0.23719957890777035,0.1165345777274478,28.491674727599165,17335.0705854158,46954,ransomware
79.07191091168073,56.937486395251625,0.016517195784536143,56,0.8529865593687228,62.03600862438003,7.1488303157430515,0.23558734343877202,0.7691747713754189,24.55507222343556,12305.393518788198,47338,ransomware
88.69471549791436,44.80874619619094,4.759784936615581,11,0.6633265562688992,59.37086538307592,7.379183687066787,0.3177712750691887,1.03910618409527,27.086453406824454,2610.125254058462,49614,ransomware
99.05080865908656,39.10821497102323,4.341253526106973,163,0.8516856702291814,46.589188312532784,7.286571768898938,1.0291365985861345,0.37086009021847977,32.34536189398842,15499.170942973122,42488,ransomware
62.254073516172554,55.96641305212195,2.4712622747011777,40,0.7207368230140607,89.06587313360191,7.486459675268221,0.4661862547089064,0.6501337877414402,20.51319867972683,12858.812069775659,2794,ransomware
93.66188257761121,53.24649902894312,3.145117336075085,14,0.7730898078320154,74.03615097341623,7.74708884586465,1.1124701423564738,0.42536282685964144,38.00158192396618,13155.652320934825,31956,ransomware
77.46178722956572,42.96057234276775,0.10108747707650356,163,0.797149719960111,57.77873502777429,7.244780740816985,0.46052985785885303,0.21758374599849928,56.74227658046474,13205.196409454138,58480,ransomware
68.78626974558907,22.96642954551578,4.925671459056916,105,0.8918601349267696,81.97984956533273,7.514492719879494,0.7535101766613349,1.8430260124566449,46.91488477697556,16953.44826722316,20856,ransomware
70.53808742725488,35.681565151656685,2.670744833995423,170,0.8056377334255445,71.66623693732902,7.187207787108605,0.9058109836052989,0.40202470575091453,59.338936195776654,9244.601506516496,41956,ransomware
40.55958915616746,39.52798314559445,0.9619416031358924,103,0.8695288918371039,50.11372160502718,7.255014402241817,1.1240104010310472,1.595180749132306,31.000222443473326,13188.975221633835,29267,ransomware
86.55680481331245,51.23965349919348,3.541375419155118,169,0.8699069019214319,83.3562046529861,7.059875453711676,0.6325144338228362,0.9646048390399999,50.83260865813095,9417.710166792054,47381,ransomware
82.09789828586473,47.9091238714597,2.4647322875648743,54,0.8126524815478371,83.09690539815747,7.257525537946055,0.9077694824039199,0.8796902189494578,40.76099697848723,6592.153280600631,43141,ransomware
73.65171894075989,46.695112391473586,1.0383643480643183,167,0.8971654546494423,59.21861598047707,7.400130350994977,1.1843686831339482,1.1376665035549642,33.37698529336183,13098.6820429484,56195,ransomware
68.15461093503556,58.18561395908671,0.18234545929854296,54,0.6284738508664611,97.32080239413989,7.063283765408304,1.0190805264869052,0.6435863908433861,59.80643474878418,6092.074696253654,13814,ransomware
98.71536379401064,38.446466301351265,3.7125992925509115,14,0.8102167511429952,55.840770220516376,7.3697859235837395,0.3095167589184122,0.5269513604415244,42.75017849477302,12172.411778833726,31001,ransomware
96.32135388126372,50.40184578277189,2.300065274514283,115,0.6621447848264048,95.97571215332454,7.760240414707814,1.0120237410421642,1.343043300085246,58.54005077208451,4266.494980746236,32281,ransomware
88.80310066419113,23.309598193599914,3.4990138247290155,27,0.7955066875988115,88.66371243619594,7.189660140256195,0.7405332049417469,0.3880515494364447,45.543283172195146,8639.804481132378,32476,ransomware
94.75641817400499,45.909843682443125,4.311509373127724,194,0.767061047673528,46.029838455578286,7.410111838439132,0.8718051851387859,1.4558861810710768,50.049913448214674,13970.304396695661,54154,ransomware
72.34752410348244,56.709251317882526,1.079068024690305,126,0.5384394170347846,92.0164523195175,7.850400716217072,0.43029068645636126,1.8193674862915885,59.76263237597046,13990.480660519017,51670,ransomware
44.03790224408248,22.978910386512453,3.254279830491007,95,0.8210518027006506,60.07761570703099,7.259206106315063,0.6840638798750373,0.5832212462540569,52.48511266921589,16056.18391716168,1903,ransomware
76.41108884788426,45.833417421648406,0.702514410530542,131,0.7192857389332397,65.25209459479984,7.352808899653692,0.1213657825958717,0.6796292365661369,28.242655249768568,17423.744437321337,8012,ransomware
65.35668413947607,30.3797230535436,0.3617536210059741,68,0.5569576462110286,60.93243057066504,7.062973877161525,0.2623417016502797,1.0904374451908834,50.48407817186329,2463.776384162925,16826,ransomware
62.86799161697084,56.696805863327356,0.6436920699106236,103,0.921551807527007,41.635833827585756,7.687026223886918,1.4624190460467676,1.1824223217341168,35.78630871282644,5078.8092356600755,59645,ransomware
71.75778438240735,49.505145217195086,4.91566291427363,56,0.7044211155944192,74.427789476471,7.956613578100021,0.5234298170100893,0.9738612246259906,34.56624802365933,5986.837565312081,15624,ransomware
94.7410878506434,28.886351466743527,4.86083476741968,139,0.7539682818052836,48.29108528540271,7.318044373731522,1.018695256745193,0.07106449104043411,23.370860871545823,8613.377423638956,3658,ransomware
52.414805603443284,42.456226456565076,1.2463627589076476,106,0.6449243413555806,44.139278724911776,7.470346072077994,0.5992753783503824,0.5882560255004343,43.01689074665589,17454.096838921832,51757,ransomware
75.5066065205113,48.968731795956344,1.4343177765761694,158,0.7332764943873513,96.79835809934218,7.06408861285309,0.41730345639734934,0.3687974120325932,26.728470362516084,1727.7877974196467,58277,ransomware
57.47230111454406,43.25901575763425,2.141209972602853,180,0.5236998382607624,86.76398815431062,7.432957158996681,1.3864270201235107,1.2760868107413699,23.052406739338423,1480.3387814704627,47669,ransomware
93.6627710940715,28.05045538037127,4.648794773197308,193,0.9268542054285591,67.63713623693451,7.26642091695872,0.706079618261727,0.7060764657221799,31.615382217867193,18310.90532606601,36578,ransomware
64.9588229136385,54.151323828549444,0.5570739484622361,136,0.745844439531671,74.22118911866795,7.171516820975249,1.402771309238864,1.0079330647313733,35.96552187829687,10304.033565039414,28729,ransomware
87.55072902488959,23.0764451608,2.5454088342580246,83,0.6892332157992873,69.82458183675192,7.652261761179827,0.6229037722710105,0.7713547143198864,38.03690209053336,14502.247418553829,1750,ransomware
93.23488499724454,58.197361017074726,2.3325230984873673,182,0.721423993877799,82.92200422959915,7.4055338878310915,0.6707486169050282,1.0869084256700854,35.433916774202615,12412.803988696836,30368,ransomware
52.89103224120444,53.92536246660553,3.7185037881334146,112,0.5795341796212521,76.16886184713373,7.967890212008722,0.260289227995259,1.5602032325241375,36.629243483311804,6686.392944383033,54602,ransomware
57.842353096732,57.57021190317508,3.5392922139992904,141,0.6610194608376636,69.85951191139002,7.390629670077207,1.2452784366743583,1.0866993040798236,53.20952869014148,7839.1037088882895,21252,ransomware
52.47103763057579,43.36849928301452,3.6463971220498874,162,0.5573880439622475,67.06438287388643,7.603967802453786,1.1416966126570753,0.7766049560343122,53.80951056819472,2057.8523442310334,23752,ransomware
49.87518819254558,33.61280825990993,2.2282747687071307,191,0.635248958849748,87.86725399172926,7.092088379004074,0.5748655068887591,0.061248181261247314,34.33622327517892,12947.055100828149,46427,ransomware
72.80397240734132,22.776805372339123,0.21433382607258078,71,0.8462623359015979,43.500330710088036,7.573667929538952,0.7772927750327271,0.6701291125555031,32.22355126053247,2100.17548321695,15743,ransomware
55.17706242129613,49.2010266515113,2.832209473233926,21,0.9047373319338404,84.03784568678674,7.481069366565049,1.1078856353133428,1.1306677024187168,31.16460761034221,19144.640824383565,27950,ransomware
77.22682387635237,43.664406296643804,0.36690375799519725,162,0.5763919837081376,80.0775382449379,7.039445525893585,0.7408591080773119,1.447802210998983,47.02417432583848,3627.970487337552,12783,ransomware
71.56585753085356,20.929101788523184,0.945772976811553,152,0.8246310670781035,70.18870368967406,7.529589915904922,0.7672637573401364,1.8602435969605258,41.78133251505045,19447.084757513145,12686,ransomware
72.62396314760807,51.660606782773314,3.5459020705407602,81,0.9015145733333727,94.40246752588595,7.765446081096718,0.8314798741439313,0.057942524798352935,43.136101596307704,18157.770761798307,30819,ransomware
92.86147193374157,40.32240040115943,2.838272088720407,48,0.5572396759035916,85.86194198333408,7.52699959380801,1.3666162569236608,1.8324442844246485,37.923444612861374,13287.737206974756,42225,ransomware
70.24299612758847,23.290711901701986,2.0802761143903403,134,0.8734930961618542,95.4660958272249,7.966376381864558,1.0928573475355874,0.7356377828977321,48.977394384273666,3809.7523541406913,21236,ransomware
93.07324232579602,57.452497550945964,3.7508996108343746,60,0.6062279663747329,76.89884678010712,7.52848213574182,0.2732789908385268,0.11912977841881989,51.69270662074338,12034.001824378642,10006,ransomware
71.72558054766884,54.223732555125636,0.7137262781992981,188,0.5086698478049599,75.89337257352337,7.1161945663154,0.34275223397531285,1.6862475707825335,26.938789744573434,9033.884752994665,40353,ransomware
48.090760984504186,52.85447319791872,3.30969150275838,135,0.8790507703105479,51.598720977723296,7.03648531186248,0.5544088601317684,0.08653523409275454,25.999752574568852,17496.22995929968,53096,ransomware
99.09373767148053,44.266091829309175,0.9427585633582447,27,0.6524588489038415,68.9169172221166,7.9779150384959925,0.5794774406149756,0.010683179198649695,24.849093154449726,6470.86903002235,57312,ransomware
81.46155850107843,52.49351072702212,0.7853154333137252,5,0.8387798886217349,82.72496734040051,7.536957474141332,0.10401022102699763,1.4584074668273967,51.31457079426937,10190.777366212558,42323,ransomware
45.25940657469339,38.96201476256671,4.255712151421429,94,0.5707889376826758,47.508272454743846,7.5216174944213,0.891524379261315,0.010440133608546676,35.3153615700281,17715.372897121706,5043,ransomware
45.51424553139987,46.14811682600994,3.372535215271013,74,0.6664572276392668,91.36862328166119,7.936951301816426,0.543810654036619,1.334914501386684,46.86679223481921,3259.544581993048,7952,ransomware
60.18366488487534,20.833195290953487,4.436684048540924,26,0.8059508935502692,70.47565195805653,7.740747034045888,0.10803378566406677,0.45970920545982463,57.87636176951532,11334.982740941592,55042,ransomware
96.0457276635439,33.27538580359183,3.8178849917766295,144,0.7210478623945756,52.063448487636464,7.993929220043913,0.5859180280129331,1.119301414902908,23.082606812957586,2727.1972318122134,35246,ransomware
57.030577581133436,42.09948008625939,0.6886199226184087,11,0.6001942693560102,50.43002481202258,7.623911848351478,0.7851706959597854,1.4104094130015126,49.2158153372873,17712.645175259728,45767,ransomware
96.79511428883728,48.665599408065894,4.00542862090261,66,0.6543191992660373,94.34402154703986,7.501624273685993,0.9382404570577209,1.3499181230227109,38.00466035146951,5271.907813988894,38527,ransomware
71.93545348880747,52.45975737861231,4.589654805395369,181,0.6314176408539499,65.09171758032761,7.786649628632669,0.9372101102398329,0.6642411044018963,25.75198533382394,18385.566946066276,30814,ransomware
80.18437193957637,37.61602888965696,3.337639138500972,56,0.9492767703056738,54.35759368885448,7.923326009146526,1.0965241322410864,0.969221982637988,46.04732692435611,19193.930579428154,28044,ransomware
43.85372089857823,47.43635860365144,1.3023894798841529,101,0.7403291347046816,63.17524827076659,7.906978346146781,1.3566066793003908,0.6976110119813286,57.22746527159099,15336.933904710348,38101,ransomware
92.31869086619727,41.221873846863744,3.011875313644798,70,0.6739095221309475,72.15393938318711,7.952467703967203,0.3696145860164394,0.7754828134795226,20.585545361948494,19288.322379352816,49979,ransomware
93.56322369326568,54.256756402645074,1.5388261599428472,137,0.8455517371571719,78.76817136513174,7.639958181389667,0.2369292317732544,1.5435720829400847,37.93143159115373,16640.38524691845,40401,ransomware
75.17184113021841,46.751630137767165,4.512603484155331,125,0.7735901848833537,43.89087069683437,7.933087622884317,0.3736154408039385,0.7516068034679508,43.531905563069635,10873.906773016342,26524,ransomware
66.6682309361893,56.75375986221637,4.433306508118854,112,0.681939767145165,84.21395614315648,7.255700179257707,0.21601138223702,1.8728929938042445,36.08723086492877,19070.185250346,7023,ransomware
47.74247428228931,20.907082713735793,0.8438000148178681,170,0.6283144663553988,45.855177302298905,7.834308044338478,0.1519415415634359,1.1854416234034661,54.95810902753832,6739.199307482233,45951,ransomware
46.43364523980299,25.852753370236393,4.105693801792439,63,0.6287448899218238,73.28065072453626,7.723148761473785,1.1608025881291721,0.3750810317241562,52.95461001825738,5961.82583378487,9166,ransomware
68.03081405781988,43.235114043901504,1.8295552618618305,38,0.6413190318093239,83.99709360112556,7.40664854686057,1.2499891061741755,0.002229361935468077,51.4595475963272,7335.713790222785,59772,ransomware
68.59105590393492,39.453725741813756,3.2851972641135245,110,0.7813932448753068,62.65705679418137,7.333614690832502,0.9119246578586366,0.34052410518449805,28.23080608739007,12118.741889506073,37303,ransomware
95.76077646870903,58.57806692888857,3.6516102366230037,12,0.7941771648129751,73.52215553545541,7.857403025943661,0.6861804996116827,1.159778024500863,44.005063572429926,11122.053941888122,9327,ransomware
41.26175315658884,28.91569648416073,2.274641978455569,87,0.8175952333481938,93.11221874682857,7.836602152548697,1.2010129624152655,0.24666975156589332,28.939817645202922,13676.174544463951,56043,ransomware
99.40502863809456,42.50077311850209,3.554627254435976,184,0.7861935831918193,78.95035106020457,7.463956040415471,1.487862237631237,0.6738585987622183,23.013679243850476,12992.377583534035,16500,ransomware
60.665228643268925,36.953280148143804,1.0120228862069602,95,0.6069130324984134,76.07547901202122,7.275115791871924,1.2589979575614108,1.4157472598292278,22.0919681126757,6204.996874603683,8206,ransomware
77.36493365843765,56.63508029884413,4.477528613029118,89,0.6888779116071577,41.336669901646395,7.348095910472117,1.1414315173059064,1.7293823383490963,59.735047562278794,13168.256592851172,14382,ransomware
43.39887637170809,32.01477286041904,0.23612070115210104,16,0.7692225756338019,94.04890862431043,7.972926816912851,0.3928577911968232,1.0162981953055152,24.470162226659422,5904.684854972696,40379,ransomware
97.52112296885593,49.74532999924453,0.36684764671115755,62,0.9380789492402575,79.87412623838914,7.987728021768543,0.8560556412259049,1.3655777844705739,20.434965747918653,17752.55345820288,19115,ransomware
43.24279445487385,44.014516580137744,3.9548882525964575,63,0.9199460436792501,92.25857250632505,7.094973199883387,1.1662440053851992,1.0688905073283717,44.68972618455341,7240.288494703607,2648,ransomware
91.16362827726792,42.475155112425526,1.3000650248817935,77,0.7619702608236472,68.78568588317565,7.1290677305395045,1.0574277272001278,0.451658199651203,38.36552288701131,13170.15766980989,16552,ransomware
59.668388449892845,33.05341079093055,2.4047789445287626,176,0.7734604412308483,78.44058833961455,7.694351015792497,0.12578174487721608,0.06143859227742832,46.25560722266508,2490.853508582338,59152,ransomware
95.87454599995597,37.58954868755997,3.7117163088725413,181,0.7941952430219028,83.31833366707045,7.222310637834758,1.1716099186807105,1.0488791009430978,22.11999300915342,9637.489560459977,40372,ransomware
85.07757878809923,32.20037448619207,0.7657022293628463,16,0.5097202317789513,50.97589973730949,7.653265318527077,0.6736429605936509,0.23511789034043984,38.49320474733237,3574.093884254073,7882,ransomware
46.603296941945416,54.634904210407264,3.4915226308878635,134,0.8028562549502224,58.68922865564497,7.3637207942002165,1.3656527197332176,1.6584465781721582,24.355030982185394,19250.05612724533,29082,ransomware
47.94939302489961,48.98583924658754,2.9330071669490794,18,0.776295909700322,70.27818529753658,7.62432740118874,1.1827397298730606,1.2642718130815311,57.33931969019646,15859.086471182456,24617,ransomware
96.92885665622491,24.170091235008186,3.6025305369945264,48,0.6341302689031456,66.85990679606999,7.7410532847561715,1.2803461854012357,1.1392497404061595,20.629904443563035,4884.85445672452,32665,ransomware
92.06774162896176,24.07846796506405,1.940610995158707,71,0.5565724996767855,44.98410161086895,7.92770237707346,0.9141186669011958,1.3873253132478796,44.15088686723796,5514.30140665488,36644,ransomware
50.79566617140665,29.07827317460925,4.146348580307324,157,0.8966809946061358,96.04360014784352,7.826711479214243,0.989224417008916,1.7580814249888848,22.693458034550595,18093.517380715086,35017,ransomware
81.78154040759532,48.320839412892596,3.973465283275724,25,0.7499535728256463,64.62032541924779,7.939133106039108,1.1357987821496625,1.7805100733697408,27.314425726307583,13198.37028997431,52837,ransomware
70.63935159097747,48.4843428271447,1.0123979547215378,2,0.6518427398406953,40.74883183592284,7.892237767728609,0.5261190881580708,1.3609197366781547,27.243704470985634,19716.238571692582,2087,ransomware
62.241596047835515,40.408027155172434,4.047156968487565,65,0.5806103123904427,44.91297833824828,7.6977052888514175,0.3676876239539717,1.061072177344689,52.75093492264284,8002.637197160294,8867,ransomware
55.50433036865445,38.664192453973,1.9342479766715748,109,0.7126157202485595,63.38287941197089,7.868426901498686,1.1182297831759294,0.5678215333499226,37.885814140748586,5800.5160463883185,28109,ransomware
73.82581137220502,26.952627720331357,4.98266441100212,129,0.5878670684405606,41.85127362104977,7.127692304199847,1.3378517732875332,1.1524699166561063,27.99261089527686,3817.2011371081444,30244,ransomware
41.378015759493536,36.16857824340779,1.5813302858729577,152,0.9016456388289145,55.69089706292259,7.474043587853415,0.2453775845001469,1.211733505837323,49.182029171904375,5650.414099798857,21818,ransomware
80.90669201128131,30.076570172490573,1.3870624966404472,69,0.6699628462784508,86.0694419192427,7.35463415019928,0.7653707586937751,0.35499953524074,21.95159818619258,12017.77583894044,23267,ransomware
69.33640736182369,43.683014415271586,0.6848331772648003,105,0.8273573750095672,50.2719239219751,7.026205334415484,1.1384962655531399,0.8289378170378041,43.984243123783465,16267.348680685658,41397,ransomware
85.06373368219145,50.68631168037118,0.27152583756774595,175,0.5756349904371827,81.47438023070359,7.662762671749243,0.6358147386761434,1.5231986520407592,23.463592518341446,1788.8417094821532,16081,ransomware
67.62187832029012,32.61042370668927,3.586417333262515,103,0.5615304404311586,77.23767319326313,7.023251139588508,1.4342489636480982,1.7026004779020003,48.859280861443864,19192.94824724229,3416,ransomware
59.50062276758698,46.51906786315197,1.6577170891879685,12,0.8489564819781104,67.03331148080937,7.259541100100652,0.8337090806206242,1.8990287423659697,49.22042498319158,6320.06360363025,24384,ransomware
59.05156277069701,58.10795829667885,4.19411165916028,192,0.8562684535137837,84.02012783765329,7.048859213989119,0.34136651571171006,1.5491470420212063,28.12697452448866,11889.715112447453,39841,ransomware
44.7374695575039,39.64959981389824,4.20720502824107,152,0.7841686245482853,73.7345431233174,7.973170002817581,0.3175043345783516,0.4089036029917039,55.767165368393606,6397.531062797995,31570,ransomware
42.7650702825068,40.89096922936412,0.281193245799507,87,0.6334087825752389,63.31531881578425,7.052567383699945,0.2432805420441779,0.017510523804944222,48.51487519279636,9760.058028312096,48342,ransomware
42.37951860787659,50.21248889287253,1.1050740489646005,149,0.9122444517881437,75.30533919432477,7.889204586638696,0.35286202350278406,1.5421702100544616,34.66029610605049,16612.539184107693,9823,ransomware
62.8941735059275,32.32366204220653,1.5552476837090479,74,0.6231493802698487,41.77095956219356,7.749531520314601,1.057339089437663,0.3422330980928001,28.72671151622704,17140.568802394308,24400,ransomware
94.06273132470969,45.17985055031508,2.70978777452184,143,0.5438964449674434,74.35912158629475,7.8029739190455905,0.9427124215231836,1.2563712763903998,28.039436574119875,9220.482372995764,6111,ransomware
98.12525552424601,40.16093400093411,1.4213804097022964,52,0.5842187818057832,45.275900351905804,7.863030518088755,0.4954540368131156,1.074552999464976,47.21767717721812,1291.8571096431824,3969,ransomware
60.43431652282608,42.23327524358214,0.019141854635340017,29,0.6200649353236353,91.75539154047792,7.35453705226737,0.2024612095312907,1.8332136448000707,27.799043641775512,6360.896186743973,25154,ransomware
74.48332175662644,26.858588964327662,2.1940214844384314,162,0.6656877935104553,94.8199874284642,7.707098626793711,1.4230304752658658,1.6007163756549274,24.92127670984935,15899.049968937552,21708,ransomware
90.54766475992128,51.12014558143022,3.7773958210984433,65,0.6643796955637696,97.92487160529245,7.601659111203752,0.7453758773653624,1.0670095092346317,22.22495056757476,4334.525527607833,37840,ransomware
40.22230389370395,49.71632775649613,4.3843918507239925,135,0.8529746888261555,71.25772213511915,7.897476903445158,1.163964078040237,1.5943647814201083,37.91576559221195,1850.3146596574536,32525,ransomware
55.89818402716506,23.048141029585388,3.2075689989929694,122,0.7076545665105534,85.70835504923822,7.5461635068202915,0.8701003568204063,0.3773225342793056,50.21617529220825,2516.7636818009787,55919,ransomware
56.5716034431895,55.2447354918671,4.659975742077252,93,0.7580653686165719,78.2548726495958,7.575120694095483,1.0576467228406714,0.15855741548951907,34.33391178957313,9039.65913254967,33484,ransomware
80.95326827799761,49.62812346822706,4.758721356021089,87,0.6755655273223213,47.14523649992133,7.6638285291383355,0.14089405169427244,0.78658705734749,50.94368482131947,2708.7521270862408,2264,ransomware
87.18998995050495,26.803712583025415,3.3878619456894192,58,0.5031593548757526,45.250384618891225,7.21387541470757,0.7088809504197758,0.4538600433219695,57.6275082271197,5042.541153170152,21240,ransomware
65.37340905092441,28.298999115749233,2.6368449862014574,99,0.6079595707520057,98.45111573212805,7.23773617770364,1.4846494024064256,1.9624882308572764,21.664657516021187,9925.082648324551,56844,ransomware
87.17656879287156,41.151683371708195,4.622473297036981,32,0.6173261161833454,60.51325282254028,7.275206361019629,0.6214317674093833,1.2098780248257321,41.13615393955608,3514.600159138318,23464,ransomware
57.554348704018736,47.323020018270824,4.702390432820263,63,0.7591619300518675,72.24372392986797,7.024595526328425,0.6414381017704688,1.8925713503053052,40.11025600292729,15442.524033250835,27692,ransomware
72.43613756937297,43.25725823457531,1.3728691808698428,132,0.8489968126962213,72.11000816857171,7.514373887345992,0.4799040729548709,0.1845139561359037,51.91734015179987,9114.300702159493,53119,ransomware
52.582055705522805,23.973206655588278,4.390420043494016,152,0.6235972611444434,46.225027496225756,7.625189409274844,0.44825379913860874,0.8349892472859153,37.512476974780924,12796.21410034101,17865,ransomware
44.13243188829333,56.360157713205766,0.9011425206696122,73,0.8447823457018175,92.22296370649299,7.412150127161895,1.1312246336767795,1.2022248325071092,54.2359514822309,9883.618275850606,25190,ransomware
69.29505264272443,40.05663513211054,0.5009247916023762,182,0.8696758721202086,71.88081718120229,7.821245791714084,1.3153747085209526,0.08345150211234542,59.795155441590225,9252.83288099566,52485,ransomware
60.13517724930126,38.47203857068414,0.41626634058668566,133,0.7957359487762117,91.25511889755008,7.692205537134857,1.2864650385809437,1.155696647798853,49.14277225588798,13346.44100155925,21087,ransomware
95.52785446897849,50.281023648247185,1.8784503797214165,126,0.6292690605676192,52.49225145954543,7.569231856204994,0.5322789793518026,0.25810377282991026,22.467538604602613,19555.998554823476,11022,ransomware
67.29994167575607,51.50399156174239,4.168789993302348,21,0.6705689006663609,86.02672007713213,7.758353657395727,0.8418222806841794,0.3160312446827782,46.563493353691065,2629.29301903992,54530,ransomware
54.51236550080044,50.24466532959123,3.9867582409781277,105,0.5339087854669095,49.11846358218649,7.246237072081758,1.3735573217638843,0.6843976603218558,54.23815574813648,2070.54394626026,51211,ransomware
61.86142445218351,41.156873088443845,0.04356400039330188,147,0.6140857156852759,44.975915346541186,7.256182479649451,1.1372775263580475,0.502999981385986,29.849658884448957,6893.247927863031,56558,ransomware
64.4303460900588,53.14170493191626,3.9971390374633513,62,0.7088087974668875,57.438488203191454,7.758406177013475,0.5174816160194641,1.2009397543010145,43.19070260493541,5128.696199263719,28439,ransomware
42.318128073341384,32.696180345216845,4.394717216355374,105,0.7242773553338863,70.49579542390684,7.8171322830268615,1.4152963691104992,1.6667444265075686,57.29333067961217,14063.333856931273,2533,ransomware
61.797796975786156,40.998627757934344,0.7726750533575888,187,0.5444168047002096,82.5304405495561,7.645049920095796,1.1904208808829837,1.4707515320721065,29.64079581801895,13835.114310345201,52308,ransomware
56.8104880204902,31.233611410978185,4.6236312697373645,124,0.551483739488282,57.38347069505464,7.503211310204055,1.3538959001281705,0.010206211640672258,37.78204093066881,12798.0258333306,18005,ransomware
63.87433180824712,33.106632699784804,0.2869094281689527,75,0.8604346453172615,61.921838976104596,7.67023613815712,0.5448837977014361,1.4551673322976453,37.40250525600887,7294.693521756058,43006,ransomware
66.9890680074776,59.261090464778505,2.9185121991335294,116,0.6805821047691979,44.15557916554239,7.717918684378942,1.2496483806657652,0.836795890846223,29.73753855209069,2873.7737350115444,14935,ransomware
63.56787841635312,51.196964204592405,3.5732783485251387,162,0.5021840576381125,67.85667401149172,7.078962914559991,0.3568077771238948,1.3119673475390035,35.643318690648535,11736.881042129586,15539,ransomware
84.08390055490761,50.48214602041077,4.26463196522915,41,0.6624250400507021,88.1892756533727,7.53994277009728,0.25808951827845106,0.23589778864659672,33.776885769144165,3629.454721439969,56384,ransomware
43.32583950096777,48.995326037696984,3.8859468651824205,9,0.5823602543104989,47.128765746344484,7.999968800232645,1.2736266585820644,0.09682513290950467,26.52263759700681,6431.946916698222,42401,ransomware
41.52114035803626,48.0906612503432,0.8547931235172468,69,0.5827579950408774,46.82482377351551,7.445427815589059,1.3922574050982597,0.693324674609135,58.31560243927925,3694.5848563468257,22383,ransomware
76.85625101629913,40.388218231628386,4.318122203606451,49,0.6071100971143342,42.614979641133466,7.776534736735674,0.7825973655844988,0.262145594327295,40.12687962204467,14021.738973730247,12784,ransomware
72.82854009169833,57.79510227160352,0.4862313503546112,127,0.668576862205438,79.51063177459787,7.582101792432275,0.7462040040923437,0.5967560963745893,21.55927867624865,6255.295414410728,12229,ransomware
43.01978765406937,40.11021184072121,3.2871585135709807,108,0.7105663896362368,61.884220442180236,7.876804520928662,0.5098365074133289,0.21233214781036192,43.07772806599884,9798.649318097598,44263,ransomware
78.93345543123891,38.88255430077988,1.0952649536662729,163,0.8365663879744267,53.061596698649396,7.544422248738313,1.062728983946906,0.526909299929404,58.86782675025693,10308.411119717835,10264,ransomware
86.1972884192342,21.450505113665564,4.820970966324224,5,0.8199956106790898,75.70561982203229,7.183309739199293,0.7282803507892592,0.8523629330837197,48.31253248528489,6423.038255790971,21837,ransomware
54.87022255530418,58.43978362843089,3.3323108830910666,83,0.8367396751551566,45.48083082357373,7.162085802270845,0.274310517909916,1.4318216414929372,29.75455752848817,4317.828274895489,57469,ransomware
46.182973248185505,55.52163836393203,3.6608593134901146,143,0.7550143552992549,43.83433949886192,7.053705230838689,0.7243564180185029,0.21402307298804057,48.13878382723381,10265.127612084609,43315,ransomware
98.52978662942752,50.531293427999074,2.1655105806825996,124,0.9285807202385143,79.39607952926124,7.9607668129414195,0.8355412379712505,0.47080940579578856,25.009043671525596,13258.280346331037,25103,ransomware
47.19821243130458,22.56584558412196,4.553651422101279,156,0.7191820656951549,67.71116625458917,7.287079391110342,0.45885877308541745,1.7279515968673649,53.66321395355171,15026.78778568756,7371,ransomware
73.43817985983611,58.392013789745725,0.8795279442901244,173,0.8106599091430182,79.04566872011277,7.672542556065289,0.4083380859579887,0.9091645422120931,51.08949394886193,1320.3973921032587,29118,ransomware
95.39039881560734,40.399802520613754,4.5044589457856175,36,0.6896257463754236,80.3666585054496,7.072693993858022,0.5210830889531157,0.2820521424923996,47.04125898916826,13007.844353822276,36943,ransomware
84.0475463250767,41.02974969033124,2.5615764063479585,160,0.87998799208926,47.37820941958627,7.730551025370971,0.45538351767045493,0.24693236121096995,49.484755267980475,3958.9388599925783,1642,ransomware
70.72761202745724,42.935640979979766,0.49152546762964044,99,0.8276654148832847,99.0535210695027,7.197461831425151,0.6510158786552126,1.9494165816479634,48.69671922160532,18975.973014872216,45353,ransomware
49.76462333465471,29.110728667165713,2.395825836145416,178,0.5799139702713831,67.52891491085698,7.166426862102832,1.402138996531387,0.21930659681931597,58.5987107414856,14463.602895612621,6255,ransomware
43.077792063370566,24.044165115135403,1.9324302239819213,50,0.8641890779579064,61.27458123077439,7.071030256468253,1.1492170388018215,0.1622038993908994,38.986915705145236,9926.186456286978,40559,ransomware
44.336005349986465,59.5155034637592,4.5772206144278895,44,0.6426635689758643,85.51864342143912,7.488732761395889,1.437293767354926,1.9237586829553437,55.0126207713643,3560.505166699866,14072,ransomware
67.04750592107153,23.260081096788312,0.45514183928821395,14,0.8548764202437187,92.15998450475308,7.279113837641877,1.4226265390415886,1.8934733465869322,27.04371151479768,18830.63154993498,40627,ransomware
82.17624505116345,26.033916401029543,3.3482318425982505,161,0.6708548765128414,46.7235326410882,7.9925362838239895,1.3509755561653007,0.45919498493841715,51.29399405900828,9652.372729052973,30604,ransomware
60.909314241956444,29.26922564555797,2.6099759052341875,98,0.7990113582417836,54.30685755285948,7.607621829432961,1.4702793988734923,1.7904779177511323,54.621550517039616,18938.225069046282,33029,ransomware
72.70657242999847,55.08201336755638,3.737198416421515,72,0.677932347359686,94.10405224611057,7.358555189465079,0.4257219384617148,0.30626222290861893,29.93482212894196,12740.776589149873,6020,ransomware
65.65118564464855,42.113118903518796,2.418476474853466,89,0.8717902261035184,86.88017518142297,7.196487133630456,1.0369335536463322,1.1601122833407085,43.3166088603696,13831.35594045378,44317,ransomware
71.80622425124457,44.81199484638087,1.5077855923336876,198,0.6815196475490627,43.17116967603377,7.0124387905912,0.13066751167069204,1.3154190925317855,46.626317734289316,5792.735947050178,27855,ransomware
75.18608319015145,43.52119285766457,0.43055166467278305,195,0.9122593144771723,43.29465034506831,7.808580799636616,0.22032315991678209,0.6939138535132212,32.46543268569486,17258.896538867135,36270,ransomware
82.7030512088927,49.25909602217473,2.8545488126840137,3,0.6659116337424098,69.37305003530108,7.322823270881923,1.4416106353867668,0.7491774609031017,50.405132157576645,11001.983484829838,49169,ransomware
49.37900705074072,38.8039540690814,2.286269871836027,105,0.7309957021412096,62.12647902309119,7.6589895664107495,1.4038555679360416,0.9629168239633716,50.57278026238049,10666.997602338037,35560,ransomware
51.42722285297185,24.930041219023703,1.0996540506090486,12,0.6055688260314254,89.83843255691642,7.974648416208833,0.6561619658161529,0.2645372862744755,59.79825237373606,15071.877948853831,20618,ransomware
45.806509065956206,29.138784251868522,1.320425589106648,79,0.6532983880447193,42.02794973904792,7.588355537792336,0.8296235934766653,1.863400912514148,25.224159536264963,7278.294958215412,40260,ransomware
84.1842250868942,46.126143951145735,2.8457735529227586,8,0.9153562652279563,63.58785958465592,7.683124904231009,1.385016970572795,1.4106000482698586,39.22556748042983,1124.123087577538,22713,ransomware
79.8396485775979,27.638090820621287,3.5262533801132174,174,0.5332048412684154,47.83704142565018,7.776560105393757,0.1771438213730279,0.09668515812962619,37.89445480133713,10646.284332112376,34947,ransomware
73.44049321641776,22.446653648709724,0.5154432258387021,42,0.6690281788621955,93.78689252545578,7.167649272647901,0.6412433662879029,0.8583906046302634,23.4990826604646,15450.357152017006,49289,ransomware
69.05067216567606,54.275169972370335,1.655610132589358,133,0.6018156755336221,97.43586085266271,7.33404081903421,0.17946929124950445,1.0250475051987495,53.720865428131525,6084.14771224785,52359,ransomware
45.94106254759595,44.23857948815263,0.03692790622382924,50,0.8551200130669637,72.61840372882848,7.797542811972571,0.5746794902803509,1.2091160914951566,44.976057998638026,9172.137473772673,32933,ransomware
45.694864623056205,36.28264203102524,0.2546513059508587,192,0.778064025626735,85.94569765216967,7.1928693395961005,0.5781603167388725,0.026678983114066357,28.98434571029869,3452.048359243332,18102,ransomware
40.82858203413904,33.62736878838687,4.528272166852785,131,0.5695160876718577,80.26274787225826,7.786406101636635,1.0501657631372854,0.17499721225029785,28.787859982313325,17121.31688678961,46806,ransomware
66.65075347419024,39.091398198597986,2.071755713780505,189,0.917774472775034,74.72990590498796,7.571876398575639,1.1334335085587672,0.667164461697487,24.646976504626092,1625.467338552874,42897,ransomware
71.02508992096753,34.82996190369532,1.8063698664681516,1,0.8837370557362887,96.4556486530209,7.097129556194531,1.1461806016528844,0.1384670773665404,51.086835507273356,15355.070066901108,56803,ransomware
40.50264882187227,28.16780095156073,0.5191184169707541,16,0.793628016947491,78.19695300577413,7.768146543424157,1.4359053361748808,0.8876102686321778,22.70931576457088,11590.243137213465,52745,ransomware
47.81963469763863,25.08446787455675,1.9589039318030936,164,0.5745154064944611,73.3847877635707,7.253195477482464,1.1240946996373513,0.8898471273013613,41.368037797013955,11167.44213448359,32758,ransomware
54.4409575253621,40.10701364248325,0.6328618896889138,143,0.8753772041248956,60.89045808060275,7.687616854781199,1.482445691720018,0.3298055652229208,55.217074451213634,7228.894204175696,19879,ransomware
41.49374375184094,28.684694238255833,2.0792601063491216,119,0.7288935420246586,97.60437177737452,7.655548650807924,1.3529254489235123,1.0003780022361315,39.492210552986045,1586.2961996576569,10623,ransomware
69.36249502429743,52.43673651949775,4.335846324778126,150,0.8755581550428964,41.64739094093127,7.132860896247409,1.406606088275996,0.6361750557928298,50.265588436525924,4613.755973503046,45558,ransomware
56.572032096104195,50.91004596941853,3.9421905410326663,102,0.6445911513683193,86.63087951377727,7.607340303648248,0.6919701564289078,1.1934964280973235,46.37813229577003,5010.556745154861,14315,ransomware
59.26946066655273,48.88111777234185,2.582005327033769,2,0.6078104241737373,77.1957370261222,7.252241671369261,0.7785825411324956,1.8472389758850625,47.273678410284546,1922.627658077897,19540,ransomware
78.19506876517238,39.10667358952408,3.6369268113825157,108,0.6768703066955692,47.495717011735756,7.4213217631568735,1.4780887641121754,0.03520255003666972,32.18428494637514,1585.2178861688571,58239,ransomware
46.81885649483704,45.64727149823049,3.6660695868356887,48,0.623513961060004,78.60107637358237,7.711705082616933,1.3519756804976881,1.6403136099008695,27.17064128746634,5613.708860611586,48831,ransomware
99.66700840694534,30.694457350899214,4.222423641078253,83,0.6711500054727217,88.74224397082256,7.131648218699835,0.7957901249452636,1.3791514108347718,55.559313617318125,17956.69300242464,38328,ransomware
85.72007653951292,41.97889266016685,0.8814622955887869,85,0.7966378806257846,94.32976928733822,7.855924438274542,0.5069392647668722,0.7020966677217764,37.62798691902759,18993.21093446603,23833,ransomware
83.14112580935108,44.83733913104899,4.777222499854937,21,0.7643492287971541,57.35348562760864,7.996384225189564,0.13012015427626158,1.1512118577169401,22.69000262356667,17768.9354724408,43952,ransomware
47.142377680452796,58.26965874637674,4.702491619759264,22,0.8309679387380778,67.92504695128798,7.120590750150438,0.7821097673169063,1.5473490047566898,20.807510417260723,2038.4980056489578,56751,ransomware
71.53822047484803,24.808259375550314,2.403037408087945,33,0.7200326995110247,97.63710477197303,7.250274367620958,1.030308168961128,0.9237557609916984,40.77163434703711,13086.638790795756,18106,ransomware
72.5726304798853,34.15272431986155,0.7912603103066101,25,0.8979559498013496,85.0225456033094,7.525815328033948,1.0476364529744362,1.011024293193449,23.77678636633748,1738.0882645203098,17843,ransomware
91.67318335131108,22.440291952403403,4.276869877057826,157,0.7826576896654053,50.03442687167653,7.133114733700438,1.4174012632033108,1.7920833578564754,47.5376075374941,1921.8952825105957,32937,ransomware
92.06500472901186,33.75872426041123,0.43415816091373904,113,0.6349130666344127,88.3275662719713,7.484922230693467,0.6248109882859888,0.4888591864233893,35.89830566388782,3627.7096668196286,47954,ransomware
57.3835993056593,34.66675795852387,0.35860843967319145,1,0.6783672033733099,60.01587734750907,7.025888280557716,1.018836645732757,0.7465639288839487,32.06244426979153,5394.0382095046725,50396,ransomware
97.69788935039864,53.24084157511619,0.5607688762167529,92,0.5501989194537277,57.19128048053037,7.0583094930859795,0.34894503110158337,1.3331191771828084,20.843897704064943,11482.347516384953,9279,ransomware
70.32023308592578,52.79056437956228,1.9597154276559987,171,0.6509527623958872,75.88494006928853,7.39877554944905,1.1829416513483284,1.2656810002772205,31.303263668514592,14270.895217672745,13244,ransomware
69.4216120220096,43.628030183308354,2.117366371022898,118,0.7957174816770527,81.17960130178835,7.142530242965777,1.266094761933753,1.310386227790918,35.18506980374217,11550.25670195278,31842,ransomware
79.32491449667631,22.95133849756182,2.8292337411468576,152,0.7424557150372093,86.41210270474522,7.826987474526709,1.0075621912591444,0.7904464663615411,52.82853507616335,14593.187583239562,1767,ransomware
60.39814077944613,23.21802477496686,3.3564447538743334,36,0.788367807892056,46.95873925713443,7.39640884569539,0.1319217814812349,1.8072276330301478,38.434855916807535,4726.354211792919,24720,ransomware
43.48588558453896,48.513397661016086,2.3520323644033327,73,0.6401976704015391,62.22651502295409,7.998418558625808,0.6678141320768071,0.29289650935037637,28.32818211858859,9984.738683469028,54854,ransomware
79.33710727278142,54.922789022951385,2.5636402265974114,44,0.8924275011410816,78.11150079446578,7.016964927334075,1.3095042395106582,1.7180335840107062,48.97292968738048,5127.849843375305,50641,ransomware
71.17429802671475,37.700283478993676,4.400662645061635,46,0.6519202042982646,40.00195452200616,7.842773520958363,1.4376551381796474,0.5664758906195968,21.720543622787588,2202.739957478874,42522,ransomware
63.38796484259902,48.62258273571117,0.13719531503080862,71,0.9025880068318353,44.25963806678366,7.234972908917086,0.27129900654836175,1.207945726175754,35.95864109010667,12143.720550233256,7051,ransomware
93.64351730922941,32.71937290143769,4.731125451655802,163,0.6207638428383221,85.57261337567613,7.1283747201413945,1.0795375820360391,0.9047421556660908,21.3078390555197,2453.805601559726,33563,ransomware
41.659861335720656,38.794209385961665,3.499472302377807,79,0.8576399252850411,47.199330641773955,7.2496595442791225,1.2994421976414847,0.21565004376682095,47.92812944185657,6125.07217822775,13547,ransomware
89.0356432939205,44.23141353914952,2.8787918218355686,17,0.5933464654028004,76.41459186218032,7.706319270051166,0.4766395897632416,1.5024324608403254,35.084190062994345,3853.051969961442,49091,ransomware
47.914336920303896,28.230079972720898,1.2554156997613153,176,0.7309523888191509,76.28603182984935,7.459947709852848,0.6658838282928766,1.1243700161127261,21.264035753479334,12815.937311021067,34427,ransomware
71.34821339957197,58.97013747920618,1.616511013220923,101,0.685210325520826,74.3592843495712,7.8047328758528165,0.9350475080189282,1.4171302774136532,21.088652729646054,18651.26285042662,42453,ransomware
67.98254406929047,34.840139052602716,1.7090723013459208,145,0.8699613159559285,78.63879773170629,7.669882067080243,1.1099064318448886,1.0874543978080122,43.4569561867833,12691.631925212336,39344,ransomware
96.96947383731487,39.95762267364275,3.7236911397553807,111,0.8209739792825071,58.697024411840346,7.809498131649267,1.2218216177817176,1.904193719345275,54.625287551668926,6161.083072893815,25068,ransomware
99.19387276633947,54.27458258225858,3.319213524752515,114,0.8245387375605979,58.56090133512434,7.83718699386746,0.7676779987894684,1.74779536060161,37.19770584214525,11097.025077571841,54593,ransomware
97.47481895424096,28.066522430027746,3.222298817980898,55,0.775730485084506,49.165400802322964,7.2830692372664565,1.3254006358776955,0.33506972403695645,56.16219388141685,13963.75856834639,34749,ransomware
41.705720153472384,55.10909320707596,1.6436229687532433,85,0.7123808698712559,71.51445951526591,7.222613222702739,0.23545214379204496,1.9070966759065233,23.59441489050208,6729.05601245994,2770,ransomware
40.53618202116331,22.13410291479057,2.2618785901505927,81,0.7445186174353838,49.366943228840405,7.778315882193319,1.0177420189370086,0.7691223180539144,43.345334935539555,2393.384508958586,47728,ransomware
53.67239537099393,26.64298964571519,3.5374840353660746,140,0.9108927957565134,95.79095986253182,7.614582097196384,0.7723154644363108,0.8291108067040589,27.688470493353424,18290.848291795646,51093,ransomware
63.35930401474266,26.753284677408153,3.4198148336798795,135,0.6819418603872969,93.65301430057752,7.138821321118056,0.39013791599933567,0.570146537626822,26.225175752410568,1562.819524736266,59441,ransomware
77.5716711060129,51.67193967119585,4.258792808647605,91,0.7549195636870677,52.06337036495516,7.4660503342525395,1.0667390657350664,0.8987117044338624,52.634564369199694,19148.06644179399,11364,ransomware
43.61135067285213,24.822546091712887,4.923540315813594,162,0.7102490467632672,40.61228672216739,7.50492006481496,1.4949452556315745,0.5652935644050501,39.938127802393865,10015.374686130595,11773,ransomware
75.00117694283458,49.326506789799865,1.3287309300074575,72,0.7155338088106611,84.33917636273875,7.433942554982815,0.848609716555296,0.2785602963742213,58.58766849818728,3570.8629682511105,59338,ransomware
81.65363013882919,29.573086309059654,4.289114501924393,21,0.8338019101109161,99.30981939398491,7.304434745020572,1.2105786914474668,0.27593097049131154,22.591273170772332,19300.27738970323,5984,ransomware
49.59681177304604,43.626866733529226,2.0760520650751992,40,0.5721143650875921,77.19017199799706,7.6655218401019845,0.28756488084454845,0.8253202882963699,32.249022538697275,16453.31719296836,53852,ransomware
69.29984643530021,53.35198594234853,0.3412544698552189,7,0.7268572961715908,62.05648973862699,7.9097603146942514,1.191620092961544,0.4775989872676403,22.733379763626637,11227.78226610978,12797,ransomware
89.22309905156699,59.12081943745725,1.8629472721443814,10,0.7204049090217187,89.21114620321724,7.124520179259172,0.4757319727770012,0.5881324601192426,55.81131830501293,1867.9210364321314,47364,ransomware
94.33935534989116,37.215050782563715,1.1111511264623986,8,0.7960007765777585,79.17115081237287,7.585045234531385,0.27892497359430957,1.2680711288704989,53.47682900449421,18280.966719881508,52982,ransomware
83.35975775462512,32.501278402920036,4.608321817076998,1,0.5301572606500432,56.639642819369044,7.7820495203391316,0.6852741835734676,0.3730564907457887,57.874302772472916,17074.509885732652,13678,ransomware
45.89752647731372,24.38037928982603,2.10935588242483,6,0.5593963529663384,73.64824465052905,7.362755896099632,0.5387375756438673,0.2746787982462424,35.10478068957025,12249.195319537826,7123,ransomware
63.08947967825627,37.02345405087521,3.700888964121045,75,0.8743176104264059,59.771247126998134,7.474843575001924,0.5056269614889,0.9732267341449992,38.0629499775729,19512.054954450978,21614,ransomware
57.16668665671753,32.79741162734244,0.308121263160579,81,0.6615798961967287,47.260148852967426,7.633362213010829,0.9788348884536396,0.8815695234418175,28.893537709585647,7685.224042898791,19309,ransomware
89.0737442369863,50.78715184577603,1.5563789079051527,44,0.7773303160007592,83.40505791634533,7.661943875659995,1.0473854749134575,0.17997435678997298,27.324979540361344,2861.040881329779,4908,ransomware
85.45389246765413,50.93066024291348,1.4734086072232326,144,0.6031646540524647,64.49929625262355,7.20291022360693,0.9961934874362748,1.4175132266997204,40.18031802990228,8634.89158675466,24517,ransomware
75.9328460077984,40.88826902916921,4.72708590711184,111,0.6074791613967239,90.73341883646877,7.090818145855379,0.46754269695789585,0.5115376509309204,24.92220133559192,6829.666791835008,22358,ransomware
68.29569345145816,30.787188011202975,2.1431166761951372,162,0.9420964224901068,71.1030983136441,7.703565018892993,1.4207635427517016,1.8100979594913995,33.864520706575554,1677.0770229539175,29123,ransomware
75.54180720730639,55.5172331386177,3.9787450187931857,102,0.5569961156435641,81.09875619964424,7.4250149443978595,0.676225013201979,1.8850464016795236,58.79402789761522,1225.0027526027136,55512,ransomware
41.31163134200863,20.721682881378108,3.8129590199039827,20,0.8459665889196946,71.00585234670066,7.749878137433083,1.2946757553471526,1.7813439587756998,57.38190401576852,8243.990556363704,17130,ransomware
64.7843775461484,20.138176305119654,4.031801524668689,91,0.506105479530076,67.81682547859612,7.265284502092028,1.3355902645751672,0.16896791586959004,49.72306542627408,18298.13521509385,58463,ransomware
78.01124292044346,40.69452732941718,3.5332923492625294,163,0.7226912260946547,94.75352407984406,7.937822756081482,0.562986005666971,1.584661095713334,23.44780324311572,10385.650219388412,40051,ransomware
80.20384980804164,55.80701118326622,4.341042196918482,109,0.5003962900961143,96.9852547054596,7.07692277937891,1.2746127672713858,0.22702519486211226,53.2565208639597,9621.66392008895,1749,ransomware
83.35898111517409,46.254592551983485,0.1908167446336928,139,0.8199334513621592,51.316306960455236,7.096050386460134,0.4061210031331135,0.8378707180723459,35.58256466269895,11025.161852273826,8645,ransomware
97.65879678634454,34.53662595611857,3.7579679481215407,72,0.6866174742193664,72.37860046739485,7.420284796471561,0.2520717983248998,0.2843905282233885,44.88349051890737,19255.133886723725,39027,ransomware
87.40957785900916,43.65023108232984,4.868809861343871,53,0.7219596134087662,80.55011035126333,7.888526249773461,0.963789141850248,1.3613260942093162,30.86114457573371,10293.921363774276,29352,ransomware
51.58790703950926,28.958335846027936,2.112931383502963,191,0.813418355831814,82.06015377824819,7.325085641740138,0.2606806109203294,1.2552697582660692,37.921207839301616,3983.898785811624,50706,ransomware
82.48423074890152,30.861488677481965,4.42955325092119,183,0.8097418470488469,43.46995604487368,7.6441026354897605,0.3242333751566361,1.3839001202840229,33.17480797587135,8751.628922593314,48862,ransomware
74.11135852531301,54.94443511253302,2.775174985161585,118,0.5662633525016508,48.90637884657078,7.642233663101441,0.19755180435008665,0.25229119615376905,20.950519731512532,6489.518184137904,48111,ransomware
90.31894780481383,22.644389243526394,3.840872142750547,152,0.6000173279512808,56.89287507375168,7.145922187244807,0.34452346466268524,0.7388236877901735,26.706655105231963,8749.252484962937,45834,ransomware
73.9929423188461,45.635526907596834,2.050399903771469,195,0.6582083966976747,96.41332328601604,7.410649031625015,0.9931040439339018,0.3044095097818178,52.70206083356331,11537.757950643087,48485,ransomware
83.1989253902774,31.635966609673932,1.9286873697566724,2,0.6948329923490424,81.9752416174723,7.568563469742169,1.3230873527024871,1.743455633483487,53.39455626858899,13905.417228145368,32663,ransomware
86.08187444060928,35.51442771967609,1.195869768808423,113,0.5279282631834156,81.2575648818219,7.683864929828263,0.31945510940480215,0.3515034937486694,22.214324915726763,12630.135563301848,7828,ransomware
89.8267125388415,22.759598405592012,1.5447575572118055,158,0.6222955535681493,86.68145591209496,7.2597754711692515,0.733460509553101,1.748062149500181,45.39046305916781,13482.915364294478,35629,ransomware
50.221117270626245,56.77875927921568,4.97748757977365,174,0.9477707232650678,51.01468188186168,7.287551630808197,0.5321889315734463,1.2749963047478836,52.422214981477275,10664.721447858243,30075,ransomware
61.28285810561788,47.05293445150431,0.9798210095734028,174,0.7486567912898346,52.25793239305521,7.970979941901956,0.6978283541055113,0.2943550349631652,38.24305412655902,8654.888034207484,11377,ransomware
95.9531004201938,37.39774713401681,1.297452375251586,70,0.814545860791503,62.18013916989663,7.458720962947534,0.48631106323874285,0.2211351806185955,53.947869238142154,13192.479651124133,17202,ransomware
87.7414845139608,37.34083630368534,0.27319232583703557,189,0.8908081825701929,47.47039595228256,7.783127730769775,1.1718832491319717,0.35781995266538114,48.661816927072586,13136.30521416756,37178,ransomware
88.95483243404755,52.17334287897751,3.451040747004358,139,0.508947739916908,77.15892553654774,7.261921447515629,0.8685566611144135,0.7508862440736961,36.830098988308706,9417.264900883487,30778,ransomware
95.82509911523162,56.03598402173851,2.690287147683132,119,0.7291806432515597,73.69075569506991,7.85836382873657,0.12072876028462903,0.5419270332358421,49.1762151897486,1665.8006004379113,44099,ransomware
45.00527555985988,59.233155099713485,1.629427303278027,21,0.5880074490729972,53.3596921764309,7.882710524206262,1.1696220012270282,1.6027974752538128,54.15720870858377,8982.82402602639,52867,ransomware
94.94697320056062,20.51823567562939,0.5898510095561449,172,0.6300532725929516,66.66727753226304,7.106969966440371,0.13965705405875004,0.7162597138317193,49.89988385058128,8143.633017967541,44999,ransomware
64.9805835665118,26.09151790621759,0.9364781271225009,8,0.8596508361053963,55.280335527909024,7.307891228452795,1.0786395588876645,1.2576060785522625,41.559088261205595,2039.2152387343422,23503,ransomware
48.068012747578784,36.481787075244185,1.1144516134066373,176,0.5044415476225601,90.27894160661387,7.871224503629161,1.298379425102592,0.3927061961473599,44.21300482489276,13170.794982331834,21392,ransomware
94.0181502800346,51.9166846973154,3.550281357589873,39,0.7779078879147446,50.040089020258975,7.274955917659761,0.7364178016280261,1.1729669977999848,57.62320040604723,7691.083610238135,29214,ransomware
91.82244263693235,23.51286031320012,4.996853621539103,143,0.7726029833037713,96.77562696594673,7.9603683549757465,1.1150448972813551,0.013692049355986669,35.95366694404725,17358.750967419874,17809,ransomware
56.78520011829901,30.106623871203304,0.22090828139364416,186,0.546610453698741,56.4046068237351,7.723898326119413,1.0787825232856125,0.5823683999483649,37.53662224951658,13816.867482594098,40538,ransomware
60.15092994215356,34.81333682343755,3.3285370491470707,90,0.7478131820297638,75.17390581564379,7.447495889806582,0.36609847764325076,1.8155528096143039,27.035235090237002,15368.480096765681,44036,ransomware
42.317687595067646,53.14128545412775,0.9694002007900188,163,0.6466548815345243,61.268136561244766,7.246941022010521,0.8712418766095191,0.7037416083895398,57.5240866832996,10632.051074060053,52248,ransomware
92.15408671667836,49.318205339867845,3.781827772519381,69,0.5388349732979927,48.793432813080386,7.759962093347468,1.2438254809380405,0.5367346107332314,33.43164701142529,13033.963661310821,57283,ransomware
67.50339955643568,31.82671063358096,0.6383133064320173,168,0.5736526067871903,53.01455361721831,7.05052881700614,0.2798679017954369,0.6852466630225997,33.041184020974534,14386.107214063595,48983,ransomware
64.73920030447093,31.556871433200023,1.0626930653477606,29,0.752356896136231,86.53579875069616,7.158910768676468,0.4197308462313486,0.5103625739654554,59.889644657286404,10779.241647326684,51922,ransomware
93.29741055142037,23.940368865682018,0.6397324099533491,138,0.5906369046849752,64.60356683854214,7.805606976204903,0.9875342595515587,0.6909787679147688,27.232999492039582,13310.062777090814,44377,ransomware
58.025793343872344,20.213105631054347,0.3363800795789046,113,0.6172419419694044,67.39462020366159,7.265762552018681,1.2281716583767754,0.8871556370939462,40.8416393836157,8383.08085663191,36829,ransomware
92.79156801175026,39.16272927692698,3.3488967725993337,187,0.7008665403581451,84.01646502279627,7.041672126004054,0.7933040421229753,0.19406610976734773,30.832931481091382,8554.78914185424,34585,ransomware
60.184244246505,52.75655523452082,2.096045965473823,9,0.7928201054080071,94.32932529131814,7.0198925238286165,1.3369945318919247,1.2810180988090396,40.46374202489446,18702.402543085067,44859,ransomware
89.10543208307007,25.720119262885373,2.007267915118284,18,0.5040187175488825,62.686100511953725,7.416464881655902,1.4978298318857526,0.9956700622385763,20.507123016415765,12478.061655058838,26354,ransomware
52.85783180196553,48.926300466483575,3.4632178298859917,45,0.7759488186355034,72.27322442762431,7.640813404889159,0.7236685450194431,1.9070980143533454,23.655130645590667,14342.58731689527,21813,ransomware
97.70056483640339,41.20977202218546,0.9950732837237186,124,0.7993987167739496,42.95257018917074,7.815511577668122,0.6763305604715592,1.5005467951193558,47.48434115010711,4963.411338259379,55485,ransomware
80.73750135167342,21.41383882797788,4.259591856144757,170,0.7783039007847239,92.22734659481276,7.507583424033297,0.43142300151509805,0.31482153341246577,49.56095307134426,14067.120034117115,39715,ransomware
77.7755734354747,25.290949133195713,4.674069410406973,140,0.8903074683562102,72.56617574595776,7.083882557716848,0.5559139168141165,0.09700523960060381,58.62371123276871,8054.310880726525,39764,ransomware
55.444811340344806,22.848671412000648,1.7580912627208982,196,0.7466594779193336,91.84813475277166,7.642676076778581,1.0134505849299285,0.18318698380096476,27.667463099241804,15334.96415685499,52370,ransomware
48.03684829181831,29.06182523874278,2.552173746054211,111,0.793686835355353,67.88151803102267,7.367165953948264,1.4870188343911346,1.4338084509008233,44.88738540958695,15779.067542479668,14278,ransomware
63.23113406138318,46.454699750967066,1.6847330764464208,142,0.6252168404806938,78.55272647933195,7.116486894242886,0.5783701974252294,1.843034727981673,59.899262934404746,17305.771889893273,37146,ransomware
99.03881078081997,57.15891552616406,4.803570221156635,89,0.67442507887568,99.28577242769686,7.032003419051656,0.6624442892415484,0.7690329379573217,49.65322807963045,13922.222078848552,43416,ransomware
95.48368509668839,44.07914140988535,4.96632338452112,91,0.5086693628839085,95.917901829024,7.3982780473739895,0.9332014050634488,0.29806286708352747,54.42246775293613,6020.273069181376,47021,ransomware
76.54351214279632,48.63336775154988,1.999127104439976,173,0.882994338506945,83.08983075790448,7.652962140752352,1.2171903526576417,1.5324865649056625,36.26259825211031,17609.858911546886,48696,ransomware
91.955202160678,34.55069248272046,3.34087925061429,127,0.8376601323317965,42.48208199034492,7.507567514176441,0.7884423307924651,0.67415939492024,40.40787260356577,19949.029920813766,12001,ransomware
85.04926448579334,23.870617687442127,0.1387221529668703,187,0.6017935676377496,89.38875361713193,7.672819395764128,0.14111174300257007,1.4608925753468187,28.19453982380299,6594.8788130903495,23453,ransomware
91.4076928619656,53.146568210977506,4.1257032042786665,168,0.5349557930132673,54.958797285167286,7.209730889884396,0.3302096251353517,0.19266034804219068,53.997896436304266,18563.878674015006,51706,ransomware
62.360300513741386,32.064566810943646,3.828536679183017,165,0.9326438484136812,98.7003360423873,7.040437776258442,0.2860625038365662,0.10271376333566562,34.39979416366274,18260.385705758872,42617,ransomware
45.80932646536843,33.87587496026407,2.120498749373374,118,0.7636293711477727,98.50943635536373,7.794114693552929,0.462752481682827,0.552987594714917,32.025370677564496,19123.530588778398,24404,ransomware
75.61522304721133,50.188417649860234,4.799393654756528,92,0.828375443599879,61.38951458951581,7.8221400752889805,0.5283625889218554,1.2809143789557753,37.77437894682255,9979.395438402667,28974,ransomware
46.8942561116897,53.25305314149126,2.9714879638158234,35,0.5177377205003416,55.13242171985037,7.120912627680715,0.1383428562219755,0.05155595017717962,36.97351003463566,1351.844500644061,13674,ransomware
43.43989651626232,36.12122912661398,2.8241099821847415,156,0.6109360691954756,85.85893583994223,7.890120529347534,1.4698751072838785,0.416253431876511,45.97928385257767,7211.990021477028,16947,ransomware
84.8245687913793,43.727313750099775,4.740043709312318,183,0.8122027393108306,85.48127629659717,7.9980673376297124,1.423166251066385,1.9691883122465943,38.60827159742391,2373.216294243187,9848,ransomware
54.651579830400195,58.06941105586646,2.770337662234396,118,0.9089820663495538,71.1725139202313,7.489100169183465,1.1546573098870505,0.9467199573233593,57.468010671406866,6902.385877081804,45986,ransomware
95.72749173204937,42.87727258836608,2.939718193601161,190,0.9460451586665122,58.13506135053889,7.679232395826837,0.49194631458606075,0.9124019278844646,25.051519650405435,11269.80576668559,54191,ransomware
48.8616593597212,33.95231761317433,2.8370041532713923,52,0.8455313624125746,75.39412670279494,7.5250269682354665,0.6870412510521796,1.1176313518712169,37.35719111064935,2733.9854001074127,26045,ransomware
75.54467425050689,59.87232612065644,2.203832772499112,173,0.7530824705590955,76.03147534359752,7.723238393741605,0.6068722310297422,1.7247833226410691,52.833087630925135,2622.7365585399743,35757,ransomware
85.24504821908677,32.54962577699956,4.362625033257784,107,0.8646359672465457,47.683050068144844,7.867863680679921,1.3806077519112332,0.8092153398645594,30.772264081961275,11523.678765748935,40215,ransomware
85.93337356563849,40.4823617238637,3.5367848741732235,172,0.9129600150500626,97.67462587198612,7.628940910152554,0.4578178122397133,1.7749135650943546,47.58282586765623,19917.21549997485,57821,ransomware
94.12600465748376,53.69882413011942,3.905681461443484,163,0.7384139882170218,83.20851669046493,7.524442497904845,0.5617833072366278,0.040732752664901284,37.06255795757697,5647.220194279899,25881,ransomware
99.65063381396669,27.871065732678055,0.5289742751769833,126,0.5373268941084488,60.55058640276091,7.123475106364637,1.1312566316588544,0.2758562031428369,25.664855846488667,7630.062382977189,30348,ransomware
82.44673871723687,29.08527907165991,3.5499268186565307,122,0.7938182493629555,41.160182314505526,7.649092285538995,0.8376572394900191,0.6447448134899174,52.680173742522605,16207.730802952947,41213,ransomware
58.09949790581172,51.222270853544124,3.4488788072190553,12,0.6477070417873769,83.17778600722878,7.160901462653636,0.5065381492058231,0.1448446388925977,53.44644819691944,18327.773487719107,50763,ransomware
55.58372352362455,56.13896474581805,4.042532652222313,187,0.684056108679053,65.57720675517976,7.863932273892311,1.1606445993118695,0.5352178798338638,38.47186629357086,17470.675085659113,20159,ransomware
93.4856564948957,33.12615168980008,0.5520477515432476,147,0.5309738616471356,67.62880990461005,7.892202737440085,0.9196586729911188,1.2415707348207088,38.99069731223793,17740.622193624728,58000,ransomware
94.74171635752525,42.77313277185622,1.9049105308003034,18,0.6673291597719501,51.24092495140094,7.540004910121064,0.7479682186835747,1.2508236424129187,37.36491949526156,8043.029647730217,58960,ransomware
84.08708829827646,20.426291192940567,1.0908912779610809,134,0.8805940768547903,63.03079231740753,7.231723941116446,0.6594732726802548,0.5028529529476846,22.61007486595677,15783.924531438637,18427,ransomware
65.61188674097657,38.01771375588838,3.9734778949193665,170,0.8746549909929137,49.709775730972424,7.34874990927704,0.6052151335541331,0.9683617590704456,48.37324987638854,1519.6299330000447,24289,ransomware
72.4243061330515,31.5876830108906,3.2276671099049437,151,0.5546249440425872,75.46349732421562,7.735388190793307,0.32914498299350936,0.8690852327967198,41.670939021445825,15040.25443407735,34844,ransomware
96.31799895171724,55.22698147341402,3.3666232734896777,144,0.946897920444054,59.15137453267917,7.212968688503305,0.2781856967632772,1.6706733329268932,38.648573243156875,3641.7024135124007,10630,ransomware
81.41961926708917,58.882838281877085,1.4316394256018143,93,0.8107170332020504,52.76958646690008,7.848682013541838,0.3979908817661776,0.5080851975879699,34.229884838606566,9902.07913576067,44541,ransomware
99.89452259040641,25.553891620078154,2.160264336417816,184,0.6713884349847701,81.56471887648593,7.090216867629252,1.0757813187472236,0.160145147191876,36.607004807527126,5104.693967104776,24272,ransomware
94.60319245811061,20.149888740180653,2.731841560388518,38,0.825725477904091,50.95123215615658,7.438214069589665,0.3912310632113766,0.029908715265328345,34.433020384914236,3534.876561556584,17763,ransomware
99.03566947782579,33.40700508383128,4.214698072070816,117,0.6649343222019026,62.605511218779014,7.20625524299453,0.9967534870690453,1.3226656755563546,32.58794428531321,16591.860933050353,31881,ransomware
62.30210787279151,58.95876179416551,4.9149641756962215,129,0.6617189990395721,73.81917276322787,7.623938423324182,1.1929882910007652,0.2428287791698489,42.198417743001485,15275.346995859149,56260,ransomware
74.3924109114607,47.17947256467902,1.446457465143391,61,0.5410666112766708,94.90751105474351,7.6687819307811385,1.0096975376970168,1.726661158168745,46.30933164449267,19637.555390965295,48714,ransomware
65.46926398781575,30.89092054774195,4.508888677595265,85,0.6855036053409446,71.45245673504463,7.292656904710606,1.0065963059392316,1.389030610017338,49.10538934258827,1292.361280166952,10156,ransomware
51.19009253689404,53.10876683216356,2.0432301049758927,74,0.6383634597395413,79.44233849600823,7.098246048224082,0.9867107301519782,0.863957414904071,57.39352839164188,1718.426385070852,4075,ransomware
92.9284170101585,27.43887233659087,0.44563483758109756,128,0.6059871957052525,68.34858050430277,7.55206208453717,1.3570630695133272,1.650221217013803,34.43623273706335,8115.205117384006,44249,ransomware
66.49190890479024,31.359924680705905,1.1764058883400907,53,0.6897547714320333,47.16659424170015,7.5115768475918046,0.7307114319036679,1.0126306455454783,56.35343437076587,5659.756846047201,11797,ransomware
86.30439434850206,37.69616558346413,3.6874896245995576,154,0.6725747796014964,60.588129656535514,7.533390387456395,0.3423398784944123,0.4656575329620525,56.34074413616527,9461.81114673432,23111,ransomware
95.58474750318544,43.73997756406746,2.9975980996182416,175,0.6544699417176988,44.89152449247098,7.150879718660787,1.0355617207645804,0.6418691061852797,21.499781266410153,7159.712753659745,31889,ransomware
78.34630618818557,48.13045140298518,2.3317105580707387,178,0.8530370437121652,87.918955919539,7.512400664095346,0.643814768809071,1.9498052819959744,35.00272897220666,2616.036754962647,51530,ransomware
73.65743893631452,29.971555192456137,1.7774780618084673,174,0.665906161070966,71.85962467203987,7.040747632108164,1.3762953158543927,1.5344441211472015,41.313171105765136,9155.674916048309,11659,ransomware
70.8745205767213,31.077257711275124,2.09986856663194,137,0.6117437316733965,88.21322048230948,7.304119812006839,0.538866477772153,0.751435177757807,41.91077517568598,11440.587449746727,34661,ransomware
57.46724008678995,30.679863881621408,2.3202812596570905,29,0.6210390454720784,92.2160770295535,7.111926919606005,0.7398308816843208,0.5965229879194673,49.82243718163963,9779.650963945334,49120,ransomware
97.276475341845,50.72649335591289,1.2927008821339965,60,0.7308406597036866,44.51139238697767,7.240106291550046,1.0683257664826478,0.44695737482190423,52.94329128558329,14632.2172042896,15572,ransomware
53.82899195244607,47.25906982758346,0.907342742699771,108,0.642184479596387,63.50088642521857,7.765659777638589,1.0975652127764723,0.3102984629776031,56.874647485702596,2684.0441358454914,30504,ransomware
59.82830502683569,47.03471449913246,2.9592640189569632,90,0.5210379350664618,87.74622154119095,7.856627112607124,0.5842139976426027,0.01755582227344643,55.520887245291,14761.698168792356,21158,ransomware
99.05032566893314,54.41787328676806,2.3985652383108746,38,0.5049459697921171,62.5204626012394,7.75144086360076,0.5198274060245013,0.7953099266889658,44.353116699094066,16606.580208537594,17746,ransomware
98.66091385308331,44.42428873681049,0.7306056171551972,152,0.8428553356321404,89.41918517999612,7.642339479789019,0.7385246119405765,1.4946713651909833,43.4610899015976,5249.547295185648,51550,ransomware
90.41111841021652,35.401363018877475,3.8987104260512573,150,0.8831061780801357,44.62214380605171,7.923530391648524,0.7581919693096184,1.9566585302715216,21.70425495483464,14712.341456755315,48389,ransomware
51.916017523385506,29.203055288761735,2.087262849089264,22,0.8747222647362515,66.343211366425,7.811229202813452,0.25625879595803086,0.07141505073335441,25.390650915781862,3152.8931715460894,9427,ransomware
52.28585847841054,49.89394359693584,4.343514061900914,184,0.6155136470642587,86.46630284316402,7.09327234756904,0.8015004810225814,0.9706899546591017,24.8591043186283,15479.411758579387,13190,ransomware
44.829558528108926,33.63370759669289,1.7538283960905683,43,0.6088528926270506,87.85046363398955,7.005123018694449,0.2978250174648393,0.19250799731681423,27.276861310415278,11238.286219086875,54267,ransomware
52.59309910681526,32.735218942330704,4.788163860721138,187,0.9198987882601135,84.79655793618582,7.842823487326292,0.2526846726696411,1.0763563261243265,48.93177773773022,9969.53980479923,35587,ransomware
45.33988585704439,44.698330420920804,4.663650416448506,170,0.9438176652198698,74.29004631607813,7.357115392956662,1.3244626356887346,1.2233313179450822,27.37542514447671,18365.88614349774,35382,ransomware
47.16080422081934,27.13123478349349,2.2543393675679955,66,0.8350249624658805,94.44054209196437,7.6113954760729055,1.396932207543294,0.2960257411135716,39.94118412249968,17045.86922875001,11787,ransomware
44.27701832545341,35.5362517714334,0.935026223024551,183,0.7329680690587894,68.14149456430314,7.000556893937011,0.6263627165794479,1.9753939992625105,52.610335692766995,8818.264135368381,57886,ransomware
68.74799915572419,59.87191304006363,0.6660888129956705,178,0.5217052337183001,57.684751773497986,7.131573258769184,0.1773306606814928,1.5311829957648535,26.521235862624977,18120.032699674128,9092,ransomware
53.64765503418617,38.07484902475738,2.779775704525538,67,0.8446830698784498,70.67087175532464,7.3616676461459605,0.9526897130258835,0.6913763359742384,32.85551204841214,10003.046192614864,12052,ransomware
86.79432934975785,22.630120315706517,3.4165233017487613,94,0.6333658423573192,74.04790119251805,7.220255452455567,0.6734948492305669,1.0606685837707266,49.776201821480065,7190.307488654502,35094,ransomware
43.008890451862726,23.57476301869943,4.4641975326361285,123,0.9062723118724696,98.52949800725418,7.874287575732453,0.7733513993720385,0.08579762882910047,56.33690928049948,5321.953295770535,35484,ransomware
64.15547689805919,43.88070737803938,3.7526532838108926,194,0.8707575476810068,78.29126418705086,7.68135314426819,0.6861367567734153,1.7159404522393533,38.17137677734425,8200.637782736212,21029,ransomware
67.51934499053002,56.67968477779018,4.633064954446648,130,0.6493972944172316,48.95895897105164,7.095808936142467,1.1838989123393608,0.10452833237118919,34.31335786887386,16127.183187978942,42048,ransomware
69.00770290645572,21.32187235334358,3.914267043316339,86,0.7686970096945767,89.29666674389726,7.064289468109447,0.4810670100439012,1.514098274791971,58.63645576500738,1390.662571345892,57789,ransomware
72.36743003112021,39.474591348601905,2.9481039903748725,49,0.8192709087789045,51.2229239638034,7.194295701674623,0.23957448414402005,1.403859632646026,30.00661348595972,9912.762913632801,51441,ransomware
63.40477532278071,45.20628923227535,2.747813848039054,107,0.9482199062262873,70.2254791666616,7.424065437167963,0.11396391973622472,1.2018131006815296,49.08662735019686,7326.266538458559,2000,ransomware
84.44369813819819,55.05555104530136,0.45030525140272115,132,0.7252842981083981,66.98974545034488,7.128097247980924,0.5390105417943171,1.149443298617085,32.77327539737263,8050.937310506998,54174,ransomware
73.57731022138903,42.247216544830124,1.0109783445689908,164,0.7675166651345637,48.01053694733515,7.2767560630265296,0.23264993315324842,1.2810911518677823,36.747739758265666,16741.334400250867,6680,ransomware
57.572658479555216,30.26583843239876,0.05078597005001295,57,0.590529681110631,90.47484640342887,7.155247443222688,0.4902727826889779,0.355772160600633,53.86954187705861,14301.53652936317,20002,ransomware
76.32945428821282,37.261622868761606,0.973370136452188,182,0.6446616582068712,44.28282706472971,7.143723814575725,1.0435192075310988,1.5507272227516558,47.07338012418458,6501.942315094775,17386,ransomware
94.37115957193328,53.87026228482075,2.435521973852119,113,0.773572019490467,72.49834575963271,7.421381712846589,0.624837861678707,1.8488119948731248,52.06948188659203,9211.031170823808,27649,ransomware
79.84898504695055,57.56600046961647,2.9600059561864374,170,0.7800121830413376,90.28504256817692,7.824684724112425,1.312820734110489,1.210093481690503,52.94916867453468,11040.86558758829,47100,ransomware
95.47959230589197,47.7885327101628,1.415332128381508,137,0.6022663315615056,93.59949470319249,7.923943278739869,1.2957400477046759,0.6482817059430734,39.103765999780606,19965.183467900482,52376,ransomware
60.575903352947286,45.2156186449956,4.413895299305703,46,0.6885630292003038,98.1893239936501,7.706557981749799,0.15983199062795925,0.4682808603508384,37.98007485489299,13260.084966799788,51718,ransomware
67.04695924381144,26.724839750225055,4.662524678275438,162,0.6312331069248207,41.49780284818421,7.0119610315749,0.8031489539260518,1.4434437365067483,49.46034069938466,14926.534958822518,32257,ransomware
73.86567026286676,29.42533776175125,2.8143590423507137,95,0.5396043293087833,95.56086357592386,7.952432566402093,0.37924932014053914,0.9046683363562658,52.659262732194215,18184.204697565758,51091,ransomware
98.49712301638715,54.37697058283068,2.9743480112991354,128,0.5473246206096577,99.6268962168043,7.444369118213235,1.4245034537514687,0.5496072980508031,56.43741569528666,8504.712277528102,22814,ransomware
47.68051823886928,29.092530498025006,3.762061681331452,125,0.8674246619037441,50.6558725494336,7.124478068914659,0.24090242253278005,0.32954639844058864,53.32871641496618,1446.3043521372695,28063,ransomware
82.5948673976057,59.2864573100299,4.548862284361101,100,0.6532661697213008,41.9328476051948,7.738729039882493,0.9543823245073293,1.5320959388333875,53.89433938808817,4352.6172235435615,51387,ransomware
42.994917871364756,45.369819857736815,4.303132799772748,27,0.6920779459853834,69.42250851926191,7.168528494816233,0.9191196383752362,1.1766391000838816,30.758082768932535,19178.127169884672,9862,ransomware
64.62464002156717,45.05669577242482,1.7972528999417225,62,0.7872681945552278,99.1121836661748,7.495493127765409,0.9756589811004953,0.3433787276707354,43.87150514633461,3291.3124972977525,22339,ransomware
67.22692289129125,50.478440630121234,1.9802901873628782,162,0.5003364816862821,90.44912529079923,7.327838939188902,0.8082523177987464,0.6774426943671126,34.1961271007856,10010.396575287516,7472,ransomware
71.74243930871657,49.31593309335228,3.4011420181373095,105,0.6726942674358036,62.21679882893118,7.1680822533524395,0.7570313908797928,0.47254279264477517,57.38504012168952,4340.613533975536,35077,ransomware
61.019533268605926,52.137678936579725,1.978985824604234,39,0.6200665101206717,50.58592023020752,7.650159388575027,0.8746303242977344,0.8342476910271412,38.566562695508495,9842.82266993971,10219,ransomware
97.9753964878924,44.192981748705684,2.415454478111192,48,0.5530027092060136,50.27732997101041,7.411316091290429,1.0883788263960144,0.9408867443477931,33.49373474661489,10788.909729287216,45641,ransomware
83.17815194628491,52.41561195941668,3.442175253648462,189,0.7789085767549899,51.95925014157501,7.836851849848311,1.069151579179013,0.5042280838614506,22.031765164800866,8603.860095024556,53223,ransomware
89.98154372702489,28.36058339095418,0.32335382969149395,198,0.503807548703303,76.52170046564356,7.819343520566629,1.2727450710636876,0.24433374127723173,30.00877536601284,14489.788591849652,9164,ransomware
66.55990507572218,52.22917718511557,1.7671326437941333,49,0.6590612323449786,61.06570373549313,7.953008931250975,1.2638486212472804,0.132697692660676,44.88370214939171,3496.349089804746,20680,ransomware
82.37277167268692,57.11326635527143,1.0687850951651319,82,0.9387197611914941,70.32836104829164,7.372857418388382,0.22929753246155843,1.095178215516461,53.678321536592996,8350.3046798936,25283,ransomware
46.91111104140833,51.96527130513364,0.5408130635361891,180,0.8714597682220002,92.7132167967257,7.951015530751778,0.6591263408467352,1.6249093474179077,21.725520272626806,2095.4350569300514,29262,ransomware
84.36158105320361,48.76447061024677,1.5718884867162637,92,0.5705893297799884,93.55434277245247,7.572367421780083,1.0322813978463452,0.5007237631135255,56.582449089349645,9896.978662966458,10280,ransomware
78.99953182487793,58.33362229868393,2.603520915826368,136,0.7479444854084277,57.53580777292504,7.701536991214045,0.8405546251227866,1.7644496894849342,44.96731602923763,14384.811102623094,3212,ransomware
68.97872916637527,25.99653437082231,4.492438819798417,182,0.6935043262963219,54.26912515345788,7.884596378736159,0.6046530673750155,1.5899892051773377,44.11386346655141,8828.576104138298,44609,ransomware
54.31911237922515,51.655899334550696,2.3698760211797465,103,0.6834035817909723,71.66402871590292,7.248187115094827,0.23274649651020254,0.18666238512102162,53.90281875049932,17962.36827657499,54733,ransomware
69.22257068397785,44.682505788098666,0.023908195256266418,194,0.9041503120757685,49.0296722346796,7.606741540810264,0.7049641463298743,0.4955707768805462,27.446968995339347,18819.900512805496,56368,ransomware
88.27917374873664,26.60173072871912,1.3787866221643479,9,0.608876366656197,50.28843526069639,7.422056031621557,0.8460371380027594,0.8764479240676342,39.29622749628821,15044.033919791664,54340,ransomware
53.56940163398427,36.177719967393756,3.855266273472223,183,0.5404389256090083,81.9094488088232,7.320356297067453,0.12771559320803622,1.9203785265361468,30.584964277926126,3659.2442626199027,23967,ransomware
52.57881972981157,30.660843099664934,2.2745030473793233,145,0.6159967928416752,68.84101241827925,7.338270819854757,1.352489850895491,0.7369872403186015,52.91816930661013,5158.3923531383625,23025,ransomware
57.45529141819642,29.61989414160447,0.7254569197578054,30,0.7126942993471522,85.70620776789839,7.858862630437626,1.4800337546338573,0.4746485893144934,48.055525840232036,6226.054521756149,27064,ransomware
85.45020107808307,55.0550895379696,2.241973773694478,136,0.7723981283987231,74.63465307095403,7.132963122638602,0.9034659472905501,1.2328113100430738,45.83648529508809,15364.279867261714,32376,ransomware
83.25209059687049,35.65019265710647,2.581467626439205,163,0.8014548870014482,98.95904600900204,7.282323933004263,1.0788088605656572,0.6066567863171852,38.21284465239517,10487.662333634169,55878,ransomware
75.34077319476388,56.282426777642584,2.3958743217480456,188,0.6396457867042569,93.94370716837096,7.216733308014284,0.5356087942172053,0.8918469271277005,44.33607785526557,13450.427129595104,20478,ransomware
57.155297480510185,54.05979096146683,2.9332909133936615,39,0.8994180178097173,61.31087034153818,7.577714519259031,1.3963871609927812,0.28956034650523454,20.11128469030135,14926.364339966334,16877,ransomware
62.129360989398116,46.514075152761485,2.953366607261872,70,0.7577569732563065,92.2782533209854,7.158823623923766,0.6165151138599649,0.5509744063949276,22.679447123349984,17391.82526029141,19437,ransomware
52.948694101858464,49.436444624454886,4.0426891324638605,97,0.8626587100409584,44.93939733145883,7.070191404925057,0.8111483372106081,1.235949940829434,59.87676373770229,15132.657114370126,7398,ransomware
67.96333431364921,35.01619355439817,3.163594498600139,165,0.6039694079295762,54.51208320000632,7.504949411389798,1.138312507667451,0.5479224965517371,52.16109757043387,11428.960089238883,10478,ransomware
77.96241188360739,50.509737617245094,2.1247564291514607,172,0.6976263584561435,54.34463850875685,7.98053620147937,0.20818009650264585,1.2313476459994317,44.437209510909526,13861.726507597903,40260,ransomware
46.91933480902507,49.61693843254274,2.6149474493689366,79,0.5853672688822584,48.3737961442774,7.524201264905612,1.3432275209568252,0.7179534630745938,26.104684249188708,2943.1243109492552,33580,ransomware
62.32730351265538,30.310350355705005,1.6923635369059686,118,0.8926401095774029,91.53851470675514,7.132571360461512,0.4999456644003394,0.6786006593622882,33.79652665276107,16677.567735238925,56612,ransomware
52.903364903185334,43.35821319493409,0.5560126660021492,183,0.6291422274131768,91.21248547302702,7.814442060758575,1.0981066853184325,0.4354524071114141,25.411243850012,5108.744048720049,27762,ransomware
71.4215432879382,56.56619890415053,4.674204532040097,145,0.7139248589655219,75.22662237608061,7.806355670224265,1.3149233391566142,0.8911316826292077,21.82757933170802,2949.5426125382814,58877,ransomware
68.22597074616175,46.71966864148294,2.0483844390780996,17,0.7150728491651164,68.05613587028395,7.983672896070122,0.5144438332884126,0.763293145195252,40.83970810996092,11956.73393622148,8872,ransomware
50.14863470153581,47.24306169807139,0.5955370739275179,197,0.7019858197938681,63.89524890862531,7.3982643313608305,1.116232726116459,1.5055049840153174,51.94373317765556,9532.414290289129,16581,ransomware
40.67776998133759,52.186198432248936,0.19802756741051086,92,0.9492988703665615,78.37646374792689,7.329120107882091,0.16074383764623684,1.2900870185521829,43.03382874939507,17807.60258992093,53223,ransomware
97.14763748148792,42.44432883184114,1.1968891319391362,168,0.9395497454365829,64.84453021795822,7.92480719042427,0.7915757567917623,1.2458392573315058,27.21083957260536,6082.66366320624,23350,ransomware
75.0849436379318,53.35374159560566,1.6464463673533103,126,0.8611325945794883,46.54575177694032,7.004884314428299,0.6584257772841151,1.7264338621459103,54.99047000566335,7328.602720040646,11149,ransomware
96.96584093931716,25.709632303956568,4.037013098588857,89,0.854298385846777,47.821654715970105,7.1942605426852495,0.44626618785796135,1.469858346023233,59.27034465383728,12164.192485087473,28756,ransomware
87.6669762842144,44.75366024611559,2.520713286554315,29,0.8142136933881103,91.36187230985908,7.89919242473048,0.3731683522220377,1.3820175875361183,34.23684014004469,12672.503006652581,26023,ransomware
